incident_key,cluster,pca_x,pca_y,severe,automation_level
0004894d4bb6897,0,-1.1778622388180033,1.5247266376051898,1,L2
0004c97b78f8dcb,1,3.839295467380729,1.7822424672462878,0,ADS
000c5f5ebb15852,0,-3.0567866762289246,0.7326899109710222,1,L2
00103fcbcf2e0dc,0,-2.9414279344279115,1.3304507970488644,1,L2
00193c057d09981,0,-1.8924139067647316,1.3717051098966202,1,L2
002f2fcba7cfe16,0,-0.9516384045108793,1.5171879367352803,1,L2
00363b910ec53c3,0,-2.1366896755672653,1.5903597185919718,1,L2
0039757e8e9088d,0,-1.6642214659567993,-4.123071388393076,1,L2
003b4cc4bc65ea3,0,-1.6712658757777594,-3.8998346354118105,1,L2
005df94ebd26d4e,1,2.7854202404185915,1.7322259068261443,1,ADS
006c46917a2f617,0,-3.7483288129159695,1.1787338860925314,1,L2
0094d46307334a0,1,3.6964405512548475,1.5838752403896406,0,ADS
00a12e9a3ecb589,1,-0.039970234091569995,-3.2541696676224583,1,L2
00c66c34c4474a1,1,3.8793361593541884,1.7430809163193663,1,ADS
00c83c31ec18572,1,0.3864399173195598,-3.39249171647092,0,L2
00cd6c799062fc0,0,-1.6422248550040615,1.6156623476267717,1,L2
00cf76dca3bcbce,1,3.7462144858009117,1.9830009778555966,0,ADS
00d37801ad28034,0,-3.380471103758723,0.3019254929095944,1,L2
00e6302320a1a7a,0,-3.8324095572534533,1.4374497554215666,1,L2
00e99ccfa906468,0,-0.9803791646064268,1.78180137622334,1,L2
00f2968c1686228,0,-3.3836979429799894,2.040516998696927,1,L2
00f3a9cace075f7,1,2.3393945749459637,1.6847858712044639,1,ADS
010fdfbd6af2798,1,2.4448166804383504,2.1217143586322873,0,ADS
011b230dd3f2ae9,1,1.6245063992293818,1.6619396086404308,1,ADS
012fba9b1f4c28c,1,2.7308334436647566,1.6089447397177503,0,ADS
01545722d4762cd,0,-2.748854288926359,-5.159443489258925,1,L2
0154ad8a3896f31,0,2.903279531373399,1.9128176384653,0,ADS
0155fdb6d17d867,0,-0.4871527705860778,1.8248653280835565,1,L2
015a78523465889,1,4.486087755635787,-3.6909635641455045,1,ADS
0162ce30f4157e1,0,-3.2877886374713317,0.7446065562404961,1,L2
0171d33e85df5db,1,2.7406137570411198,0.9409816393594598,0,ADS
01738abfa0110b0,0,-2.575602817994554,-5.168380973211031,1,L2
0189935a3c5671c,1,2.838320248150891,1.932273576506255,1,ADS
01a0825772194e1,1,3.7580875207153186,1.5226581659268459,0,ADS
01b8273b40d15a0,0,-3.9034355896743684,0.9936515065966517,1,L2
01cda0dbb43792c,0,-2.79216715665931,-5.157209118270899,1,L2
01d5c997ce294e6,0,-3.416565160202848,0.30378746873294976,1,L2
01d6cd8be0b5d87,0,-2.1659913885174014,1.5718347844989902,1,L2
01fcea472941290,1,2.854086495682754,-4.195870550221496,0,ADS
01fe1096ad10e2c,0,1.9522344826882998,1.590374528138157,0,ADS
0201737786b957f,0,-3.539284952112877,0.31011818653235784,1,L2
0204a6859d72dee,1,0.2255108205765152,-4.18254046823261,1,L2
0229e852164543d,0,3.834073012767175,-3.5619344214479445,0,ADS
0249e2bec0b13e4,0,-1.2346470383047767,1.4513516232722083,1,L2
024e0e877f8e0b4,1,2.255192109584046,-3.5493617344960824,0,ADS
02553594f851c1b,0,-0.9931044165051083,1.1415039309954407,1,L2
02585ccad97a569,0,-3.433690012729107,0.6540043404218894,1,L2
025e89c1283db48,0,-3.296543190858991,1.4433302250916094,1,L2
026455ffa911355,0,-3.2171256740643512,0.6428324854817573,1,L2
0276a086a35ee20,1,2.619917438305429,-4.148561802989544,0,ADS
027edaee5964dad,1,2.8192403643631336,2.042104015023173,0,ADS
02919351a57908a,1,-0.09019846859902361,-4.166681797722075,1,L2
02948c883897c41,0,-3.481921518676129,-4.430814293578866,1,L2
02a7bf2c7443cbc,0,-3.8685036136975794,1.4393117312449217,1,L2
02c259718abc37e,0,1.2115736503279253,-3.7077226625418103,1,L2
02cd7470daf14dd,0,-1.527028046550023,1.351262745186511,1,L2
02d673d4ba78e25,1,0.025363473714921758,1.7940003575375025,1,L2
02e58c8fa798eb0,0,-2.913614653116258,0.527393556516478,1,L2
02f03480ef1d448,1,3.978345072934703,1.7746894200707821,0,ADS
0320b157b27f6ed,1,0.09304575590215591,-4.105531575674517,1,L2
03370d8f4246bc2,1,-0.9199129497790433,1.387253960452691,1,L2
0338d6f744e8109,0,-2.211714317423796,-3.5912008649294753,1,L2
0341997aa580828,0,1.9756772746665054,-3.755502462796192,0,ADS
0348df51e94570a,1,3.7292379898898824,1.731157378948047,1,ADS
034925e7c1a3566,1,3.8793361593541884,1.7430809163193663,1,ADS
0368ea25cf26444,1,4.705239911047613,-3.7743990312164017,1,ADS
036be89379840a4,1,2.380072966844408,1.6595574891189708,1,ADS
03781d2c09e781b,0,3.7423530179685556,-3.7000946534373753,0,ADS
03859728a1209cf,1,-1.1540941939223406,-3.9201864524144105,1,L2
03a412f6f32430b,1,-2.5449117888934576,1.3242014193305796,1,L2
03ad388e6676c05,1,2.6610618142901754,2.1885763554077,0,ADS
03b95c1cf4c1985,1,3.8793361593541884,1.7430809163193663,1,ADS
03c08a8e51022ec,0,-3.3949087263363733,0.30267028323893647,1,L2
03cfb0ba12a4966,0,-3.222819335871905,0.7412549997584564,1,L2
03d5dd9340f2d40,1,3.785149780966811,1.6083727057138424,0,ADS
03d727d79ba32ec,0,-3.5714126466258094,1.0451078661820243,1,L2
03e4089907b1f94,0,-1.9933796226634972,1.0273323778979884,1,L2
03ed4804965936e,0,-0.9779161619823771,1.8064417950558547,1,L2
03eeedd7297dbee,0,-3.2171256740643512,0.6428324854817573,1,L2
03f712880e4d552,1,3.780823637059489,1.6499980692851484,0,ADS
0412f8d2d2b32e3,1,-0.07896963070566068,-4.141219271841782,1,L2
04153ecd53fcdd2,0,-3.416565160202848,0.30378746873294976,1,L2
041b2eff8e017c2,0,-3.19062191796143,0.7479805169369711,1,L2
0440e1b9933a311,1,3.7973395598410447,1.8079450784058007,0,ADS
0444203bbe1ac87,1,1.0745539353952949,-4.0698202789544125,1,ADS
04571dd36a8589e,1,2.7308334436647566,1.6089447397177503,0,ADS
045cf7934115d4b,0,-1.7754982287695995,1.3056107550230491,1,L2
0465e36fa028022,0,-3.301064179581646,0.2978291460982127,1,L2
046e04aaeb646d1,1,3.5634944697525097,2.1178353777039756,0,ADS
048558b97fa0d56,0,-3.1939440907166037,0.7397654190997723,1,L2
04887ef5bde68f4,1,-1.041945516015198,-3.962291744325135,1,L2
04a87b91cfbf9c0,1,3.995649648563992,1.6081879657855582,0,ADS
04b6102c6754afe,0,-3.6807429697515257,0.6091792842667754,1,L2
04bce80be566c1b,1,3.7678452053375224,1.7748741599990665,1,ADS
04cb4468625b8ed,0,-1.2560237689816682,-3.9299628767991193,1,L2
04cb92c45f1ef09,0,-3.5681601972681776,0.31160776719104194,1,L2
04eeb18cf84cda0,1,3.027824756914279,1.7587438151741561,1,ADS
04f0625614ddc1f,1,2.361909039334994,1.3324213498182456,1,ADS
04f2cedde6aabb4,1,3.5771965720916437,1.5777347223546032,0,ADS
04f784a11d9eae4,1,0.20182372933101428,1.7588555573757627,1,L2
0501cb93131e88d,0,-2.368026393677415,1.3420215454221538,1,L2
0502d17c497d6af,0,-2.474539459951001,-5.173594505516426,1,L2
050c4d10fce8f40,0,-0.8016570500122031,1.3954509486317952,1,L2
052b7399c28b86d,0,-0.12615124832578142,1.7821967899517746,1,L2
05355a1149f93d0,1,1.054710535113445,-3.759636431771934,1,L2
05400f054639ab4,1,3.7721713492448448,1.7332487964277603,0,ADS
055259ab5c42fb2,0,-3.5465037634017023,0.31049058169702887,1,L2
055a8164a213d2a,0,-2.411132725415968,0.8663729396288207,1,L2
055f146cb1580f7,0,-2.0479220794276807,1.2908336586051032,1,L2
056a942c8c8d3c9,1,3.8349693234734072,1.823867830817594,0,ADS
0577e2fe200d66e,0,-2.8860117034140376,-5.152367981130175,1,L2
058437b2df3105d,0,-0.6398987199561148,1.905467400054911,1,L2
0585384b4e974df,1,3.986997360749348,1.6914386929281702,0,ADS
059363eb92eeb8d,1,3.1850802163890926,1.885287280974105,0,ADS
05946fa3c681ae3,0,-2.621732942579635,0.9135408668003253,1,L2
059f3827a613e8a,0,-2.751671545778489,0.9202439797644043,1,L2
05a1bc534d1d42b,0,-2.621732942579635,0.9135408668003253,1,L2
05aad8969f5f49e,0,-2.7127602324822324,-5.161305465082281,1,L2
05abcaa30678a65,0,-2.7416354776375336,-5.159815884423597,1,L2
05b791068150f1b,0,-2.662551669489301,0.5980535337165553,1,L2
05b79323706b321,1,-0.29626072829574274,-4.022894891509009,1,L2
05eea377fd3577c,1,3.9729135322198217,1.4808480624272558,0,ADS
05f3e4e4bce07f3,0,-3.47431565051345,0.3067666300503182,1,L2
05f90519b036c38,0,-1.0847857923940207,1.5500983659089935,1,L2
05fabfc423de978,1,3.3013250153100566,1.7102845683962342,1,ADS
0620973f89f74fb,0,-2.3248825558580952,-3.871217116629006,1,L2
0624ec6715ae5a7,0,-3.439173870352201,-4.049020646935506,1,L2
063193d08c16979,1,3.783682492488466,1.8891031353600656,0,ADS
0631e46b926ae9e,0,-1.055971505057755,1.5726575651485384,1,L2
0639028a80f2286,1,0.017964296957846376,-3.669837896671139,1,L2
063cae674ae2b58,0,-0.38828608003687076,1.8917995357161597,1,L2
0645322596f5446,0,-3.322720613448122,0.298946331592226,1,L2
0646172295c7aa5,0,-3.26535854334965,1.5233943460374493,1,L2
0647db76b221377,1,3.8398845872624845,1.516908205266989,0,ADS
064a67294d8165f,0,-2.368675472165898,1.3418630840954078,1,L2
067e0992aff4225,1,0.044506748577883115,1.7473044151691144,1,L2
068ce526db856cc,1,3.969692785120059,1.8579401472133943,0,ADS
06927e2a41899c5,0,-2.6694473647492813,-5.163539836070307,1,L2
06aa4b33527563c,0,-3.272188934426345,0.2963395654395284,1,L2
06b540225fae953,1,3.3932270185877713,1.7304521206284191,0,ADS
06cc2ae535c676f,1,0.06867634144787299,1.7917659865494762,1,L2
06d315f5d5b5e61,0,4.205377628649746,-3.6696821431071043,1,ADS
06f340af9120042,0,-0.6640683128261045,1.8610058286745494,1,L2
06f87c34e2fe4c0,1,2.5883197745622626,1.991891179760743,0,ADS
06ff682dcc0aa80,1,-0.20778782606285914,-3.9578652317615135,1,L2
071db3d5b3a5955,0,-0.3066824883654477,1.81555544896678,1,L2
07213bfb9b1eeb2,0,-3.520880967604033,1.042501100029327,1,L2
0731be2bcb8ffde,1,3.579343373786875,1.5125657117720062,1,ADS
073aed06cadfa99,0,-2.6477909308828056,-5.16465702156432,1,L2
073f741bd17fb92,1,3.8220073679571653,1.8609226933364367,0,ADS
0744f69d86405c7,1,3.4271490178665722,-4.313309569055869,0,ADS
074d5604bd1f801,0,-3.539284952112877,0.31011818653235784,1,L2
075ba3c0b6ebb2a,1,4.424992699288696,-3.5369912882783816,0,ADS
0785569a15960a6,1,3.947480516466811,1.388998173382012,0,ADS
0785e3e49e6df60,1,3.8182916437470436,1.5561002267896176,0,ADS
078bbba609474d8,1,2.6366470652773795,1.4742365291122264,1,ADS
078e8b727cd7d4e,0,-3.5248473295352265,0.30937339620301557,1,L2
07949a4fab0d337,1,2.9467530536366366,1.998153787508419,0,ADS
079534a8115e10a,0,0.9115923608815542,-3.71828938183526,1,L2
07980af30e8aa0f,0,-2.122252052989615,1.5896149282626297,1,L2
07a39da372f5123,1,3.8582018311033934,1.8897333908930944,0,ADS
07a42d54585b494,0,-0.2649869672393889,1.6216264922979216,1,L2
07b8c8e2fd32e4b,0,-1.4941028126559006,-4.100461924863323,1,L2
07bb2ce18fb1861,1,2.7831496516422294,2.0342225822661546,0,ADS
07dd31c59257efb,1,4.582467309975791,-4.2435110839032335,0,ADS
07df46993d3d218,1,3.3760262872018223,1.7521393736238984,1,ADS
07df51576babced,1,-0.261367871134402,-3.2602778546536437,1,L2
07e1909228a3709,0,-2.9437621937246408,-5.149388819812807,1,L2
07e6b36cfd6f34f,0,-2.188521226219596,1.5099005109803962,1,L2
07e810793e23a5b,1,3.892139451492006,1.670478614484573,0,ADS
08146d9a696b8b3,0,-2.4990131506696063,0.9072101490009172,1,L2
083988c1ea33958,1,2.7188111148013867,1.4799930209427143,1,ADS
0840f6bd96c46ca,1,1.6385512201798271,1.500764599506807,0,ADS
0854cad253fe51e,1,2.028200349625466,1.5576197961037204,1,ADS
087c54ea8c52d39,0,-2.194440165877867,1.5933388799093404,1,L2
087f8a64676c1d8,0,-1.6649903242522008,1.531351533316829,1,L2
0899b0a38f084ba,1,3.122608807560711,1.9319054758979246,1,ADS
08ac94e653876bc,0,-0.8286945264742445,1.9385644206593233,1,L2
08b6e740982f26f,1,-0.6902521333965859,1.3957323111144941,1,L2
08ca8ea48ae36cd,0,-2.6477909308828056,-5.16465702156432,1,L2
08d42370d97a6e2,0,-1.3279241280718146,1.5427696024655755,1,L2
08f2facfc20c80b,1,4.418927533009674,-4.101248874014601,0,ADS
0905c27fe7c70ca,0,-1.6377646948514346,1.4547533118191691,1,L2
09074be853573e8,0,-3.593069080492285,1.0462250516760374,1,L2
090cb98f8f58358,1,3.778402828214156,-3.981920939038971,1,ADS
090cd2669682cdc,0,0.13455260524158957,1.356421807783676,1,L2
090f9ef63da3e2b,1,3.4663805695923107,-4.023394438712045,1,ADS
091301476ab8ada,1,3.926334019771979,-3.7299925752235445,0,ADS
0916517d5485c94,0,-1.8438475522845383,-4.736874507750847,1,L2
09192db2d561404,0,0.42590959724575406,1.6918390813121973,1,L2
091ca46afdcdc6b,0,-2.0118280229835546,1.2889716827817481,1,L2
092cb5247f6b60a,0,-2.9221057598581646,-5.15050600530682,1,L2
093aec1cc60c75d,1,3.116541001039977,2.0841139799152244,0,ADS
09469caf5d9c17e,0,-1.7071308330188844,1.4231249988973127,1,L2
09491993b531b44,0,-3.301064179581646,0.2978291460982127,1,L2
095020482669c02,0,0.5000665681909799,-3.805908416360786,1,L2
09531ba31a1bd07,1,4.558350251493099,-3.9383987825776545,1,ADS
095c0af6c1903f6,0,-1.3946488307288412,-4.171652509057428,1,L2
095ed0d330a4a69,0,-2.8879481926452444,0.5521112920674278,1,L2
096969d05839150,0,-3.013473808495974,0.7304555399829958,1,L2
096cbe73d238396,0,-0.16475846377342154,1.738480008900755,1,L2
0970db815c69f65,0,-2.6722646216014114,0.9161476329530226,1,L2
098610196e0335e,1,0.8679075738274373,-3.726010379014879,1,L2
09864e0a8be778f,0,-3.5031908956687507,0.3082562107090025,1,L2
09896cc44540d29,0,0.4211429871414077,1.7618390132494721,1,L2
09904a03b2631e9,1,4.619034289604915,-3.8786098368026107,1,ADS
099872341bcede6,0,-4.002902247800051,0.276464985317375,1,L2
09a6538cda878d8,1,0.853312803373625,1.5570675916503072,1,L2
09b6743ce996a24,0,-3.6980988004670317,0.31831088015512105,1,L2
09bb39587235f03,0,-3.0378174723110574,1.0810448068366056,1,L2
09bd565608862e0,1,0.5926403836019277,1.5405905009124525,1,L2
09cbebc1497ed36,0,-0.6556985892325723,1.7878516599966163,1,L2
09d67cf970a314a,1,3.5808542049371606,1.6064004843172444,0,ADS
09da98d121ebd94,1,-0.8860615429961785,1.4559835555008962,1,L2
09e260ff04fde7e,1,3.6812803260324634,1.5578234021182775,0,ADS
09f9f235603a80e,1,0.6240287877607426,1.584679677128143,1,L2
0a06c110596fb66,0,-3.3588146698922476,0.3008083074155811,1,L2
0a0ce89450005f8,0,-1.2638241807280366,1.248740936018626,1,L2
0a13e468fe82e15,1,4.709566054954935,-3.816024394787707,0,ADS
0a1decfeac5ba7c,0,-1.8864373002219912,1.6384280511106246,1,L2
0a2b2e77acb770d,0,-2.630278759553478,0.7845944820335772,1,L2
0a39c04c0350356,1,3.7316507421912943,1.7460634624424087,0,ADS
0a48c42029ea0af,0,-2.11503324170079,1.5892425330979587,1,L2
0a8ab61db2d081b,1,-0.8924590516643545,1.528575497594742,1,L2
0a9d07327046ede,0,-1.418043624598132,1.6684840107497623,1,L2
0aae415c3555b99,0,-2.8820453414828457,-4.419240277303863,1,L2
0ab0e26462d346b,1,2.8911960300406236,-4.081909178815121,1,ADS
0ab346be8d1f1ca,0,-1.5483857284678533,-3.868774892588521,1,L2
0ac08781d984b96,0,-2.0943087447744393,-4.943657699933489,1,L2
0ac98a849a496e7,0,-3.6519392750328232,1.42813987630479,1,L2
0ad9a7a129a9653,0,-2.5972592518610296,-5.167263787717018,1,L2
0ae63aab61427f9,0,-2.691103798615757,-5.162422650576294,1,L2
0aede111f221c1f,0,-2.6044780631498545,-5.166891392552347,1,L2
0af5ed944abe6b7,1,4.633612143032588,-3.9759286871257538,0,ADS
0afbe0209c6ceb2,1,1.6562610185169695,1.53694698911636,1,ADS
0b01b063261158e,1,2.691689740784226,2.02617459105553,0,ADS
0b0421c9da77c11,0,-1.0024134458427096,-4.61495077701366,1,L2
0b0b5b73819d9eb,0,1.7854328369136052,1.7920273252029335,1,ADS
0b18a507fa15dc4,1,2.4997365197287778,-3.8896426959532437,1,ADS
0b237e7dc3aa33d,0,-2.5395087615504277,-5.170242949034386,1,L2
0b25422ecbffd30,0,-2.5171955968716073,1.785282062324247,1,L2
0b3397956e35406,1,3.438289563775361,1.7351488470775633,1,ADS
0b3719775168825,0,-2.5396387884539493,0.5599724386293465,1,L2
0b3b56ff3efd34f,0,-2.180002543300217,1.5925940895799982,1,L2
0b3ca1927d60743,1,3.86092618691734,1.574115649389758,0,ADS
0b3ca9d92ded81f,0,-3.64034831015643,0.31533171883775263,1,L2
0b428e30ab8e55b,0,-0.2946970669722762,1.7451831218648342,1,L2
0b4e6f2553687ed,0,-2.568384006705729,-5.168753368375702,1,L2
0b53c07a7e98af2,1,3.892139451492006,1.670478614484573,0,ADS
0b5712e5a741817,0,-0.6194766451910775,1.8645337668734994,1,L2
0b7b3ff1a94bace,1,3.780823637059489,1.6499980692851484,0,ADS
0b7d360b7336f37,0,-1.3729113268261632,1.5115662615979004,1,L2
0b7f1cdc21d7b11,0,-2.165503962903531,1.5678005193524271,1,L2
0b9165a1055309c,0,-0.8639428360526938,1.78834595540411,1,L2
0b944212c10e71a,1,1.081874840436514,1.5794873249653651,1,L2
0b95486b6cfaa05,0,-4.256222550261912,2.1431554952120777,1,L2
0b9e6fdfdb3821e,1,2.254293263601589,-3.8787466424367225,1,ADS
0ba78e8d642badc,0,-3.2505325005598693,0.2952223799455153,1,L2
0baa19c3c4de7ed,1,3.0840273064429358,2.0951983272094235,0,ADS
0bb88b017273830,0,0.3724986015032842,1.2449340382666054,0,ADS
0bbd9f4a21e80a6,1,2.904188931694577,2.026625138836546,0,ADS
0bd8e02a9c68348,0,-3.5031908956687507,0.3082562107090025,1,L2
0bdabfb53025c8a,1,4.454699351476973,-3.735052740361195,0,ADS
0bdcd0947a69992,1,1.1434186489325866,2.04743451673021,0,ADS
0bdf72aa87f2820,0,-1.4878257177227765,1.6111057991143327,1,L2
0beda96ff956725,1,3.114749619216108,-3.645787251695219,0,ADS
0befe1f5f5b0b5c,0,-2.527888395824907,0.9086997296596016,1,L2
0c03dd2822cb12a,1,0.3265741786200682,-4.187754000538005,1,L2
0c245b93719a23b,0,-1.291623631856828,1.3563125155795774,1,L2
0c2d1a810a14bd5,0,-3.0423490536512743,0.7319451206416799,1,L2
0c4773c170783f1,0,-2.8934412465345543,1.0735969035431845,1,L2
0c5b0c252443137,0,-3.5303100131535334,1.048881186280308,1,L2
0c5c84a13b2a281,1,3.867649876526418,1.639500366266186,0,ADS
0c6ef81369bcaed,0,-2.6665616960938383,0.5722186126715922,1,L2
0c7e3f0ce19fb32,1,3.7678452053375224,1.7748741599990665,1,ADS
0c866e73de5d9aa,0,-0.5896994749284713,-3.9576230190287114,1,L2
0c894593098a294,0,-3.7963155008093272,1.4355877795982113,1,L2
0c8da6d17337ae5,1,3.2171489799962125,1.8552782656731919,0,ADS
0c9a90bc73ade6f,1,3.648155829044863,1.8495555037979032,0,ADS
0c9b506f3a72635,0,-2.7300151119120133,0.919126794270391,1,L2
0cb307e3099fa7e,1,3.8230111307281787,1.54566750777563,0,ADS
0cc12230f0d8e74,1,3.8793361593541884,1.7430809163193663,1,ADS
0cc9d9a746d8ae5,1,3.7678452053375224,1.7748741599990665,0,ADS
0ce3a86182c471c,1,0.16252088820260072,1.7869248494087522,1,L2
0ced4d3e6a3e263,0,-1.8112917582114154,0.8295207680620018,1,L2
0cffa6c59a95c35,0,-0.6545275933180188,-3.9310564170932625,1,L2
0d0674857716a10,0,-3.020692619784799,0.7308279351476669,1,L2
0d0ae62c0bf671d,1,3.995649648563992,1.6081879657855582,0,ADS
0d0de93162edd74,0,0.8225813540095049,-3.680855314033343,1,L2
0d110b6662231c6,0,-3.1613617739655484,0.545000765322445,1,L2
0d12e8b70ddd7cc,0,-2.0864927534132316,1.3274981339999823,1,L2
0d1a06493f0a3fa,1,3.3647894344672324,1.6091626098604424,1,ADS
0d1fd967abc7d95,0,-1.3239969944112802,1.3172649097643707,1,L2
0d228d5bcb790d2,1,3.6629677775930043,1.7033417633205687,0,ADS
0d2954a0b45051c,1,3.7825296968542506,-3.596825363524497,1,ADS
0d29c55f0f7596b,0,-2.0567313420314726,0.842182203660818,1,L2
0d300a426ad3ee5,0,-2.0852767939658334,1.5381104493288846,1,L2
0d3092a8f49cdcf,1,3.7678452053375224,1.7748741599990665,1,ADS
0d5765a015471d4,0,-3.6070130340975104,1.4833919970706941,1,L2
0d5ca89e842c2f1,1,3.090745878439111,1.5011135872077854,0,ADS
0d62c96d636e7c9,0,-3.6141602949497376,0.6633142195386659,1,L2
0d6a0d69eeeab6d,0,-3.0303879291905433,-5.144920077836754,1,L2
0d70767200e85b8,0,-0.6410721212385183,1.8416021724692837,1,L2
0d76f1116bc1065,1,3.856600043010018,1.6157410129610639,0,ADS
0d793f16e8354d9,1,3.603792210749273,1.6192705928516695,0,ADS
0d7985898055083,1,3.8495036456736202,-3.6171829753892593,0,ADS
0d8a47563f9f20d,0,2.374285504603157,1.7524865311041238,0,ADS
0d9f55a3ea5cfb5,0,-3.5031908956687507,0.3082562107090025,1,L2
0da2c6d7af548f5,0,-3.606009865734855,0.8597024599730467,1,L2
0da8ca3b0e044bd,0,-2.2332749989533442,1.3960482005755437,1,L2
0da91250b1eab06,0,-0.8724748426438554,-4.621653889977739,1,L2
0db909c46b6a393,0,-3.9984422168964335,1.4460148442090008,1,L2
0dc79525eecc923,1,1.798258805289054,1.695507203058933,1,ADS
0dd044a86e4683a,0,-0.12426436482283801,-4.043511985692236,1,L2
0de5ce6513cc367,0,-2.3780397070821113,1.2016056421554262,1,L2
0de678124c2f3b5,1,2.8772654028192024,-4.172355652711686,1,ADS
0df23a575e9e4fc,1,2.563184614111192,1.949999372041668,0,ADS
0df7386b2e121f4,1,2.718969654865168,1.3112028410024381,0,ADS
0df803df1b20d3b,0,-0.4506317130047358,-4.197155824864242,1,L2
0dfac0be21c8da4,1,2.974251099815139,1.8546171653853165,0,ADS
0dfaccfa687be3d,0,-1.428274065421132,1.2600680381813434,1,L2
0e025585a1f8fe8,1,-0.6727654540159832,1.918446759525301,1,L2
0e0825896087aba,0,-1.7754982287695995,1.3056107550230491,1,L2
0e0a5572bcb3b2d,1,4.597578709652454,-3.7227568078252053,1,ADS
0e1f61b6f178c25,1,-1.8892268837111637,1.4983413579039615,1,L2
0e31d7d502710aa,1,-0.9604902166058709,1.5491512349622993,1,L2
0e3627b7b74b526,1,1.18419167239973,-3.9095496851135643,1,L2
0e46cead36f5a85,1,3.2413185728662017,1.8997398370535534,1,ADS
0e480914ed926d9,0,-2.8426988356810865,-5.154602352118202,1,L2
0e6365006633bea,1,3.754225622393073,-3.5294635062705937,1,ADS
0e669b99cadaeaf,0,-1.4457436918254354,1.6689732248347682,1,L2
0e857f04e0ad004,1,3.959935100497855,1.6057241531411737,0,ADS
0e9dcc00c73307d,0,-1.8723344345120831,1.3774284423419905,1,L2
0e9f6e352bb1255,1,2.1977260173032724,1.7270532061048012,0,ADS
0ea1ec98f503cf2,1,-1.0883177615972726,0.8955307847080365,1,L2
0ea292ae35cf3cd,1,3.9472840991443374,1.835793901022493,0,ADS
0eb2166ea114d70,0,-3.121755977828352,0.7360414674530616,1,L2
0eb6edd84e92986,0,-1.9778758272131107,1.5821670249692086,1,L2
0edea2f71d88716,0,-2.1922399335292666,1.9009733979644232,1,L2
0f07710b9ce3333,1,3.3923576222631993,-4.0854990375278755,0,ADS
0f0e2002f273d57,0,-3.0303879291905433,-5.144920077836754,1,L2
0f177736731c7b2,1,2.7265072997574347,1.6505701032890563,0,ADS
0f204a37a664e35,1,3.6323624974823003,1.3485280701311668,0,ADS
0f38605821106e8,1,3.3007769900975212,-3.5564524811970983,0,ADS
0f44449a1c7d6f4,0,0.11569528769736706,1.8736761300018834,1,L2
0f4b2c30b2b9d2a,1,3.6963801154976754,-3.9175128458954136,0,ADS
0f727e73232e26f,0,-1.7973445871734444,1.548808365954203,1,L2
0f85faa2481b20d,0,-1.167769399712634,1.2378921077915925,1,L2
0f89c2d92cf7c08,0,-2.802073197896744,-4.80736464174663,1,L2
0f920297cd173cf,1,3.6604767921491863,-4.53806429349962,1,ADS
0fa98029f8f1cef,1,2.5184639035025516,2.180270883978288,0,ADS
0fab32ab3e6ced6,0,-3.6647635244081123,1.4863711583880626,1,L2
0fb5221ce3710f2,0,-3.8612132519721563,0.6184891633835519,1,L2
0fb7826a1dd6243,0,-3.02492472992427,-4.599059756042775,1,L2
0fba897f9e1bb94,0,-3.322720613448122,0.298946331592226,1,L2
0fba9461538a6f1,0,-3.1002618093712453,1.4228246850168713,1,L2
0fe26bd928ba30d,0,-3.5492625437869085,1.4804128357533255,1,L2
0fee2e534adc40f,0,-9.84130720725729,0.6352191652901944,1,L2
100be7e36c21998,1,3.8613904325024166,-3.519631386378988,0,ADS
1016e5c64e50462,1,3.199665399989961,2.0200765473832467,0,ADS
1029a5425df2d3f,0,-2.9437621937246408,-5.149388819812807,1,L2
102e68fad6b24e5,0,-0.7734571951671567,1.89000650246758,1,L2
103598743148fd0,0,-2.561295222320425,0.5610896241233598,1,L2
103b9579e6c4a19,1,4.726870630584224,-3.9825258490729296,0,ADS
1066606e83871db,1,-0.10382124463128281,1.8344374818411457,1,L2
107615b2f60ddf7,0,-1.6888216429985639,1.873110844471776,1,L2
1080f6300aa69d6,1,0.5836010544663116,1.5486979822425446,1,L2
109953a8d0e9e19,0,-3.1939440907166037,0.7397654190997723,1,L2
10a98338c1881ae,1,-2.1567062572805886,1.0495364367497182,1,L2
10b2e7654714029,0,-3.445440405358149,0.3052770493916341,1,L2
10b4941ca4dba72,0,-1.6398578409942164,-4.601172700784109,1,L2
10edbc5657e4d74,1,0.1102218322375478,1.6931051236449262,1,L2
10f72ba4931873e,1,2.766629429094894,2.0463493588030337,1,ADS
110a747925e391c,0,-3.5320661408240515,0.3097457913676868,1,L2
111387abfbf94cc,0,-1.0196405250600793,1.4839723840597172,1,L2
1116b230ef5ffab,0,-0.7092985694189274,1.365366529380394,1,L2
1116f21b046f906,0,3.263035964551713,1.8745738716613114,1,ADS
1126ea005cf0e46,0,-3.861284802408754,1.4389393360802507,1,L2
112c82a378bbe3f,0,3.002192623130979,1.8435958429275432,1,ADS
1133293c787a8f2,1,3.869594950937709,1.4030436940520707,0,ADS
113c8c3454eb06d,0,-1.1672255355208712,1.5176276035627725,1,L2
114be9ea321662b,1,3.744614085435669,-4.648314188890402,1,ADS
115184d2eb06b32,0,-3.8107531233869776,1.4363325699275533,1,L2
115c71688f3f627,0,-3.692476689096076,1.0403385385751214,1,L2
115cde393928b06,0,0.03949714820457756,1.851565160603631,1,L2
1173837c1e87513,0,-2.6044780631498545,-5.166891392552347,1,L2
1178b9180aca868,1,2.4939148829343076,2.2019859244575315,0,ADS
11805d53a2b31fb,0,-2.4892493482523625,1.1610848811892285,1,L2
1181e7ed62f030b,0,-3.4526592166469743,0.3056494445563051,1,L2
11907705768898a,1,3.9193688854837734,1.8021694315180266,0,ADS
119369562671056,0,-3.008942227155757,1.0795552261779215,1,L2
119e5db77389eb2,0,-4.045544015054074,0.8075820506545601,1,L2
11a005287474baf,0,3.7535184647867137,-3.7377666237056135,0,ADS
11ae5a1331e95b6,0,-3.615845218588697,1.4262779004814345,1,L2
11b1d6ea16682dc,1,3.137046430138361,1.9311606855685826,0,ADS
11b3e875b9a9ff2,0,-3.135751890385067,-4.847720955925691,1,L2
11b8aa6084e4f09,0,-2.9888991664916436,1.0209515489299783,1,L2
11c241f1d0885b6,1,-0.039786193352755544,-3.66685873535377,1,L2
11ca65630051868,0,-0.7979619413774286,1.4719523001744002,1,L2
11e581134e866ce,0,-1.8836982581408255,1.1840653326996158,1,L2
11e9a791b2b6ea6,0,2.018082439466899,1.9440106385273979,0,ADS
120162186b3f822,0,2.478092501101327,1.7477638227183898,0,ADS
120d9997e5d8b67,0,-3.322720613448122,0.298946331592226,1,L2
122fc199988253b,1,3.2645966884567197,1.7819747847668495,1,ADS
1235b37f6974e7b,0,-3.615845218588697,1.4262779004814345,1,L2
123dd9d084ffdcb,0,-2.9336251742979607,-4.858148020536481,1,L2
1247cf7e78f61f6,0,1.7662381898917796,1.7280755374234766,0,ADS
1253e75e616baae,1,4.526738733401935,-3.9930186950932716,1,ADS
1255ba62145d6e6,1,3.336495919239075,1.8378201409151513,0,ADS
1257d3a2d426584,0,-2.958410548133981,1.0769484600252242,1,L2
125ee94589347cf,1,3.5698067378084297,1.8290762685533783,0,ADS
12786a294849d80,1,0.47165827397621285,-3.993514641585198,1,L2
1285cfb40424905,0,-3.318260582544502,1.4684961904838516,1,L2
128f2f64d726c40,0,-0.9681841916900373,1.8516481567655583,1,L2
1299584673dc0b5,1,2.1663623347815673,-4.0235759437867475,0,L2
12aeec5e11b9c96,0,-2.6405721195939806,-5.165029416728991,1,L2
12bf01da57630d0,1,2.0822545690209084,-3.726218289262508,0,ADS
12cf8b6660b49bc,1,3.867649876526418,1.639500366266186,0,ADS
12d425074cb2426,0,-2.4436686801226126,0.9653331509656887,1,L2
12d49575298d815,0,-2.9701609407630234,0.7282211689949692,1,L2
12d891e2afb7388,0,-3.491512053476307,1.477433674435957,1,L2
12dbedf53a37359,0,-2.010513946623015,1.4759502130311049,1,L2
12fc634860bbfd4,0,0.4861122887408346,1.7584874567674325,1,L2
1303e3593d13604,1,3.109200627455257,1.8828993030063417,0,ADS
131fa5acd587dbf,0,-0.9225390732289724,1.943405557800047,1,L2
1329aeff09865a0,0,-4.165857787200494,0.752810605171828,1,L2
1340984e854a26a,0,-0.2561508093436709,1.8129486828140826,1,L2
1348f20bffe6753,1,2.838353044858761,1.8821883448786052,1,ADS
137fb699430913c,1,2.687275748031696,1.3606549729452324,0,ADS
139935829f21dda,1,4.198540980227928,-3.7451191990357025,1,ADS
13a34b12a2a3813,0,-0.8937914741664361,1.8786847831309998,1,L2
13a846d01ffe0a9,0,-2.4960856788317325,0.9533168374371811,1,L2
13ed34314ee21fc,0,-3.614231845386336,1.4837643922353652,1,L2
13fecc832d51208,0,-3.2823254382050577,1.290466878034474,1,L2
13ffbc55b17f2d9,0,-2.9208334644050833,0.527765951681149,1,L2
140d6051398b745,0,-1.8407184127254317,1.5750915168404582,1,L2
14278e0aaf169dd,0,-2.698322609904582,-5.162050255411622,1,L2
1436cd07e601213,1,3.935200227114711,-3.640003204818389,0,ADS
1443aa6ff9af76f,0,-1.9816767464936262,1.5758127812561333,1,L2
144aafaa4aadcdc,1,1.8138130620020352,-4.0582039518456465,0,L2
144c52c5ef2a2ee,1,3.245458069056631,1.8291026736839786,1,ADS
1459efa140d66de,1,4.37546287363477,-4.086166219326188,1,ADS
14642a8ccaa2293,1,3.764645203524959,-3.673557455528063,0,ADS
146f2c9e55ff469,0,-2.691103798615757,-5.162422650576294,1,L2
1473249705f35b0,1,0.6142968174684034,1.5394733154184395,1,L2
147a3cba2a90e11,0,-3.789096689520502,1.4352153844335402,1,L2
147b9b7ddca1955,0,-3.3238826939154578,0.7464685320638514,1,L2
1484d3efaec56ed,0,-2.5828216292833788,-5.16800857804636,1,L2
148d445c263014a,0,-4.004498947717921,0.9988650389020465,1,L2
149d0b37c04df22,0,-2.0933768078343142,1.5881253476039454,1,L2
149e02a12464f84,1,3.542735941646118,1.56212712084855,0,ADS
14a3c2c38439ab0,0,-1.961240882591971,-4.549317696026877,1,L2
14d05372b2d0939,0,-3.387689915047548,0.30229788807426544,1,L2
14d3b0e6909827c,1,2.2470744523127637,-3.8783742472720513,0,ADS
14fcf294e94d24e,0,-3.2171256740643512,0.6428324854817573,1,L2
1505e6e5809bf4a,0,-3.481534461802275,0.3071390252149892,1,L2
1529eb548cf12b0,0,-0.7390737060698284,-3.8169047389330375,1,L2
15337821f629614,0,-2.113971826662101,1.16930201512123,1,L2
15359bc5f61a583,0,-3.933807672164749,1.1824084692876693,1,L2
1549a2b0df99682,0,-2.2449718448996436,1.5959456460620378,1,L2
1554418482f70b1,1,3.9131566577650325,1.7345264711547945,0,ADS
155ece931b14458,0,-3.0499549218139532,-4.005635802987504,1,L2
15605a8379691d0,1,-2.2707542838978,1.1218929998980358,1,L2
1571c82db08919c,0,-1.0309108436282033,1.7844081423760374,1,L2
1576ff77754084e,0,-0.9031840252945378,1.4596689494873745,1,L2
157c3bf1bb69649,1,3.8793361593541884,1.7430809163193663,1,ADS
157d62129337917,0,-2.3790511697229104,-4.9029269723016835,1,L2
1582044c0ac6e04,1,3.839295467380729,1.7822424672462878,0,ADS
158a385a71f19fd,0,-3.390942364405179,1.0357979870652478,1,L2
159c49a535753c7,0,-3.1602757923401272,1.5145651422038446,1,L2
15a0aa27e76139f,1,3.9564047141989134,1.4803672192281834,0,ADS
15b0391a7a38027,0,-2.6780395644101214,1.5942405760440725,1,L2
15be1ee3451c882,0,-2.951423933936621,1.0673435273630696,1,L2
15c476bb8cd8849,0,-3.71690857663225,1.4314914327868296,1,L2
15cb5b781820fcc,1,4.5834948811229275,-3.9333474383261207,0,ADS
15dcde789396145,0,-1.4442944629486667,1.2580508151354026,1,L2
15dd24b809d0a9d,0,-3.0017234158669317,1.0791828310132505,1,L2
15e150e3f8f22d0,1,2.3539588553393527,1.077219870279642,0,ADS
15e97714d458205,0,-2.4649056844372788,0.8104956143356181,1,L2
15f428b3880dfaf,0,-2.1912822314987124,0.9951627322749269,1,L2
160790cf903f7db,0,-3.2516945810272055,0.7427445804171408,1,L2
1624226542e9505,0,-1.7143496443077095,1.4234973940619837,1,L2
16261e64b50feb6,1,3.7234783694567413,1.855661074497294,0,ADS
16391e870a1d9a5,0,-1.3832265914104873,1.595994131580125,1,L2
16400bf0a8ce022,1,0.16252088820260072,1.7869248494087522,1,L2
165bac987eed623,1,4.22467647118625,-4.0847716200043624,0,ADS
16727ae80e39d98,1,3.3709455672568622,-3.479054125672321,1,ADS
1677725f78707ac,0,-3.1939440907166037,0.7397654190997723,1,L2
167c0e19aa7af30,1,3.2326405707216925,1.7759809318336488,0,ADS
16835e3fd4b2213,1,4.602223738873773,-4.020017863341445,0,ADS
16840d4ca2e3c89,1,-2.3406286676857766,1.6555724764800082,1,L2
16875e63d14040b,1,-1.2186905836332786,-4.4536804585446195,1,L2
169ea7551646c8c,0,-3.5620941144154945,0.7357558429878726,1,L2
16b0d59245d4c64,0,-3.416565160202848,0.30378746873294976,1,L2
16bc5d008489b40,1,3.8424730395830182,-3.6505801150393373,1,ADS
16d627d64b5d544,1,0.2727032875169502,1.702466443816706,0,L2
16eb59076e0f085,1,3.8758950832342514,1.723570945998289,0,ADS
16f2f65d89f0064,1,4.4904138995431095,-3.7325889277168107,0,ADS
17099af480eafa4,1,0.9561603360734059,-3.7088441425921648,1,L2
17286859b736579,0,-2.676808414858297,-4.559448232193056,1,L2
173f6945ad096da,0,-0.4845968298266029,1.945505387855041,1,L2
174b383724b7dbb,1,3.091220403401896,1.887816299682234,1,ADS
1760af8f89bba3e,1,3.960262530866304,1.7109178103085751,0,ADS
17a0138cad77b88,1,3.867649876526418,1.639500366266186,0,ADS
17ac3decfeab82b,0,1.2228291193526104,-3.8158786798640825,1,L2
17b600ed8d11a5f,0,-3.3134842026078184,1.4648989489080066,1,L2
17c618d238f493f,1,1.7861455584791561,2.113099625283829,1,ADS
17c86d48468d307,1,3.5691830594906957,1.9522735014221178,0,ADS
17d73db5ea70ea8,0,-3.1535506500237274,1.0777705919738592,1,L2
17f0b71c3e40d20,0,-2.6333533083051552,-5.165401811893663,1,L2
17f7075fd502f19,0,2.552742344333363,1.3755993632210204,0,ADS
17f8b389d75573c,0,-2.3557990053604403,1.3472844461791214,1,L2
18072fb0213f2ae,1,3.462550816970803,-4.04324341842354,0,ADS
182efd0e7948c2d,1,3.0457189071799617,2.0355575410379756,0,ADS
182f8a21374ebf7,0,-2.8426988356810865,-5.154602352118202,1,L2
1837e0fc7aba4c6,0,-2.6405721195939806,-5.165029416728991,1,L2
183c32f7025d49e,0,-2.2924832716552546,0.8558197757262691,1,L2
1856b0e9c61d103,1,3.847947755195374,1.6989917401036758,0,ADS
185c2e8c15d0722,1,2.6158278860002175,-3.7471462909541824,0,ADS
185d2ade91f6259,1,-3.7737575621415402,1.3842740191639145,1,L2
186d55dde9ec1e1,0,-2.632696577492811,1.791240384958984,1,L2
1870d17d5f0663e,0,-1.3771960638038767,-4.620791546904744,1,L2
188a9149e534fe8,0,2.294654893755639,1.8336631024336707,0,ADS
188f8b0047a1317,0,-0.03779477240400367,1.721838742533089,1,L2
18a2469ec1e6c36,1,2.7929419177273607,1.3834080109392495,0,ADS
18a593a7df9dace,1,2.82520657413877,1.1797295883413432,0,ADS
18b6569f303f7e1,1,1.4726689803344724,2.1726741825867393,0,ADS
18b6892114e1f23,0,-3.6620047440229055,0.3164489043317659,1,L2
18dafa9382f35cd,0,-0.27780724321014666,1.8140658683080957,1,L2
18e86baf086661c,1,4.601904853559776,-3.7643821713965107,0,ADS
18efce70cbf4be1,0,-3.027911431073624,0.7312003303123379,1,L2
18f3ee15daec65f,0,-1.885926100801403,-4.042622562378451,1,L2
19118d8ffc20fc4,0,-1.9526337404235456,1.6316753397076276,1,L2
191bbc2d74c32d0,1,3.844927142821588,1.3500660791214345,0,ADS
192521d01c49ce2,1,3.1110066795948397,1.8498171518770243,0,ADS
19284fe3327827b,1,1.8140172941924142,1.447460762346445,0,ADS
192e2db5a1cc9e0,0,-0.5399420749212359,1.9236686140724808,1,L2
19375032552cb55,0,-3.575379008557003,0.3119801623557132,1,L2
1938b649ef9a66a,1,3.9556089565905332,1.6473495167124796,0,ADS
193dd663cd48059,0,-2.650478160831414,-4.815184940204722,1,L2
1942e9678e2dd84,0,-2.4678742272323015,1.232281700341113,1,L2
1943991c8c4e1e9,1,3.209305832429289,1.6094523115450587,0,ADS
194ef6a5b3c3a9d,1,4.000771550079695,1.399580304729956,0,ADS
1965210f231ec56,0,-3.3299394247369465,0.299318726756897,1,L2
196d641e3166caa,0,-1.5102291843633815,1.4118484067573485,1,L2
197d44fcead254c,1,3.8219908917514407,1.9487439215315119,0,ADS
197ec69939516db,1,3.109998134825413,1.7454332625510591,0,ADS
19817d09a00fa8f,1,3.440410651140727,1.4629702041324495,0,ADS
1982179863f7b6a,0,-2.2130185100799302,-4.911492061089118,1,L2
1988e25397f633d,1,3.5580629290376278,1.8239940200604492,1,ADS
198ede2a0f0bc8c,1,3.656398272031001,1.6521275903057226,1,ADS
19a51639e962c66,1,3.8793361593541884,1.7430809163193663,1,ADS
19a716eeeeaa926,1,4.597578709652454,-3.7227568078252053,1,ADS
19ab715fdd203b2,1,3.0744642056124416,1.7400535311860306,0,ADS
19b3e103282a660,0,1.6365537264736494,1.7871311569585184,0,ADS
19bef0b9be25744,1,3.835778463721128,1.4947911495468487,0,ADS
19ea7fdc001cfc3,0,-1.1107824424316228,1.5933802146474825,1,L2
19edbf1b3af4be3,0,-2.6261344970163303,-5.165774207058333,1,L2
1a07471e75b3200,1,-0.020462553021543622,1.750655971651154,1,L2
1a0b2663cf0a758,0,-2.950981005013466,-5.149016424648136,1,L2
1a3b3cd2f637988,1,3.8836623032615103,1.7014555527480604,0,ADS
1a44da55289426e,0,-1.8579741780480545,2.168918734874263,1,L2
1a4cbd1d95b3d30,0,2.1989285119063706,1.4987849868062018,0,ADS
1a4cda5c4cd78fd,1,4.603834721371411,-3.908734846657255,0,ADS
1a80afa72c82ec0,0,-1.1215711294223727,-3.9430516030562353,1,L2
1a87dbc84bf780c,1,3.8879884471688326,1.6598301891767544,0,ADS
1a892cc1ee001bf,0,-0.516645427455435,-4.242635148682859,1,L2
1a8f11b1e58e6e7,1,3.195199008560967,1.9155328124134763,0,ADS
1aa3e885879649c,1,2.834460950635808,-3.8602371848577004,0,ADS
1aaa72b692dcd37,0,-0.9371043418993874,1.8809191541190262,1,L2
1aab5645d671d9d,0,-2.6044780631498545,-5.166891392552347,1,L2
1ab108e2dabaab4,1,3.8879884471688326,1.6598301891767544,0,ADS
1ab2b4790cb2329,1,-1.4988046011893459,-3.5691295286539853,1,L2
1abb7dc46e10e6c,0,-1.512291672023727,-3.8706368684118764,1,L2
1ac2258cbc43410,0,-1.4370756516598415,1.2576784199707316,1,L2
1adb692dcb96634,0,-2.758890357067314,0.9206163749290753,1,L2
1af79010040b2b7,0,-3.302226260048982,0.7453513465698381,1,L2
1b04ac3821b9568,0,3.478482790536836,1.8794063081800794,0,ADS
1b0b9c7c0f0fd3e,1,2.734054190764519,1.2318526549316118,0,ADS
1b0d83be6d8d745,0,-2.6119691401623917,1.1674155989886366,1,L2
1b11511eb3f2646,1,3.7418883418935898,2.024626341426903,0,ADS
1b2dd20cca5e6d7,0,0.5373395934433846,1.684094617530726,1,L2
1b34daff9fc7fdc,1,4.486087755635787,-3.6909635641455045,1,ADS
1b412e3f7e59f40,0,-2.099508020334353,-5.024407611940306,1,L2
1b47fe5e83f19d8,0,-2.527888395824907,0.9086997296596016,1,L2
1b50e3ae5a6385b,0,-0.3076921317023729,-3.6112104060616446,1,L2
1b7cf4c624c3405,1,3.679568616699802,1.585013536527585,0,ADS
1b98683be17535f,1,-0.8681248923927822,1.3282667534395223,1,L2
1bb2ca734f83cc3,0,-3.537528824442359,1.0492535814449788,1,L2
1bcec164d80d77e,1,2.6920982832248344,1.2575552660911244,1,ADS
1bd0a3dbefc9039,0,-1.5528525967656719,1.0569684131554424,1,L2
1bf0008f0ae5e02,0,3.4619612649521705,1.712328870842416,0,ADS
1bfb56a11a24d34,1,3.3110569856023955,1.7554909301059378,1,ADS
1bfd1fde86697fd,0,-1.1674346428448905,1.4981469262308846,1,L2
1c3b5f2f4e27c73,0,-3.7746590669428515,1.434470594104198,1,L2
1c44bd01b784a13,1,3.830643179566085,1.8654931943889,0,ADS
1c4aa40a2a04b1a,1,3.736456801178708,1.730784983783376,0,ADS
1c5edc297e1495b,0,-2.9340668843188977,0.7263591931716141,1,L2
1c611a40039cbca,0,-3.1304999385984487,0.6383637435057046,1,L2
1c677f3bfb5eb28,1,2.361909039334994,1.3324213498182456,1,ADS
1c682da2746b2c4,1,3.9034100325530865,1.458333566548366,0,ADS
1c7233a19c90db9,1,4.486087755635787,-3.6909635641455045,1,ADS
1c86ed4fafb5a89,0,-2.568384006705729,-5.168753368375702,1,L2
1c8bb5d19658b53,0,-1.8331978687750687,1.8805587477651973,1,L2
1caf6655a0d623e,1,-1.7236838995803647,1.552357930989464,1,L2
1cc7b603c8e30f5,0,-2.1771355902485787,1.4268374256241163,1,L2
1cd34fac1795878,1,3.4349772135942676,1.9817273728673197,0,ADS
1cd3e73155f259c,0,-2.828261213103436,-5.155347142447543,1,L2
1cf4d28bc876306,1,3.811976112703675,-3.5324426675879623,1,ADS
1cf9a02150c4872,0,-3.0087314953240676,-5.146037263330767,1,L2
1cfed656d5eee11,1,3.2615158158769937,1.7744913511749645,0,ADS
1d103369fa45a11,0,-0.6122935579118348,1.917903158129771,1,L2
1d1232157f840ba,0,-3.669223555311731,0.31682129949643695,1,L2
1d1efbae9103870,1,2.220415938186217,1.8652154805989398,0,ADS
1d245f18d9df615,0,3.1201189296308924,2.006153075339309,0,ADS
1d2d495bc64ab86,0,-3.4021275376251983,0.3030426784036077,1,L2
1d5d2a8518e3fca,0,1.4777141637896294,1.5883142182187648,0,ADS
1d5d86d310a24f9,0,-2.7271978550598828,-5.160560674752938,1,L2
1d624bfdf4fffa4,1,4.224948381103707,-3.910151847015579,1,ADS
1d63fe48b844c16,1,3.473211648644679,1.9648284352949446,1,ADS
1d746d7dfaa9e96,0,-2.062188778590186,1.5990865658602367,1,L2
1d9a431a637f365,0,-2.733144370895628,0.5180836773997013,1,L2
1da1dc9902a1b0a,0,-3.47431565051345,0.3067666300503182,1,L2
1da574bf86e86e6,1,3.6661575439035925,1.8752527853887828,0,ADS
1da6bf423fa3c6b,0,-2.1789388981907396,1.7164560304538996,1,L2
1dacdcc3d3d698e,1,3.5500255474982545,1.6749919658452495,0,ADS
1db3847d4bf1127,1,4.5326013932118,-3.8369194892263287,1,ADS
1db3d3bc9d7e265,0,-0.7703633308069651,-4.185352912897819,1,L2
1db594e201a263e,0,-3.760221444365201,1.433725803774856,1,L2
1ddae575afe5d5a,1,3.2170076523645896,1.7096999568840343,0,ADS
1ddc1ca421fee00,0,-1.0829871377825078,1.9122814846669243,1,L2
1ddcd8547f32de0,1,3.875010015446866,1.7847062798906723,0,ADS
1de315e3910fcf1,0,-2.5274374221039517,-4.921313990053226,1,L2
1ded86dd754acaf,0,-2.6405721195939806,-5.165029416728991,1,L2
1df5ce8aff4ffd6,0,-2.1796695209826598,1.1993335344511293,1,L2
1dfe493f4f85e40,1,4.597578709652454,-3.7227568078252053,1,ADS
1e1418541038c4a,1,3.431416996431767,1.897249073262944,0,ADS
1e1f50da47f7ebf,0,-3.4021275376251983,0.3030426784036077,1,L2
1e269fc313d5d1e,0,-2.1119551520363773,-4.9167055933945125,1,L2
1e3b951cf45ca7b,1,4.606230997467098,-3.806007534967817,0,ADS
1e3dbf97fc2bff0,0,-2.8210424018146107,-5.155719537612215,1,L2
1e4ec38c59a6d6e,0,-3.558023177841497,0.6028485664673673,1,L2
1e50d4eb4d0bbd7,1,3.9843520422377914,1.5049464251227966,0,ADS
1e597bea8a8f186,1,3.053068534153853,1.7263582581907262,0,ADS
1e64e63248b2e7e,0,-3.7746590669428515,1.434470594104198,1,L2
1e65d32d7f5c338,1,2.102108626898887,1.5818578878874934,0,ADS
1e77bef89399498,0,-3.2316348470785994,1.4640274485077989,1,L2
1e802a0a2cb0266,1,3.048626115290116,1.9951284556448954,0,ADS
1ea9c52770a39f9,1,3.640967291433131,-3.594096754507417,1,ADS
1ead3e3d7adb41a,0,-1.9504162299321797,1.5413578747715853,1,L2
1eb21fc4cac34dd,0,-3.0080106092296997,1.2763158617769734,1,L2
1eb4ccac72a11b3,0,-3.0712242988065754,0.7334347013003643,1,L2
1ebe4334f0f991f,0,-3.2866265570039954,0.29708435576887066,1,L2
1ebe907985a68ed,1,4.561864161586317,-3.7252206204695892,0,ADS
1ec944715463be0,0,-1.314458029937759,-4.488100222989892,1,L2
1eda4267bb39182,1,-1.149394639784427,1.7658977293416398,1,L2
1edd58a0d068cea,0,-3.289544249493883,1.290839273199145,1,L2
1eeaa2207d40677,0,-1.7082422341661168,1.5095371244066265,1,L2
1f1b70e84b90691,0,-3.422027843821155,1.043295258810242,1,L2
1f1e25a00cd2c76,0,-4.004498947717921,0.9988650389020465,1,L2
1f2bee64088ae54,1,3.7023047330439725,1.7123534398858875,0,ADS
1f374cfdfc4a97e,1,3.2283401411442356,2.0246159277674716,0,ADS
1f45b9a76d15d44,0,-2.0933768078343142,1.5881253476039454,1,L2
1f5485dfe2b8f8a,1,3.3823247211366825,-3.9739769719763287,0,ADS
1f61430dee8d5d9,0,-0.643136385509817,-3.580843674483257,1,L2
1f6a25a981ec43b,1,4.053657157000265,-3.7329801384502206,0,ADS
1f849538301e456,0,-0.1333700596146066,1.7825691851164456,1,L2
1f8d110f4aef8c4,0,-0.965851940961924,1.9456399287880735,1,L2
1f9a3c6fd9cadba,0,-3.439173870352201,-4.049020646935506,1,L2
1fa78490d749234,0,-1.7290183513847448,1.5627789504926461,1,L2
1fbb1b06277fa39,1,0.64770776413317,1.831004114559704,0,ADS
1fd8c583c2ad222,1,2.808535865140751,1.8552400217167069,0,ADS
2001050fd91ff19,0,-2.0478666180578733,-4.544848954050824,1,L2
2006bc3a8ecf8e2,0,-3.169107976831314,1.4574510456145853,1,L2
200749add13473e,1,3.785149780966811,1.6083727057138424,0,ADS
200b0e8279f339a,0,-0.8936638280736717,1.9419159771413628,1,L2
202381ad8d8e6c4,0,-2.3896828275438904,1.343138730916167,1,L2
202442f54b16454,0,-1.386543972638065,1.255071653818034,1,L2
2036536be2bdf87,0,-3.88294123627523,1.440056521574264,1,L2
20405e70a19d0ef,0,-2.657826999023761,0.9154028426236805,1,L2
20470e6afef9861,0,-2.3936064916299555,1.3382406848785757,1,L2
204c72f91bb93c8,0,-3.3082829908704716,0.29820154126288373,1,L2
205894e18445ea4,0,-2.1370244324350085,1.33010490015268,1,L2
2058bcca38a7236,0,-2.484575528091956,0.906465358671575,1,L2
205f3880dd59c98,0,-0.9395565430838659,1.8112916173464224,1,L2
20699d65c5c18d0,1,1.7553646273759353,1.5161441834736293,1,ADS
207b9747b43d857,1,-1.9902902417547166,1.5035548902093563,1,L2
207f78aa9b78235,0,-3.6620047440229055,0.3164489043317659,1,L2
2086d3156e7d817,1,3.8182916437470436,1.5561002267896176,0,ADS
20917b8319f2d39,1,0.03258228500374677,1.7936279623728313,1,L2
20a15834645d70e,0,-0.9107422557476004,1.833850816585967,1,L2
20c098e1e824830,1,-0.8896456512758042,1.6380362959722774,1,L2
20d16ce5b6513ce,1,3.8390888296541044,1.6838905027512854,0,ADS
20dec0e229a6059,0,-2.253649847044153,1.472186740842133,1,L2
20df9b9040c9da5,0,-0.17775352850351908,-3.6179135190257234,1,L2
20eb8b0ca6d698b,0,-1.7754982287695995,1.3056107550230491,1,L2
20f2a1906a9c5fe,1,3.8584977651209136,-3.5608843547856233,1,ADS
20f9ffa0b004856,0,0.4243517718256951,1.7356316970398378,1,L2
20fd3db8531971a,0,-0.890525435139367,1.4705112614794085,1,L2
21012d170a4ae41,0,-1.7420610744454865,1.6309801478172035,1,L2
21039e97fdce725,0,-2.4997958871570507,1.5847288139391456,1,L2
21069cdd3025f5a,1,2.4143183275339792,-4.160615119577869,0,ADS
2115df22db57e5a,0,-1.218685361414503,2.0434882931802507,1,L2
211c0979b29b3ef,1,3.381997483787669,-4.089517267607554,1,ADS
214ca1642d6545f,0,-0.9113583557277007,1.4783864565896512,1,L2
214d903572ad811,0,1.912064701142525,1.6113154119242372,1,ADS
21573413cf30bb6,0,-3.5291479326861963,0.601358985808683,1,L2
215f38506ba68f7,0,-2.8459512850387196,-4.421102253127218,1,L2
217342f5bfaa914,0,-1.8070303760449136,1.6343317042992431,1,L2
2179a94bc212595,0,-0.5918448112932292,1.309928206236811,1,L2
2181a5055b44ed9,0,-0.6981766023879373,1.6680189820764142,1,L2
21969900cf5c8b7,1,-0.37796909645238813,1.7690828256732072,1,L2
21a6afd753cdcd5,1,3.9301759408375223,1.555499627667236,0,ADS
21a7dd628abefb5,0,-2.6005117012186627,-4.433763688726034,1,L2
21acba746a95fec,1,0.18738610675336392,1.759600347705105,1,L2
21b81cebac44141,1,4.0047469647750455,1.4484388125223155,0,ADS
21bd7da540544f1,0,-3.0924390226521155,-4.849955326913718,1,L2
21c0dd086884a6c,1,3.800987068117755,1.7226016810748415,0,ADS
21db5eb166a6502,0,-3.4028873992638213,1.9564832410105721,1,L2
21dd72f83fc13d5,0,-0.10100166760778181,1.7356978910459737,1,L2
21e573eb1486b06,1,2.9410338517183248,2.1009838262022384,0,ADS
220c76c984f645c,1,-0.3696500404667801,-3.2546919271835777,1,L2
221638ce46eb19c,1,-1.9084308006647301,1.547513247553516,1,L2
2230399e54849bf,0,-0.8143845499893589,1.8745884363196181,1,L2
2234317073e09fd,1,4.5336824433769785,-3.9913763975082905,1,ADS
224c563f12330c0,0,-2.2666282787661194,1.5970628315560509,1,L2
226852349506f30,0,-3.6836611778893813,0.317566089825779,1,L2
227230f1de818d3,1,2.8355817943931494,-3.8671079131425286,1,ADS
2276b346289ba9c,1,4.044723270041935,-3.7477963690807345,0,ADS
22802d9507c20be,0,-2.6477909308828056,-5.16465702156432,1,L2
2282a5d9e915876,0,1.3359215628567507,1.5837699038420459,0,ADS
2290df8540c1deb,1,3.8793361593541884,1.7430809163193663,0,ADS
2297505e52a8d2e,1,-2.2427897247589175,1.6927560575988658,1,L2
229b756088301d9,0,-3.2866265570039954,0.29708435576887066,1,L2
22b055886187931,0,-1.2034474795623655,1.4409454966858892,1,L2
22b92beab5351c8,0,-3.5724608004191474,0.6035933567967093,1,L2
22bf46fcda641a6,0,0.6813219262006532,2.054272413410724,1,L2
22c1c720e8f4c16,0,-1.8164754143389965,1.252083932481744,1,L2
22d0ea4227aabee,1,-2.2912604024773944,1.047097704598009,1,L2
22e07767c33ac15,0,-1.5775957304908965,-4.1275401303691295,1,L2
22e6c6bdd29d3e9,0,-3.615845218588697,1.4262779004814345,1,L2
23144365d46f099,1,-0.20745306919511627,-3.6976104133222214,1,L2
235421019095c7a,1,2.582392106664978,-3.995125754414938,0,ADS
235a002e7a46286,0,-2.330716812744623,1.225206192212363,1,L2
2372215b380c831,0,-2.9253842599011968,0.5843042236247276,1,L2
237da70b740eca7,1,3.77305641703223,1.6721134625353773,0,ADS
238122173701918,0,-3.853835528578649,0.7942841048449027,1,L2
2387b4d13583ba6,0,-0.6412609666549219,1.787106869667274,1,L2
2399457f50e3222,0,-2.6044780631498545,-5.166891392552347,1,L2
239ccb37bd4a54e,0,-1.6957907775902121,0.8235624454272648,1,L2
23a1bdcc321e4f5,1,0.11268483486159792,1.7177455424774408,1,L2
23ab0c0c3abad6f,0,-2.2088777884555175,1.5940836702386825,1,L2
23b24735ea3a59b,0,-3.2232963315598377,1.0847193900317438,1,L2
23b352eb649c8a8,0,-1.8415474708752124,1.629353162183215,1,L2
23d0f556d9079ce,0,-1.3721063500604147,1.254326863488692,1,L2
23d237f80827f7f,1,1.1017398918821644,-3.676898520468727,0,L2
23d6f58677eeb78,1,3.7817515278952305,1.7913034418378493,0,ADS
23dc208978b7787,1,2.5588584702038695,1.991624735612974,1,ADS
23e20b04e0014a8,0,-3.5609413859793526,0.3112353720263709,1,L2
23ea5639ced12ce,0,-0.2916197903598202,-4.303619963699799,1,L2
23f0c50fde6993f,1,0.2812306535080915,1.7547592105643812,1,L2
24034bad690a1eb,1,0.15530207691377554,1.7872972445734234,1,L2
240a151c45d4bda,0,1.227216265439544,1.5354720225245666,0,ADS
24241fa3b4af301,1,3.8793361593541884,1.7430809163193663,1,ADS
242678102337149,0,0.3357112198411881,1.996540247249146,0,ADS
243a5cc53e4d04a,1,3.9624537905459696,-3.5248449186843827,0,ADS
245053e3a6a403b,0,2.599749404004956,2.1120250954606874,0,ADS
245fcf475614f10,1,3.6653732255842186,1.998165756887468,0,ADS
2467ac3f476695d,1,3.0432018833836336,1.9360018227093063,1,ADS
246a3441415c03d,0,0.06257540862921984,-3.9639179891608043,1,L2
246c800d700b899,0,-1.420297767917995,-4.479289449108652,1,L2
247666a35df44a7,0,-3.3732522924698976,0.3015530977449234,1,L2
2480c0e06ee89ea,1,3.711048315574609,1.6662729424297844,1,ADS
249f06b44ad79c8,0,-3.4068013577856044,0.557662200921261,1,L2
24a628d267d728d,0,-3.1506312229836526,0.737531048111746,1,L2
24a782a49a2672f,0,-3.2516945810272055,0.7427445804171408,1,L2
24b461729946908,0,-2.9656293594228065,1.0773208551898952,1,L2
24be073056877e7,0,-0.2714037330570405,-4.258457619990534,1,L2
24d6239050724be,0,-2.00069607609711,1.3772910373666862,1,L2
24f90d0d3fbc1cb,1,-0.037291546585356855,-3.585196463320244,1,L2
250a095dea0e0fd,1,3.691789252001072,1.7881856995463241,0,ADS
250d188a8fe3ea5,1,0.27984476182579765,1.699131063859189,1,L2
25311c4cf8c2344,0,-1.161619782945044,-3.967520567775584,1,L2
25403d753d4c33f,0,-3.5858502692034597,1.0458526565113664,1,L2
2540f0ae9da3f1a,1,3.999975792471314,1.5665626022142523,0,ADS
254740460033d22,0,-2.5972592518610296,-5.167263787717018,1,L2
2564dd425a1fdcc,0,-3.6519392750328232,1.42813987630479,1,L2
25685a1a4167c35,1,3.816033827995936,1.8121862913379165,0,ADS
256913ae9003591,0,0.08281001593752879,1.8493307896156046,1,L2
25767bcad84f01a,0,-2.6044780631498545,-5.166891392552347,1,L2
257f64f842f7db7,1,3.977239676127144,1.4392226988559498,0,ADS
2588a6a9b5737f8,0,-2.8443122088834487,-5.212088843872132,1,L2
258c8e3bb218474,0,-0.7579093398755126,1.2965491602697996,1,L2
25a309ac583e56a,0,-3.3155018021592966,0.29857393642755475,1,L2
25a3286ae4f3ed6,0,-3.811087880254721,1.1760777514882612,1,L2
25c0fe9ef8ef143,0,0.08656450885193379,1.7333904339499662,1,L2
25c1c827105b0d2,1,-2.6331586614679345,1.2821953325138042,1,L2
25c63108c6de2f0,0,-3.4032896180925354,0.7505648788752332,1,L2
25d6cbff5b7cea7,0,-1.5437371829949635,1.126961838243036,1,L2
25ff040f1909b4e,0,-2.6044780631498545,-5.166891392552347,1,L2
260ce8366bd8421,1,4.683299552311823,-4.0687212320590005,0,ADS
261a2d9588871ff,0,-3.0521525351124312,1.3328118781077563,1,L2
262550d6cc1bc14,0,3.7209839412764385,1.9415717098704726,0,ADS
263297b2f36f23c,0,-2.553946384128078,-5.169498158705044,1,L2
263ede6c29926f3,1,3.995649648563992,1.6081879657855582,0,ADS
264be594bb2ff46,0,-2.411339261410366,1.3442559164101802,1,L2
264c703043ce526,1,3.3235012114168283,-4.035690371248036,0,ADS
264fa83376a7ecd,1,3.8706838715395437,1.8263316434619783,0,ADS
26606436134599d,1,-0.24345322278759127,1.324372467282926,1,L2
268cdace7bd426b,0,1.2717148856896128,1.5681733165301899,1,L2
26af36f8886f820,0,-1.8487662821640376,1.629725557347886,1,L2
26b5149e1c4ddbc,0,-0.34053389514831217,1.7468258539185748,1,L2
26bc72f31433ff8,1,3.826317035658763,1.907118557960206,0,ADS
26d2004fb38ce8a,0,-0.0962193919306207,1.625228105426329,1,L2
26de6e7410cd8c2,1,3.2998027382731383,-4.522222760096568,0,ADS
26e8efabd6ea499,0,-3.181103168056823,1.4614206823551015,1,L2
26fbd8338d4072c,1,2.713729002761445,1.0494284482345946,0,ADS
26fc6d4a23d798b,1,2.8654326062283726,1.9163666051697597,0,ADS
270eda8570175b3,0,-2.3979497926260533,0.9019966166955226,1,L2
271d12d94b19ecc,1,2.853571281863581,1.9744203322107117,1,ADS
27312ea5ccb225c,0,-0.9673352872607641,-3.8420619506295886,1,L2
2734e8462c79cbd,1,-1.3742327527347367,-3.92790895148091,1,L2
274941f9ee93fe8,0,-3.318189032107905,0.6480460177871523,1,L2
27528ff2c99e583,1,2.869871250878548,1.696944122617671,0,ADS
2762c4ac7cd4c12,0,-3.4526592166469743,0.3056494445563051,1,L2
27673b8954d27c0,1,4.381210327891269,-3.7624959608240025,1,ADS
276c44175c4e6fa,0,2.8075158099732316,2.1814970834049214,0,ADS
276f98fc839116e,1,3.995649648563992,1.6081879657855582,0,ADS
278bf6559137e31,0,-3.633129498867605,0.3149593236730816,1,L2
278ce189a0474da,0,-2.8546599601418197,0.7222628463602324,1,L2
278f524f34db1d6,1,0.1890320194381379,-3.627058414841867,1,L2
2793db955371f40,1,3.8232830406456366,1.7202872807644134,0,ADS
27a73c0362bc2c8,0,-2.9253842599011968,0.5843042236247276,1,L2
27ab552bf94f73c,0,-1.4476571272920429,-4.134243243333208,1,L2
27ad4d770d5bdaf,0,-0.4871527705860778,1.8248653280835565,1,L2
27afc2a81db4aa8,1,3.936673461113062,1.6356679772328024,0,ADS
27c3c22629eaab4,1,4.541042582297426,-3.8461704838838044,0,ADS
27d6570e40d2bf3,0,1.4748867441537925,-3.3411861746614133,1,ADS
27d9b9eeff8a1ad,0,-3.4848713738136925,-4.263642942677763,1,L2
27e049b4eb16dd4,0,-1.6452590985684357,0.8209556792745674,1,L2
27f5ade8b2a100c,1,4.050271542978463,-3.6625740770272475,1,ADS
27fc5c800077130,0,-2.734416666348708,-5.160188279588268,1,L2
28021c6d77ede4c,0,-3.322720613448122,0.298946331592226,1,L2
280827e5995a8b1,0,-0.7631459039873645,1.6713705385584539,1,L2
2839b8af9251ea2,1,-0.07225550263466354,-3.2574661208857996,1,L2
285179add9a2301,1,3.794953073549547,1.6769580874238585,1,ADS
2878d2855f2ca5d,0,0.4218386128221811,1.6900529401654631,1,L2
288c2c0b210853c,0,-3.322720613448122,0.298946331592226,1,L2
2892d7d255db2c7,1,3.849372037316931,1.7788227693735748,0,ADS
289362c589bd4da,1,3.6964405512548475,1.5838752403896406,0,ADS
28a50d58f41e81d,1,3.86092618691734,1.574115649389758,0,ADS
28ab25e66ad4064,0,-2.6044780631498545,-5.166891392552347,1,L2
28adef5fcd987e1,0,0.3110934408657531,1.6709984488030143,1,L2
28aee38d1d3ed89,1,3.228117237520031,1.795381187808833,0,ADS
28d7439c87b2a03,0,-3.439173870352201,-4.049020646935506,1,L2
28d75280cb0cda6,1,3.8923145910761545,1.6182048256054484,0,ADS
28edb0e31f60cbe,0,-3.255206320720275,0.5498419024631688,1,L2
28fac8141e63339,1,1.9343967384695304,1.5631674283621928,1,ADS
29070fbe80c4724,0,-2.9959072459487794,-5.204268545414039,1,L2
2908275d904dec6,1,4.486087755635787,-3.6909635641455045,0,ADS
291b94613158d04,1,3.0710326054604735,1.3135147897485915,0,ADS
2926e5994b7c3a5,1,3.1295124183482077,1.6583651897844398,0,ADS
29280726fd13302,1,3.8776410399838754,-3.6075802971540107,1,ADS
292b56cc5b39a86,1,0.7377623914386695,1.4822948625768826,1,L2
292e67728ff3e26,0,-2.553946384128078,-5.169498158705044,1,L2
293ddf14bace8f9,1,2.7167496151352304,1.3983541092168357,0,ADS
293f1c3457530d0,1,3.8706838715395437,1.8263316434619783,0,ADS
2940c5740fea644,0,-3.0208348586049887,1.334547143860246,1,L2
2947d5e93017096,0,-1.5026484352703604,1.519871945073568,1,L2
29503d055a89d3d,0,-1.7735517890825157,-4.558999970308324,1,L2
296a10c4ae23dcc,1,4.560567197656653,-4.099823206383426,1,ADS
296ec4e69168849,0,-3.47431565051345,0.3067666300503182,1,L2
2976440f29b53a3,0,-2.9726374388799415,-5.147899239154122,1,L2
2978b11e0a45e20,0,-3.582597819845828,0.3123525575203842,1,L2
2979decb1f110fe,0,-3.5320661408240515,0.3097457913676868,1,L2
299b672f88b96f3,1,3.6877882634402033,1.6671259675322525,0,ADS
29a086faec68036,0,-3.322720613448122,0.298946331592226,1,L2
29ac37a011bd876,1,2.4476836334899885,1.955957694676405,0,ADS
29b208e7ca1a36e,0,-2.914886948569339,-5.150878400471491,1,L2
29c24607230435e,1,3.999975792471314,1.5665626022142523,0,ADS
29c8ff1d5aa6c30,1,3.129827618849536,1.9315330807332536,1,ADS
29f8eb3591ae065,1,-0.17033215170142643,-4.055432925518051,1,L2
29fdb4f36bb5b14,0,-2.7705107227928343,-5.1583263037649125,1,L2
2a1910c31a9964b,1,4.791674932209329,-4.237426662612779,1,ADS
2a1c7a0af6be2db,0,-1.6786590885344497,-4.122326598063734,1,L2
2a20b0200d6dd5d,1,4.566206781699363,-3.8546672122359706,1,ADS
2a316ca08ac2d09,0,-1.6956961828974466,1.3091844911697494,1,L2
2a34f66d2a51ccb,1,2.8895764847684973,1.7538185441876044,0,ADS
2a429e8d1c2bbc0,0,0.1804090556066618,1.7285492968092422,1,L2
2a6ae77e310f311,1,-1.6287964848614878,1.768452363398206,1,L2
2a74bb7f785aba8,0,0.08738802213007502,1.7401484435661956,1,L2
2aa124cfd4ca325,1,3.8577054398175776,1.9512077341758964,0,ADS
2ab113502b8b717,0,-3.380471103758723,0.3019254929095944,1,L2
2ab267f0fd1fcb2,0,-2.34136138278279,1.346539655849779,1,L2
2ab67d0a5621952,1,0.0950384275996598,1.744697649016417,1,L2
2abae2e52301912,0,-1.7001788302390262,1.6150311562549045,1,L2
2abc9b4faef00d9,0,3.455746674192666,1.752066404821777,1,ADS
2af6f9baf72782b,1,3.84101979424734,1.7816901962735017,0,ADS
2b01653eb2d5e4b,0,-2.3736061288109696,0.5514073498419123,1,L2
2b08326e556afc7,1,3.8349693234734072,1.823867830817594,0,ADS
2b09a7cf71e1a6d,0,-1.719749025557516,1.2691864110628193,1,L2
2b14efb329173b9,1,1.2757296261072029,1.8565509775400875,0,L2
2b20e630f6ee240,0,-3.680814520188124,1.4296294569634742,1,L2
2b2a8d3b3e4fd71,1,3.8793361593541884,1.7430809163193663,1,ADS
2b3039c25836235,1,2.3053947759607465,1.9960298190689747,0,ADS
2b45b757c05a1e4,1,3.034355420270392,1.912169517229319,0,ADS
2b4a7e52b234f9e,0,-3.0423490536512743,0.7319451206416799,1,L2
2b4ae7e6e7a0b7e,1,3.5421207992392034,1.8665589616351212,0,ADS
2b573385de2630e,1,3.847947755195374,1.6989917401036758,1,ADS
2b5ac9b27d63da8,1,3.9234333375492487,-3.8887597815133423,0,ADS
2b5ae9c7ac01ab8,1,3.957022249831088,-3.8186862763279104,0,ADS
2b5dc97ec895143,0,-1.4063272709742074,1.4802283083613206,1,L2
2b65fb57cedb2be,1,4.454699351476973,-3.735052740361195,1,ADS
2b687ad265be239,0,-1.0381676999429406,1.886132686424421,1,L2
2b754e975ddb359,1,-2.817806637716571,1.2739235043091728,1,L2
2b7c7650278113e,1,-0.5626771929487416,1.216429636687111,1,L2
2b80343005e9f16,0,-2.6261344970163303,-5.165774207058333,1,L2
2b877b899692cdd,1,3.9174828016723544,1.6929011075834886,0,ADS
2b88af763723dfa,0,-3.67004437476939,1.9943106420016299,1,L2
2b98add3da05203,0,-3.211068943242863,1.0899822907887111,1,L2
2ba7ff280a6aaf5,1,0.14877889130572386,1.7158835666540855,1,L2
2bbc30ea7de3b1b,1,3.710499937734775,1.980537165211212,0,ADS
2bc89eea11dc623,0,-2.165899677590309,1.331594480811364,1,L2
2bd06224a944b59,0,-2.596570785824568,0.7883116839710109,1,L2
2be0d6e1e9a8d23,1,3.736456801178708,1.730784983783376,0,ADS
2bfbe330d5cdb5b,0,-1.0620287384447658,1.8564892939062823,1,L2
2bfbf573864f0aa,1,4.5291740551248605,-4.05494341097944,0,ADS
2c0ce558c1d4917,1,2.9318353843536182,1.830136716709779,1,ADS
2c10d9b1d71541e,1,4.566190305493639,-3.766845984040896,1,ADS
2c1c6e38e9cf0ff,0,-2.4311355913882027,1.3556032390936466,1,L2
2c3148db1b0381d,1,4.513195623847812,-3.7888796367207127,1,ADS
2c3503d25df6e2d,1,3.9463155175534057,-3.6986135131284867,0,ADS
2c361192b50837f,1,3.7987292523666474,1.9786877456231406,0,ADS
2c3a0a28eef6dd2,0,-1.762812203544795,-4.144169795524424,1,L2
2c4ef061d231dcf,1,4.718218342769579,-3.89927512193032,0,ADS
2c55dc79d01a218,0,3.755593092535016,1.6085688013000246,0,ADS
2c5f402d44d2fa6,0,-3.695180592329176,0.6099240745961174,1,L2
2c632ba63e46525,0,-1.1746534541337157,1.4985193213955557,1,L2
2c64f8b5a7ca81d,1,3.8314523198138057,1.5364165131181546,0,ADS
2c723ba2d4b98e0,1,2.737754183939593,2.0478389394617182,1,ADS
2c9f2dbd972b293,0,-2.1912822314987124,0.9951627322749269,1,L2
2c9fef41f8d602b,1,0.030069126000232593,1.7480492054984567,1,L2
2caa209d0035cbf,1,2.9195950172546583,1.4811985168622241,0,ADS
2cb2aade63ee8f6,1,3.8224872830372565,1.88726957824871,0,ADS
2cbb435ba089c85,1,4.513195623847812,-3.7888796367207127,1,ADS
2cdf1e400931887,0,-2.3750386689718415,0.8645109638054653,1,L2
2ce5611540d2e6c,1,2.3027796925645894,-4.007240733780448,0,ADS
2ce68a6cea99c1d,1,2.969080234790149,-4.546724338874398,0,ADS
2cf58371e227f1a,0,1.4658788056205625,1.9047818939335286,0,ADS
2d070b3ce37d178,0,-3.919035292719356,1.4419184973976193,1,L2
2d38ff113274d20,1,3.9797583661752585,-3.6913463729696074,0,ADS
2d4a3a2b53be493,1,3.2312328085257387,2.0658688961741065,0,ADS
2d5bd1a5a4079f3,0,-3.27940774571517,0.29671196060419963,1,L2
2d60860c3478121,0,-2.621732942579635,0.9135408668003253,1,L2
2d7bff5c5a6f881,0,-2.582164898471034,1.7886336188062866,1,L2
2d8b526f891c8f4,1,0.8291105886591063,1.0643280352896554,1,L2
2d8c9f896d37317,0,-3.0666927174663585,1.08253438749529,1,L2
2d91b0082b762ab,0,3.235619910252096,2.0001947527045716,0,ADS
2d98c9523046047,0,-1.1031975083883259,1.4862001863869554,1,L2
2da100de4f232f2,1,0.32406101961655387,-4.233332757412381,1,L2
2db2da1e6fa4824,0,-1.3608775121670522,1.279789389368984,1,L2
2db5e43d22d6309,0,-2.784948345370485,-5.15758151343557,1,L2
2dd2338860aaa89,0,-3.366033481181072,0.30118070258025237,1,L2
2df5f9bfb19d510,0,-2.936543382435816,-5.149761214977477,1,L2
2e0f431011fd2cd,0,2.4380257871357855,1.1126834011253686,0,ADS
2e10aa5924c3a69,1,3.46531588760485,2.13497387752063,0,ADS
2e193f1562b2fe7,1,3.381997483787669,-4.089517267607554,1,ADS
2e417fe11f10eeb,0,-3.079478232247046,0.5061019189395397,1,L2
2e4428278979b2f,0,-3.4887532730911004,0.30751142037966045,1,L2
2e446d9a8d991f2,0,-3.322720613448122,0.298946331592226,1,L2
2e59c4f65cbd008,0,-3.2866265570039954,0.29708435576887066,1,L2
2e5f85bf9158ce0,1,3.8165837930861577,1.4688312695673287,0,ADS
2e6dcc2b1707998,1,3.8793361593541884,1.7430809163193663,0,ADS
2e770a80615a5d0,0,-3.615845218588697,1.4262779004814345,1,L2
2e89fe082d7ab74,0,2.3811848766627284,1.1586219969291303,0,ADS
2e8f930bd064930,1,3.978767856878884,-3.707740027885936,1,ADS
2e94dccbdb96501,0,2.667201597355283,1.9619900282446792,0,ADS
2e96778e78af6c7,0,-2.9414279344279115,1.3304507970488644,1,L2
2e9def1c1f03b04,0,-2.979135364074399,1.274826281118289,1,L2
2ea08b89dbd016d,1,-2.2242929430253384,1.1150637876421947,1,L2
2ea8a855b7379fa,1,3.355560866632748,1.7636212529913309,1,ADS
2ea955a0e92e370,0,-0.7579093398755126,1.2965491602697996,1,L2
2eb5e09b2925a6e,1,-0.5069473436441317,1.9799951922824315,1,L2
2eb7b965b39c8f4,0,-3.6908799891782063,0.31793848499045,1,L2
2eba7107195e2bd,0,-3.5353185901816833,1.043245890358669,1,L2
2ebfff729817c07,0,-2.5611651954169035,-5.169125763540373,1,L2
2ec889c7653f2be,0,-2.3780397070821113,1.2016056421554262,1,L2
2ec8fa8cd7eea32,0,-4.0443000757578025,1.194002087844045,1,L2
2ed4e07faf59b02,1,1.3228575538537937,-3.950632432393976,1,L2
2ee112e9c507b51,1,3.3565079446792114,-3.4783093353429786,1,ADS
2ef7294be596ddb,1,2.3002887675788863,1.878618509477761,0,ADS
2f1107e8982f00c,0,-2.6044780631498545,-5.166891392552347,1,L2
2f21078837965af,0,-3.8828696858386316,0.6196063488775652,1,L2
2f233bf85993bdf,0,-3.777505724644109,0.32240722696650276,1,L2
2f23e4e3267584e,1,3.7453667309137066,-4.310128829804833,1,ADS
2f2a84cb87197db,1,0.6862920643342814,1.5676891505818082,1,L2
2f360dacf644b0d,1,3.72299845437665,1.829314189585021,0,ADS
2f3c36a804a92fe,1,-2.6109035416927813,1.259899198122538,1,L2
2f3e786bc04b92b,1,3.8939619871300617,1.7085665911752743,0,ADS
2f488c323fa9c10,0,-3.130198205936911,0.9442033695951141,1,L2
2f59fa79b6146a2,0,-2.828471944935127,1.0702453470611448,1,L2
2f5c6e82cd4a83a,0,-3.322720613448122,0.298946331592226,1,L2
2f735ba978a44ff,1,3.4642151192954516,-3.5484668463270044,1,ADS
2f75c49fec63a68,1,4.746520304564042,-4.087907516755837,0,ADS
2f93b7cd97ab640,0,-0.7409950997564368,1.2610018703689336,1,L2
2fa56e3fae57fff,1,3.3852589457075304,2.027225685053816,0,ADS
2fac16de91a29c8,1,-2.382169976276301,-4.284552562014898,1,L2
2fae476084aa8d2,1,2.411273459743078,2.0252799551160297,1,ADS
2fb7d58a5f497a2,0,-1.630821475990785,0.8202108889452253,1,L2
2fc0a3edeb01947,0,-2.455700282936655,0.9049757780128909,1,L2
2fc73932cae4c23,1,4.642487544779582,-4.048648677968439,0,ADS
2fd146367bac5d8,0,-3.322720613448122,0.298946331592226,1,L2
2fd276ceff1bc88,0,-3.510409706957576,0.3086286058736735,1,L2
2fd75d44c245ee1,1,3.1155149471966346,1.8496707952803566,0,ADS
2fd89359ce52763,0,-3.121755977828352,0.7360414674530616,1,L2
2fda692574d70ef,0,-0.7759902892611559,-3.836084261344162,1,L2
2ff160cc8809008,0,-3.7385650104987254,1.4326086182808426,1,L2
2ffe4f6d0c814e4,0,-0.3357211036230952,1.8075556220360438,1,L2
300931fc9ba8589,0,-2.4788535541382117,1.0933603455392373,1,L2
30095ee7921bf41,1,3.132412100143447,2.0004908576079408,0,ADS
300ae0053d0afaa,0,-2.618915685727505,-5.166146602223004,1,L2
3017f7d3077f23d,0,-3.1605372642210865,1.0873755246360137,1,L2
301c535041d56a9,1,3.8246861158105805,1.7289355641953046,1,ADS
302002c29dda2e5,0,-2.151127298144916,1.591104508921314,1,L2
3035734d10bd2c9,1,3.270506529771002,-4.057724023927853,0,ADS
303f0bd4ecf70f5,0,-0.5712648886137356,1.1153101701767045,1,L2
3041b73d3c0f26f,0,-3.044774811718924,1.5086068195691078,1,L2
305dbd71a578ade,1,3.5598092598787834,-3.703646600061938,0,ADS
30763a9e97657f0,0,-2.7055414211934075,-5.161677860246952,1,L2
307f4bfc3e3f219,1,4.589422813123624,-3.700980423965395,0,ADS
30a9b677a07aa9d,1,3.9539780367423507,1.4691665229475785,0,ADS
30c2487fa6ae1cb,0,2.527509882361367,1.8817682952367225,0,ADS
30c251808c0d013,0,-1.7474126520591673,1.5202112923318882,1,L2
30c2d009535d460,0,-3.6528708929588802,1.231379240705738,1,L2
30cdda3761c6785,1,3.670916328885158,1.668264263670197,0,ADS
30d0a676f0644a8,1,2.5683549924832234,-3.8972778285237704,1,ADS
30dc6085adb052c,1,4.54491126535564,-3.6292501648737976,0,ADS
30e47111d000eb5,1,2.3711503006579338,-3.5429558913840444,0,ADS
30ea25a102ed6d6,0,1.656750969484441,1.6618826710799293,1,ADS
30fc7c58507f3cb,0,-3.262952523586042,1.462292182755309,1,L2
3100e484aa5cf65,0,-2.8847394079609567,0.5259039758577937,1,L2
3104047ca823dd2,1,4.566190305493639,-3.766845984040896,0,ADS
311b7ef191f1a3d,0,-2.064501562679013,1.5866357669452613,1,L2
31244bb54701723,0,-3.052044363057019,-5.143802892342741,1,L2
3125aba52a2f6bc,0,-2.0717203739678385,1.5870081621099323,1,L2
3128c1f32dff19d,0,-2.748854288926359,-5.159443489258925,1,L2
312ced3d6dc57f8,1,3.9791408305430838,1.6077071225864858,0,ADS
312e08a5035ca97,1,3.793297711651766,1.684846387979614,1,ADS
312e30a55809d67,1,3.827126175906484,1.5780418766894606,1,ADS
31362e0be491cc1,1,1.5297737495419559,1.9150814638124325,1,ADS
313909eb394fabe,0,-2.6044780631498545,-5.166891392552347,1,L2
3140ec0f3f99381,0,-1.081820370019787,-4.610854430202278,1,L2
3141a22a23dc07b,1,3.9434396651162875,1.4431489261556525,0,ADS
3144060ca1e6ad5,1,3.847947755195374,1.6989917401036758,1,ADS
315d56d8e94a952,1,3.9288169309067977,1.5519364068911181,0,ADS
31698dec0f30d7d,1,3.2808649698604935,1.7493849069503018,0,ADS
3170355e95105bc,0,-3.2460009192196524,0.6443220661404416,1,L2
3196dae38a5f098,1,3.750540629708234,1.9413756142842906,0,ADS
31a7b05b6358d12,0,-1.4461090830513426,-3.911475641783813,1,L2
31a94fb68dac7e0,1,3.244069912616082,1.795414496671031,0,ADS
31ac0a533520455,1,3.2413185728662017,1.8997398370535534,1,ADS
31b86dcad91aaab,0,-3.2505325005598693,0.2952223799455153,1,L2
31b9ee4aefe1618,0,-3.0736500568742247,1.510096400227792,1,L2
31ef95da16c6114,0,-3.529521149695633,0.563992918720669,1,L2
31f100360f58ec2,0,-3.322720613448122,0.298946331592226,1,L2
31f80019ddb8cef,0,-0.9443231531882126,1.8812915492836972,1,L2
321d66c8960d015,0,-3.42654275187688,1.4740821179539174,1,L2
3223a272e666a0e,0,-4.165857787200494,0.752810605171828,1,L2
322e71c8625e9ac,0,-2.6261344970163303,-5.165774207058333,1,L2
323d81864ea0347,0,-0.9914748417558938,1.8134485755036853,1,L2
324132f33919ef1,0,-3.0495678649400997,0.732317515806351,1,L2
3250f12d8808f2a,1,3.834762685746782,1.7255158663225914,0,ADS
326c05decff6b90,1,2.653951640906668,1.3077350748270022,0,ADS
32771536345d264,1,-0.48700339070507637,1.532144610794541,1,L2
327e47a53931e77,1,2.663755785145935,-4.058562999051528,0,ADS
328185ce1d42d02,1,4.568423727862917,-4.016091636041741,1,ADS
32ab8d5c75cd5dd,1,-1.3357594374413937,1.4851287037186385,1,L2
32b1a15f3f695a3,0,-3.4887532730911004,0.30751142037966045,1,L2
32b2595323815d8,0,-2.3247135259444636,1.3397871744341274,1,L2
32b3b0c885ec1fc,0,-2.3227718470119614,2.1588407359847688,1,L2
32bb09042cdeec2,0,-0.514496151013795,-4.22459405987094,1,L2
32c00f0d6c5ba03,1,3.5218317875397656,-4.240075701733147,1,ADS
32c5939b4b9f5b0,0,-0.9032148900906107,1.8482966002835188,1,L2
32cbce6fd63f148,1,3.5626802635679593,-3.2489839408699352,0,ADS
32d71e46438fb22,0,-0.6142611403545161,-3.582333255141941,1,L2
32e6f43c1ede135,1,3.8970777975360122,1.5983311020390931,0,ADS
32eecff3f616ac8,1,3.7462144858009117,1.9830009778555966,0,ADS
32ef6cb730bd7b7,0,-3.4237839714916736,0.3041598638976208,1,L2
32f0f76708cbe89,0,-3.0136160473161637,1.334174748695575,1,L2
32f2ada59815439,1,3.8128368398885844,-4.262650058730293,0,ADS
32fc5f4fe5584c0,0,-4.286032587982104,1.013388450324218,1,L2
330b02ca7bf113d,1,3.7462144858009117,1.9830009778555966,0,ADS
330f75960a285be,0,0.41862982813789357,1.7162602563750973,1,L2
331e58653eefc19,1,3.7191022503881452,-4.475060433583198,1,ADS
3325b810acc75a3,1,3.1661961815543744,1.9303257177555457,0,ADS
332dc6548ca78bf,0,-3.4959720843799253,0.3078838155443315,1,L2
3331a0e83bf5d6b,1,3.8535660479968916,1.4289097357652714,0,ADS
333215f09b66e2e,0,-1.8707574728982561,1.3705879244026071,1,L2
3337c690cc38799,0,-1.5437371829949635,1.126961838243036,1,L2
3341b2a34ec9273,1,4.542928666108845,-3.736902159949267,1,ADS
3349adfc6b67eb6,1,2.940308596464481,1.5906429541583913,1,ADS
3351cd9a8406d4b,1,3.6220224568443133,1.8749985247090422,0,ADS
3354ef5fd4d365a,0,-1.4557049967306486,-4.079609202825779,1,L2
335ccd0a0db8c03,1,0.4483808822569533,-4.066292446989469,0,L2
336103e51c1853b,1,2.3463041581436506,2.028631511598069,1,ADS
33742456a151d72,1,2.741928885141689,1.449073480660668,1,ADS
3382458076101ad,1,4.574842593308284,-3.850096711183506,0,ADS
338a4cb5b1c8f1c,1,3.7678452053375224,1.7748741599990665,1,ADS
338c89efb1b5863,1,4.486087755635787,-3.6909635641455045,1,ADS
338d76138bfc037,0,3.2226414785301296,2.125070843418491,0,ADS
338f89f8d8ebdb3,0,-3.088138419501145,-5.141940916519386,1,L2
33a339a2865fd73,0,-3.4959720843799253,0.3078838155443315,1,L2
33a41d7fe8cb103,1,2.9199109207794818,1.876460263913496,1,ADS
33ab63487102c6a,1,3.4974333233024595,1.5914336171337795,0,ADS
33b2beea4cc88f4,0,-2.734416666348708,-5.160188279588268,1,L2
33c649766c09c39,1,-0.29627644854511964,-3.219760266875832,1,L2
33d0ef234f7fc85,1,1.0726640125701543,1.9682801363989793,0,ADS
33e8d4e5afdbbd8,1,3.6988658771335583,1.7523907954361428,0,ADS
33f25690b0261d4,0,-1.9611254205466333,1.5938730335548417,1,L2
33f712b50f4fd99,0,-3.366033481181072,0.30118070258025237,1,L2
3404f70013700b9,1,3.86092618691734,1.574115649389758,0,ADS
340559fe4a5e780,0,-1.2829356234660938,1.5041052488656217,1,L2
340a6e719c27b90,1,-0.1784745709573308,-3.950592260985617,1,L2
342474f980afa03,0,0.004100282406111045,1.9418533310627077,1,L2
34255619c1b3a52,1,4.846324975752937,-4.223281310488717,1,ADS
3444f2a4b6c46e8,1,2.8996743868695907,1.8367599145116877,0,ADS
34457c8554ae0c8,0,-3.6980988004670317,0.31831088015512105,1,L2
3448d8068e696c7,0,-1.059912580591347,-3.8329956005040127,1,L2
344a0a8fcc609f6,0,-2.6044780631498545,-5.166891392552347,1,L2
344c4aa527d21cd,0,-2.094810284360133,1.6710036795818863,0,L2
34590dca04c17e0,0,-3.4670968392246246,0.30639423488564715,1,L2
3461df2282d70cb,0,-2.1611274455846967,0.7309986707219549,1,L2
346662f1627be5b,1,-2.0026295825911773,1.3168912223913452,1,L2
3467442d95372d9,0,-2.4257768839880165,1.3450007067395222,1,L2
3468321c7e696b8,0,-1.3616311153630472,1.6189257259843406,1,L2
346b753bc1fc685,1,3.799279217456869,1.6353327238525526,0,ADS
346cd4b6bf87e06,1,2.0894314268902465,1.6903855084843715,0,ADS
346e79b6abcc2ca,1,3.7287335823529184,-3.764266163244721,0,ADS
3478d8925ecd2fe,1,3.794729959617197,1.6664273511239314,0,ADS
349c3f456ffad43,0,-3.676442366600556,0.31719369466110797,1,L2
349f5e09010f8cb,0,-2.9769380420309117,-4.855913649548454,1,L2
34a2a91e7ebe7b8,1,3.9347873773016433,1.5263996532982644,1,ADS
34abe4d6c5e498a,0,-3.2877886374713317,0.7446065562404961,1,L2
34d9149dca40ce7,1,3.068464309801024,1.9938469270172723,0,ADS
34e9268c40d9f69,1,2.969386118670965,1.9155210737113586,1,ADS
34eb0b5b2852fc9,1,3.3423872371044374,1.9180334092805496,0,ADS
34fea265ddb1b41,0,-3.090335622120126,-4.922123893573256,1,L2
350127996a9c99d,1,1.919222554612315,1.6349917966577951,1,ADS
350b7ff1d9a3d40,1,3.839295467380729,1.7822424672462878,0,ADS
353c33e374361bd,0,-2.970242221764177,1.3078915978093197,1,L2
353f7ac5d5b73ac,0,0.06610110045079926,1.7320350280242027,1,L2
3551e837b0c6d97,1,4.6491488120889946,-3.974311133395632,1,ADS
355de6e32e411be,1,3.744629173913261,1.6211873717284908,0,ADS
3577e00f4cef07e,0,-3.128974789117177,0.7364138626177327,1,L2
3577e4ade5fce24,1,2.9685006114918675,1.8941470174816422,1,ADS
357ed904abe0956,0,-0.8575697716295454,1.9400540013180076,1,L2
357feabee218747,0,-1.9983189737066258,1.5457969935733233,1,L2
358191b6dfcf44b,0,0.2031975571194432,1.7490082997936813,1,L2
359483b2d77a21d,0,-2.809422036089091,0.9232231410817727,1,L2
35953c1806313cd,0,-2.8931797746535945,1.5007865211110154,1,L2
35a0275c46fe540,0,-3.4237839714916736,0.3041598638976208,1,L2
35b4d99ee13d98c,0,-2.151127298144916,1.591104508921314,1,L2
35b627077003d07,1,2.9189305023602223,1.967570755111733,0,ADS
35c9f61ded95a25,0,-0.7605868319405131,1.4638081485153294,1,L2
35cac7098fcffd0,0,-3.2191122642761494,0.5479799266398134,1,L2
35d5bd97c16350f,1,-0.8366780870470791,1.4620054850442268,1,L2
35e10a085af7d4b,1,2.989267324105266,1.8074345639619214,0,ADS
35e1d72cfe04d8a,1,2.5763962276841226,1.8558706113449257,1,ADS
360410dc25dfbee,0,-1.8392545995965557,1.433408942458243,1,L2
3604f57bfcb4cb4,0,-2.539398546564685,0.9555512084252075,1,L2
3616ac7077d97f7,0,-3.4939544848284485,1.4742088280247831,1,L2
361c3466a14146b,0,-3.933807672164749,1.1824084692876693,1,L2
361d6211870d1b9,1,4.512929686867106,-4.001851079465724,0,ADS
361ef1841133f75,0,-1.3720743462032594,1.666922472814475,1,L2
36283addf950d59,0,-0.2442263457695342,1.7666251356103657,1,L2
36299db7911dfd0,0,0.44614590524722,1.3653413870044708,1,ADS
362e021ad137993,0,-1.7413516013464907,1.6833801035798668,1,L2
362e2a9fe862aa0,0,-0.9156053058857884,1.539374740810154,1,L2
3635b7af78f1bb8,1,-0.7311610980898382,1.6951011058330991,1,L2
36492c5f689d362,0,-2.759325549572817,-4.4255709951032705,1,L2
364a5bff8604eff,0,-0.6035622042669234,1.5626785154851845,1,L2
3655a93c87b51a5,0,-2.0902188734551594,0.9899491999695321,1,L2
365f94d24227920,1,3.748407661753539,1.2957452474923437,0,ADS
366576092a66f54,0,-3.409346348914023,0.30341507356827874,1,L2
36683f2fa87e677,0,-2.6044780631498545,-5.166891392552347,1,L2
367f7d2f4b7aec3,1,1.421678262236085,-3.8852543938278106,1,L2
368576bd6ff4345,0,-3.165068845561303,0.738275838441088,1,L2
369eab0099d0b3f,0,-2.546727572839253,-5.169870553869715,1,L2
369f8f9bc2fa8f9,0,-1.541394189098856,1.4429373621825257,1,L2
36ac9271b3567b1,1,3.6182223850199864,-4.479533303125295,1,ADS
36c1cde68385968,1,3.6104643944534134,-3.6168118744933913,0,ADS
36ceff91d464563,1,3.984699765950767,-3.974384898312309,0,ADS
36d5214c0b0db9d,0,-3.5853566002310346,1.4822748115766808,1,L2
36e77723dc93531,1,0.9683767161691298,-3.765652797814554,1,L2
36eaf89cd2651b4,1,2.807915381148822,1.1841366588401183,0,ADS
36f4d75095825a7,0,-3.7457838217875508,1.4329810134455139,1,L2
36fde66eea8b945,0,-1.6353462208014984,-4.124560969051761,1,L2
371704a4937e20e,0,-2.1366896755672653,1.5903597185919718,1,L2
3736a48287d61e1,0,-0.9147493303466413,1.3097856405949686,1,L2
37480c303aa9916,1,4.003912414312183,-3.817279817496773,0,ADS
3748f868cd7c453,0,-3.322720613448122,0.298946331592226,1,L2
3749f11b72fccfa,0,-2.2232544532141327,1.5707796806697956,1,L2
374a5d196baa2b0,0,2.8906430078606755,1.6135379335146893,0,ADS
374f676fee2c3db,1,2.5464403833551303,1.9112472187708285,1,ADS
3751f6106cea30a,0,-1.9887679116896875,1.6394163704311675,1,L2
3759781d335193e,1,3.4562822149825303,1.8699245715592965,0,ADS
375b894b4f6d73a,0,-3.344377047314597,0.3000635170862391,1,L2
375e3fe90e57fff,1,3.759192917522878,1.8581248871416784,0,ADS
37698ff82b36345,0,-3.322720613448122,0.298946331592226,1,L2
37700a335e8b1df,0,-2.180002543300217,1.5925940895799982,1,L2
37801826060a9bf,1,3.863146226647278,1.4869643811753603,0,ADS
378c0e67de82ea5,1,3.8793361593541884,1.7430809163193663,1,ADS
379b18db711efaa,1,-1.599921239706187,1.7669627827395218,1,L2
379fa369488a397,1,3.7699322230819043,1.493385923840889,0,ADS
37a20226020034f,1,3.1356174621071333,-3.4255121168315408,0,ADS
37b7520a9b54686,0,-2.8066047792369604,-5.156464327941557,1,L2
37b9d695353d6e9,0,-2.6477909308828056,-5.16465702156432,1,L2
37bce9ebe5f477f,1,2.05980995803241,1.9538097974149677,0,ADS
37c0e1dad3137c3,0,-2.6044780631498545,-5.166891392552347,1,L2
37cf90ef630eca4,0,-1.2500503517062556,1.5284505892519005,1,L2
37d2c7db4e66423,1,1.9408789884787903,1.6338746111637819,1,ADS
37db47ec7473bdb,1,3.4253111320533947,1.8600249377914813,0,ADS
37e4f5d357b320d,0,-2.5773719210533463,1.3528210051976146,1,L2
37e932a6213930d,1,-0.8473702589544381,1.558654685821911,1,L2
3801da4910a470e,0,-2.532179735275859,0.9551788132605364,1,L2
3803439ab1f445a,0,-2.057282751390188,1.58626337178059,1,L2
381c37eec27194f,0,-3.416565160202848,0.30378746873294976,1,L2
381fc8431045eea,0,-3.178344387671617,0.2914984282988046,1,L2
38268067e9cc3ec,0,-3.7341928569111578,0.3201728559784764,1,L2
382e76b026b6400,1,2.587954085489276,1.59664880718176,0,ADS
383539cf9eecb04,1,-1.2975013597815614,2.0422193495115994,1,L2
384e51a74ec101e,1,3.8793361593541884,1.7430809163193663,1,ADS
3858314d6e8eea8,1,3.1009523736942355,1.933022661391938,1,ADS
385a508e8627f3b,0,-3.2649701231375197,0.29596717027485736,1,L2
3865c8210728aa2,1,1.6837027871464512,1.618335740435617,0,ADS
3868794c4d4b3e8,0,4.173989224490931,-3.713771319322795,1,ADS
386e5d2e42c622c,0,-1.3045920573325696,1.5052224343596348,1,L2
387240601466c07,1,3.7678452053375224,1.7748741599990665,1,ADS
3874bb6a769c0bc,0,-3.7630681020664585,0.3216624366371607,1,L2
387ab08a90ed106,1,-0.2104902198779269,1.4704611067360178,1,L2
387fb65aeb5202f,1,2.8838794352877724,1.8345217523477455,0,ADS
38814d25460b4e9,1,3.9469566687758886,1.7306002438550916,0,ADS
388c947105d0bb7,1,2.2398556410239387,-3.87800185210738,1,ADS
388c9b9f366431f,0,-2.2377530336108187,1.5955732508973668,1,L2
388caab43deb96c,0,-2.411339261410366,1.3442559164101802,1,L2
388e2338fefc7f5,0,-2.756073100215184,-5.159071094094254,1,L2
389497bf5c70702,0,-3.709660358667673,1.0719530042521623,1,L2
3896c0919030321,0,-0.2994636770766225,1.815183053802109,1,L2
38ac1d9c6abecb7,0,-3.3949087263363733,0.30267028323893647,1,L2
38aff2aa1233a91,0,-1.7705901998225695,1.685731007244966,1,L2
38b526747d0f6d0,1,0.9091050131133436,1.4067086697385882,0,ADS
38c4b32541f4122,1,2.912692109490657,1.876832659078167,0,ADS
38c8a93b3f13949,1,3.955936386958982,1.7525431738798811,0,ADS
38f537fd57ac865,1,2.611409684954557,1.9078956622887888,1,ADS
38fc7065b723718,0,-0.5851323732016965,1.6040961586008682,1,L2
39092bd48c9f955,1,0.7988433553202751,-3.720395284798812,1,L2
390d11e537b3c8b,0,-3.463130477293431,1.0395219387119583,1,L2
393c43eeb38e330,1,2.7870653486160695,1.1660650794163538,0,ADS
394b02ea537b623,1,4.665994976682534,-3.902219777773776,1,ADS
394bad4fc5ff01d,1,2.2379788772120093,1.4222114968969282,0,ADS
395270ce46157ae,1,2.5657611641899103,2.0587126250645724,0,ADS
3959ce860893cce,1,-0.030881481588261733,1.9018117729329347,0,ADS
396c5cc69de6d20,1,4.585728303492205,-4.182593090326966,0,ADS
3979ce2cb9bbf11,0,3.0295162940553078,1.8525747959882053,1,ADS
3986221d84cc6a3,0,0.40434125064399357,-3.6499098800131207,1,L2
398c61a47bd26ba,0,-2.6044780631498545,-5.166891392552347,1,L2
39921144de0d421,1,3.8239005762778113,-3.5787662147916794,1,ADS
3992b4e2e6ccdd3,0,-1.8078753483629508,1.750125917195599,1,L2
39987aac7f64fd3,0,0.3486896515631547,1.8716641565352279,0,ADS
3999d2905b43eec,0,-1.5344319381076392,1.0696168791574834,1,L2
399c1502fa3b000,1,-0.5525452691525318,1.6722506890141149,1,L2
39a93421ace6d3a,1,3.8182916437470436,1.5561002267896176,0,ADS
39b01f31baa1cce,0,-0.7166228671009007,-4.2141669952601495,1,L2
39b589867e9601a,0,-1.8130069825876542,1.3676087630852385,1,L2
39c3b2df5355da8,1,3.6421088514373636,-3.666489978466684,0,ADS
39e446c64644529,0,-2.912410450452422,0.7252420076776008,1,L2
39e914432c9731f,1,3.5244787686095673,-3.505867250769998,1,ADS
3a22f2552a0e6f4,0,-3.501173296117274,1.4745812231894542,1,L2
3a288f629aa1935,0,-3.322720613448122,0.298946331592226,1,L2
3a38766eb45c01c,1,3.839295467380729,1.7822424672462878,0,ADS
3a4c66cf07cf5b5,1,-0.5097522254635674,-3.373437303607675,1,L2
3a6ba9f1419fafa,0,-2.3011168162144173,0.9192133880928332,1,L2
3a990245ebe063d,0,0.3633924968308059,1.7648181745668405,1,L2
3a9b620a9abb2e8,0,-0.9978564451008389,1.546086392576067,1,L2
3a9bca83fd54d03,0,-3.359976750359584,0.7483305078872068,1,L2
3aa44bb00362edf,1,1.3142564259145806,1.8541199373473087,1,ADS
3aaa6f68cd36c6a,1,3.3926020011233375,-3.480171311166334,0,ADS
3ad7847b10129b4,0,-0.9693457695918528,1.5681888231724856,1,L2
3adcedf42de4ddd,1,-1.122086870590504,-4.009419899149194,1,L2
3af30c276bb69b3,1,3.241292858536337,1.6927302046910366,0,ADS
3af663c87eac5ea,1,2.367774708493881,-3.803582657899972,1,ADS
3aff500e735b66d,0,2.7116696744028954,2.234359926879191,0,ADS
3b07164f997b49e,1,3.679568616699802,1.585013536527585,0,ADS
3b0f7332e7ca230,0,-2.698322609904582,-5.162050255411622,1,L2
3b435f5d69bb89b,1,3.2171489799962125,1.8552782656731919,1,ADS
3b4f2975a4f398b,0,-3.6708369285140923,0.2593348077425061,1,L2
3b559d83bff3844,1,3.8793361593541884,1.7430809163193663,1,ADS
3b63d424bc8fe7b,0,-1.0146491282004302,1.4634659659440612,1,L2
3b757ad41b78685,0,-3.688033331476949,1.4300018521281452,1,L2
3b84b8c3a920423,1,2.741662948160982,1.2361020379156566,0,ADS
3b8990bdb26fdf0,1,3.1056580259795465,1.887071509352892,0,ADS
3b9229395d5babd,0,-2.133611585902853,-4.9155884079005,1,L2
3b95fade2333295,0,2.6997651044594257,1.8900432293581864,0,ADS
3b9a7f287f5710c,0,-0.9762000112343634,1.5449692070820538,1,L2
3ba6e26d74e6f93,1,1.7341924454111926,1.7733464132841459,0,ADS
3bc34604bd403d1,1,3.1137783420696836,1.8365025392479375,0,ADS
3bcb829bf72a6f6,1,3.5468878504105237,1.6621026349912282,0,ADS
3bd562337d8de83,0,-2.6671131054525534,1.316299780791364,1,L2
3bdb47452aef732,0,-0.8665274629073441,-3.9890507596455866,1,L2
3bed82ec870ce9c,0,3.028762534188887,1.617453370746577,0,ADS
3bfa855d8f2f3ea,0,-2.0356263175237124,1.585146186286577,1,L2
3bfb14dae270f00,1,1.5088673493522549,-3.766412813262866,0,ADS
3c044b3ecff8e82,1,2.5210511673648615,1.658064599779133,0,ADS
3c07d2d05ae1aee,0,-3.0424303346524293,1.3116155494560302,1,L2
3c11baeadf9631b,0,-2.141465675863742,-4.127032474992115,1,L2
3c16270cbee19db,1,3.4949146800217012,1.6300734952387028,0,ADS
3c24945a3c605db,0,-3.592503861083262,0.6621970340446526,1,L2
3c2713a1f402941,1,3.83043654183946,1.7671412298938975,0,ADS
3c3af980a9b791f,1,0.6456852216272182,1.58356249163413,1,L2
3c3afe355352268,1,-0.12069337287868001,-4.022508810873767,1,L2
3c3b5bdd25e239a,1,3.483685145221599,-4.189895892997269,0,ADS
3c455d19ee889d0,0,-0.3877067591494177,1.6279572100973296,1,L2
3c4fd64e9cebece,1,0.7941377030349638,-3.674444132759767,1,L2
3c6fa8b341f0244,0,0.4235454833259904,-3.7206546022797355,1,L2
3c8331623772513,1,2.713715620122104,1.2115228320210432,0,ADS
3c898937838a65b,1,3.6695538830542938,1.792200776380749,1,ADS
3c9fdd4bf391351,1,-1.7143031383672496,1.5280157606156033,1,L2
3cad4d71a6699b8,1,2.8322187960851,1.9172279243092543,0,ADS
3cae49a5f1c9b2a,1,4.566190305493639,-3.766845984040896,1,ADS
3cb4ac44e082069,0,3.679312329454797,1.8025502670324929,0,ADS
3cb771235b0bfdc,1,3.180689631978501,1.8128574630450542,1,ADS
3cc17f8b88e228f,0,-1.50647102433951,-4.275234252846256,1,L2
3ceeaa7fe9e451d,0,-0.6761840271844943,-3.9299392315992487,1,L2
3d0d3a054e0997a,1,3.124067998416395,2.0560367762825007,0,ADS
3d1197234733445,1,3.075550511385748,1.903590881155781,0,ADS
3d2eef72e8b35e6,0,-0.7168205352268655,1.4980452672483608,1,L2
3d3a1dd35f4e338,0,-1.5198452401802949,-4.130519291686498,1,L2
3d4bf64a0b9921a,1,2.671857256213826,1.6364247511649945,0,ADS
3d6fefaf3732241,0,-2.1442432437238335,1.330477295317351,1,L2
3d80f45d2880fba,0,-1.1385593976895898,1.4966573455722003,1,L2
3d916b63bbc2e6d,1,3.999975792471314,1.5665626022142523,0,ADS
3d99e3452eb41a2,0,-2.0799646508674803,1.1909906048438332,1,L2
3da0c94b1ba9afe,0,-1.5078825884371987,1.3096563258738891,1,L2
3da96f8886d3136,1,2.6837302911282324,1.176081939236244,0,ADS
3dbbf1c6fa9ce8d,1,-1.9625366998341487,1.5312256596995828,1,L2
3dbc98f812a0c76,0,-3.2171256740643512,0.6428324854817573,1,L2
3dcf6f8b9b14cc9,0,-2.893230514702863,-5.151995585965504,1,L2
3dde738145b3bb4,0,-2.780981983439293,-4.424453809609258,1,L2
3dec32a59a22b69,1,4.052310200150193,-4.565215325646022,0,ADS
3dfa8573fec0fbf,0,-3.854065991119929,1.4385669409155797,1,L2
3e0297d168c6256,0,-3.237256958449555,0.7419997900877987,1,L2
3e20827af0b4001,1,3.850181177564652,1.4497460881028295,1,ADS
3e2bdafd3d96829,0,0.3862171845330996,1.7869238487339318,1,ADS
3e398b2b7ba7092,1,4.653029927599908,-3.939438070846307,1,ADS
3e41a8e3066c4bf,0,-0.9441955070954482,1.9445227432940604,1,L2
3e42ce9da063484,0,-2.299292454346108,0.9578852476722673,1,L2
3e49601295089a9,0,-0.55934088347433,1.8285892797302672,1,L2
3e4bdc3fd6cfce4,1,4.481761611728465,-3.6493382005741988,0,ADS
3e4c7e40d09d74d,1,3.3548896155756434,-3.9916011950323447,1,ADS
3e5d99121245470,1,2.6541622078142812,2.1109148988568265,0,ADS
3e671b4dfe636dc,0,-1.339722501941608,1.8838768641673014,1,L2
3e756a1e15825a8,1,-1.9109174319001938,1.4623775747996663,1,L2
3e767fc2ac05f38,0,-0.8096788977040479,1.8286372842805723,1,L2
3e7bf81fab8cb54,0,0.19334981058328862,1.7475483423093119,1,L2
3e9803373ae6975,0,0.267034791072564,1.7240805548331894,1,L2
3eab1850cebeefe,1,1.5288587944974756,-3.9251341374883713,0,ADS
3eaf96912c0f0a9,0,-2.0431798856802805,1.325263763011956,1,L2
3eb09c7de4bfa92,0,-3.387689915047548,0.30229788807426544,1,L2
3eb18de5dc8debb,0,-3.439173870352201,-4.049020646935506,1,L2
3eba3638dcad7c1,1,0.19542622066283868,1.8314474994696086,1,L2
3eca389fa864457,1,3.139943606014455,-3.467137480402847,1,ADS
3ef33e040b7b3dc,1,3.924490786999476,1.593561770462424,1,ADS
3ef8a06dc504e92,1,1.9657442070295537,1.6065501094601347,1,ADS
3f05768790632b1,1,2.855799220689205,1.39080106204133,0,ADS
3f0a22b23bf4bdf,0,-2.7640254204186228,0.8303586573549462,1,L2
3f169a09f1a1430,1,4.854181505959201,-4.139549740147032,1,ADS
3f31d9494b5ff0b,1,2.4372469281844316,1.7267532637627308,0,ADS
3f363078dfd7903,0,-2.894843887905225,-5.209482077719434,1,L2
3f3bf8d93dbfe14,1,3.9426305248685667,1.7722256074263978,0,ADS
3f3c51082914039,0,-3.5320661408240515,0.3097457913676868,1,L2
3f411fc72583306,0,-3.854065991119929,1.4385669409155797,1,L2
3f48a87d6604b4d,0,-3.1955407906344733,1.4621654726844435,1,L2
3f509880f2f4c91,0,-2.6506398795695723,1.1128050937290248,1,L2
3f64f6051e66deb,1,3.794729959617197,1.6664273511239314,0,ADS
3f6b981418b40ec,0,-3.811087880254721,1.1760777514882612,1,L2
3f6bf1a67e188d4,1,1.8825316131442003,1.3639718635234153,0,ADS
3f744fa7d50a96f,1,3.977239676127144,1.4392226988559498,0,ADS
3f78497ddd69a49,1,2.6382653943809466,1.9875283888015924,1,ADS
3f939cd631e3bfe,0,-2.4329956952768423,1.3453731019041935,1,L2
3fa95d09e7002f4,1,3.8011693124625507,1.8277940581172967,0,ADS
3fc51097c8bdc90,0,-2.1175782328292083,1.3349954057449762,1,L2
3fddde5a3db46b6,0,-1.577260973623154,-3.867285311929837,1,L2
3feb7d43ac57cfa,0,-3.2288760666933936,0.294105194451502,1,L2
3ff142802a5fce9,1,3.7764974931521667,1.6916234328564543,0,ADS
402f7074878a893,0,-2.8084690789628928,0.5810150475963195,1,L2
40316b83264305d,0,-3.322720613448122,0.298946331592226,1,L2
403c5fc83552c95,1,4.76382488019333,-4.2544089710410615,0,ADS
404c12a03171e14,0,-0.6259884894996853,1.6642950304297035,1,L2
404f7c3183a40f8,1,-0.09019846859902361,-4.166681797722075,1,L2
4055eb83316864d,0,-3.1819829662558727,-5.137099779378661,1,L2
40631e317525793,0,-2.446217793365826,1.2311645148470998,1,L2
406e173fd8a7b3b,1,3.8566165192157427,1.5279197847659887,0,ADS
4073de3c9b504ef,0,-1.7754982287695995,1.3056107550230491,1,L2
4078857f3f1549d,1,3.8879804813249588,1.758080255302336,0,ADS
4083a788ff8022c,1,-1.8005838328863386,1.6936743223463167,1,L2
4085df4e27eedbf,0,-2.9412856956077222,0.7267315883362852,1,L2
4092827daacbd54,1,4.560058102153985,-3.8511298253553656,0,ADS
40981d31dbf8993,0,-0.9846719167926004,1.4697331250798902,1,L2
40a04909e01acb9,0,-3.6908799891782063,0.31793848499045,1,L2
40a0b8fe809bb3c,0,-3.3732522924698976,0.3015530977449234,1,L2
40a190672b5a3d9,0,1.5779043901805907,1.4607254103352474,0,ADS
40a6c193304ddb4,0,0.40263032639327573,1.7292425161465683,0,ADS
40b38f5b0665ba7,1,3.987793118357728,1.524456395443874,0,ADS
40be5f395382635,0,-3.8324095572534533,1.4374497554215666,1,L2
40db72302f3550d,1,2.716766091340955,1.3105328810217605,1,ADS
40dd01ed74f2742,0,0.046588313400637654,1.7879615714285968,1,L2
40e94ffa0a7aa67,1,-0.7652475549398472,1.7993513839554727,1,L2
40f24dcab451a21,0,-1.80407294692259,0.8291483728973308,1,L2
410349554bfcd70,0,-1.0142686164152035,1.8144239300588474,1,L2
4104ed1258e00d3,1,4.560058102153985,-3.8511298253553656,0,ADS
4108fc48f4ff21f,0,-3.6502543513938637,0.6651761953620212,1,L2
41111bb2bbebd84,1,-0.18947542656438784,-4.008736983149662,1,L2
4130f72a681c2a1,0,-3.5031908956687507,0.3082562107090025,1,L2
41320a9363bd12f,1,3.7987292523666474,1.9786877456231406,0,ADS
41439f705214d5b,1,3.8181611391299346,1.9288949418200159,0,ADS
414f456d7c90e56,1,2.6430345055177136,1.8466310383360163,1,ADS
415741fb85c8abe,0,-1.9611704042386615,1.3879048754043528,1,L2
415f788917ca6fb,0,-2.4457942416992218,0.5551313014886228,0,L2
4174a239a1066c9,0,1.0920626431021845,-3.7275992609520365,1,L2
41833c9daf4dd57,0,-3.4526592166469743,0.3056494445563051,1,L2
41ac060def1a649,1,2.9537565985503793,1.831734424269308,1,ADS
41c6705622cf461,0,-2.61169687443868,-5.1665189973876755,1,L2
41c8638b940b45b,0,-2.600076508713159,0.912423681306312,1,L2
41d0a84abb97675,0,-3.1316620190657853,1.0858859439773296,1,L2
41e60e15cc0ccfa,1,3.8073815401812916,1.8954370184805287,0,ADS
41fc952dec671a9,1,-0.617440930029555,-4.360645169134963,1,L2
4200b7e329e2252,0,-2.036558254463838,-4.946636861250858,1,L2
4201155b1e0eaa8,0,-3.853835528578649,0.7942841048449027,1,L2
420fb566c542133,1,3.8444307515357723,1.4115404224042367,0,ADS
4211426c70630ab,0,-3.165068845561303,0.738275838441088,1,L2
4218f732651a43d,0,-2.590040440572204,-5.167636182881688,1,L2
421b580a5088b18,1,3.8706838715395437,1.8263316434619783,0,ADS
4224b99efcacc50,0,-3.322720613448122,0.298946331592226,1,L2
42285db4ec287dc,0,-0.7013967283716694,1.8230513568105062,1,L2
42518b912479f42,0,-2.6044780631498545,-5.166891392552347,1,L2
426b9d124d74852,0,-2.367896366773893,-4.388193842241578,1,L2
426f8c49d412f95,1,2.7167496151352304,1.3983541092168357,1,ADS
4271409f0de13f9,0,-2.4051686039148787,0.9023690118601938,1,L2
427a5b55abee9dd,0,-3.8179003842392047,0.6162547923955255,1,L2
42878cba1145d4c,1,4.646263723596682,-3.7469190197691566,0,ADS
429868ab7931e9f,0,-3.3949087263363733,0.30267028323893647,1,L2
42a6bab3e216a39,1,0.6616859408325955,-3.713319776670062,1,L2
42a6ee3cc17dddb,1,3.6033871141794496,1.7179151658209806,0,ADS
42a6f89c1e066f7,0,-2.635028828220925,1.6972486129364688,1,L2
42afbfa0201ad7d,0,-1.9542521548296974,1.2271060511022127,1,L2
42b1f7c08a2994f,0,-3.615845218588697,1.4262779004814345,1,L2
42bcedb0f9645c1,0,-2.5107757552153163,-4.568013320980491,1,L2
42bd8857d12bc86,1,2.1202061971465214,1.4329731470461604,0,ADS
42bfe841ab28024,1,0.4986108774020919,1.8341298234322185,1,ADS
42d05fde5aebf65,0,-1.9876433711479642,1.2422136734529223,1,L2
42fcf7b6efdfcc2,1,3.947752426384269,1.5636179463707953,0,ADS
4304b030a6af69f,0,-0.9444865232905595,1.8718021416942767,1,L2
4304f70c342cd2e,1,4.336164197537595,-3.8196071131541918,1,ADS
434911b9ab45ec9,1,2.894815631002592,1.9176148049577646,1,ADS
43583c88e47166b,0,-3.4526592166469743,0.3056494445563051,1,L2
435d9c04a6a3a39,1,3.499584457269376,1.6237560545566676,0,ADS
435f97d728fb991,0,-1.6497393148050346,1.4801385209810258,1,L2
4369b52fa8a9ac3,1,0.6864849303566555,1.5357493637717288,1,L2
4373871d5c8875a,0,-2.4311355913882027,1.3556032390936466,1,L2
4380ad292165296,0,1.2228291193526104,-3.8158786798640825,1,L2
439627d9d2569d4,1,2.3960912910939394,1.2470144316001068,0,ADS
43aabe476e23cd0,0,-3.5938260942416482,1.7069515611786026,1,L2
43b2318763bedde,0,2.7261798189513753,-3.8678801817788435,1,ADS
43b4f86310fe930,1,3.9607308581062353,1.4387418556568774,0,ADS
43be76633f7ed44,0,-3.337158236025772,0.29969112192156805,1,L2
43c9dd892d1c613,0,-1.9778758272131107,1.5821670249692086,1,L2
43fb9c2cb59e2d9,0,1.1466043487284985,-3.704371106059771,1,L2
43fbcee9a538d1a,1,-3.696895629092881,1.1259305449995505,1,L2
440336f3222adaf,0,-2.568384006705729,-5.168753368375702,1,L2
4409b059e33b146,0,3.4871350783514807,1.7961555810374674,1,ADS
441a09cc4feaab7,0,-2.7271978550598828,-5.160560674752938,1,L2
4422da7c2172907,1,0.044506748577883115,1.7473044151691144,1,L2
4427e6cabe13f7f,0,-3.7963155008093272,1.4355877795982113,1,L2
442b8dd1c0223ac,0,-0.3236332699466123,1.7707214824217474,1,L2
442ff7b980a457d,0,-3.6259106875787794,0.3145869285084106,1,L2
4433538a5ab5fe9,1,2.063474563446314,1.9401376899122076,0,ADS
44369e751a271f1,0,-3.498659314328534,0.6573558969039288,1,L2
444116a62a28a82,0,-1.0044039367183357,-4.721908005230111,1,L2
4445917dff4726f,1,-0.7144054835462985,1.5307398795123555,1,L2
444abc7401432e7,1,2.661988491828694,-3.997719776936672,0,ADS
444d16299c00b0b,1,1.5749184311743822,1.8809910722711283,0,ADS
445549ec1774083,1,3.794953073549547,1.6769580874238585,0,ADS
4465a5ee8899d4e,0,-2.1452083584866446,1.5076661399923699,1,L2
4468efe647fd81a,1,2.072348071936004,1.4333183762074655,1,ADS
447ab827ab584bc,0,-0.9963590215058482,-3.885633838983224,1,L2
447e3a20be02e39,0,-1.2490179726086983,1.5393763875101425,1,L2
44815bfba6eefc2,0,-3.5435855552638467,0.6021037761380252,1,L2
4496e31201f3e12,1,3.720380161130214,1.9582085103786158,0,ADS
44a3e9735d95629,1,4.454699351476973,-3.735052740361195,1,ADS
44aa78f82f08885,1,3.3939112335221746,1.9439749579112038,0,ADS
44ad2cb21ceeeb6,1,3.900966878890799,1.5349540984628365,0,ADS
44aeef2ee86a6e6,0,-3.322720613448122,0.298946331592226,1,L2
44cbb43b9c2db1c,0,-2.9253842599011968,0.5843042236247276,1,L2
44cf945ca985b59,0,-1.5816702644775045,1.6159469362550565,1,L2
44d9edbb07ecb8c,1,0.6576096852013547,1.537238944430413,1,L2
44dd2cadd0daadd,0,1.9304368668677383,1.4813627102592475,1,ADS
44f19f59a48c98c,1,3.8223342191150373,1.5070369352659214,0,ADS
4507e653f3a4898,0,-2.6671131054525534,1.316299780791364,1,L2
4508d0446acb248,0,-3.1541429626767226,0.5446283701577738,1,L2
452c08c25378730,0,-2.34136138278279,1.346539655849779,1,L2
4535e95a87738a5,0,-2.9221057598581646,-5.15050600530682,1,L2
453c2a1db45986e,0,-2.553946384128078,-5.169498158705044,1,L2
4543ac37b524119,0,-4.165857787200494,0.752810605171828,1,L2
454e2566fd13938,1,0.6923492943135398,1.671656501006725,1,L2
4556393549f4475,0,-2.6044780631498545,-5.166891392552347,1,L2
455ee6bfa539476,1,3.4818021549765645,-4.224891061340434,1,ADS
45727c4f5f33d6e,0,-3.3687207111296806,0.6506527839398497,1,L2
458edfd849fa8d3,1,3.652249307425005,1.9587022306659732,0,ADS
459d5c1dbb265c1,0,-2.7847639555070995,1.0756810590312005,1,L2
459e50a08f015bb,0,-2.9872857932892813,1.0784380406839083,1,L2
45afb790cc7264b,0,-0.6187255899843126,1.7922516742917496,1,L2
45b0caba122b97f,1,2.37851821488676,-3.7292807729339814,1,ADS
45b67aaf4f74619,0,-0.27780724321014666,1.8140658683080957,1,L2
45b81f06862d85c,1,3.901286343415374,1.7383978217558194,1,ADS
45bb3daf8fb8c19,0,-2.147709406136607,1.5843778700435678,1,L2
45bdcdad9d8ecd0,0,-2.078939185256664,1.5873805572746034,1,L2
45c8cddbfd6f959,1,2.8266375447188774,1.9471736776494382,1,ADS
45cd4d75b1d2f03,1,-0.8246763496763772,1.634684739490238,1,L2
45e88d54187c94f,1,4.3228406837100675,-3.8645719871191857,0,ADS
45ea297ef863d9d,0,-3.322720613448122,0.298946331592226,1,L2
45f715e92eb4757,1,3.8125848865278487,1.62599692876986,0,ADS
45ffa3dbfb91527,0,2.5180940293718126,1.7691016489107496,0,ADS
460289782aa5d13,0,0.04861086686565988,1.6483175495987876,0,ADS
460fab6d7160fd9,1,3.1854067817892737,2.022524510287758,0,ADS
461176147a9338c,0,0.01913220462845716,1.712101571599491,1,L2
462947832bd2caa,1,3.7678452053375224,1.7748741599990665,1,ADS
46313087c8e64f4,1,3.769613291830451,1.9436077052944283,0,ADS
4632bbafb366f9c,0,-3.3082829908704716,0.29820154126288373,1,L2
46490b627ff646a,0,0.2279605207285739,-4.042015512931705,1,L2
46521fc040435f1,1,3.8793361593541884,1.7430809163193663,1,ADS
465231c70c23f76,1,3.4663805695923107,-4.023394438712045,1,ADS
466084075ab476e,0,-2.0117725616137476,-4.5467109298741795,1,L2
4662f57cf70d6cc,1,4.695482226425409,-4.0266150252886215,0,ADS
466af6223148fd3,0,-1.7607600791896387,0.8269140019093044,1,L2
467edb2f2766c58,0,2.877706761686014,1.8020475398044837,0,ADS
46831d5e23f2c89,0,-1.7754982287695995,1.3056107550230491,1,L2
4690361713b03eb,1,3.835778463721128,1.4947911495468487,0,ADS
469cd8d228115fc,1,1.8118201691434994,1.80810275862073,1,ADS
46a8a411da3edae,0,-3.354354638988628,1.470358166307207,1,L2
46ade24152b145f,1,3.0521879879897003,1.8747862054297781,0,ADS
46b169a186a869a,0,-3.5058781256173592,0.6577282920685998,1,L2
46bc0a97c2a82b5,0,-0.6531854302290582,1.833430416870991,1,L2
46bdc47552510d5,1,3.7375128103655064,-3.9692464306815913,0,ADS
46c0021808fe4f2,0,-3.4653407115541066,1.0455296297982684,1,L2
46dc888225f18e9,0,-2.5066671544639347,-4.438604825866758,1,L2
46df057c6f5086f,0,-2.6333533083051552,-5.165401811893663,1,L2
46e037718707dda,0,1.9765172640219166,1.6550041683039518,0,ADS
470baa0a2cca7c6,0,1.0383221793961201,-3.698785178589705,1,L2
472852271e2724f,1,3.8793361593541884,1.7430809163193663,0,ADS
472bd4e88959a10,0,1.4139274691589034,-3.3119996971344103,1,ADS
4737eb96b9a64bb,0,0.4290574241110064,1.6896805450007921,1,L2
474217594eaebc7,0,-1.1078547651812312,1.8131449080199338,1,L2
474d440ca20d6d2,0,-2.828471944935127,1.0702453470611448,1,L2
4761f4055d8dbdb,0,-3.6547859327340806,0.3160765091670947,1,L2
476865b5f262192,0,-3.262952523586042,1.462292182755309,1,L2
47713b36db6b69b,1,3.8520358559385546,-3.4283591144156067,0,ADS
4796e8f23ed1026,0,-1.0415338824801046,1.5719127748191961,1,L2
47a0c3d0c715e5f,0,-3.322720613448122,0.298946331592226,1,L2
47a35c91f2ba98c,1,3.8947577447384423,1.541584293690978,1,ADS
47b8da4d03f1f38,0,-2.520523743968145,0.7552999517145831,1,L2
47bfc6b057c9012,0,-2.784948345370485,-5.15758151343557,1,L2
47c8f9f110f99a7,1,-1.0344542247067128,1.951464977099745,1,L2
47c9d9a8d7a5419,0,-1.9984998819820263,1.5942100087214637,1,L2
47d9acb9a1f666d,1,3.799279217456869,1.6353327238525526,0,ADS
47db14f0f69be95,0,0.4868688722406433,1.6626526037851945,1,L2
47e8e6fb8ea2c83,1,2.7506437621223494,1.7042230365480477,0,ADS
47feb63e5b772d4,0,1.132227683969883,-3.727675095628658,1,L2
482f59a2f13a3d6,0,-0.5898449861601072,-4.417503774238462,1,L2
4840c659796376e,0,-3.349050867475003,0.5546830396038925,1,L2
48423d905b12312,0,1.0383221793961201,-3.698785178589705,1,L2
4848631652e9672,1,3.2465297845609093,1.7969791395898642,1,ADS
4854612b6fd614b,1,2.845667558733613,-4.033236972263082,0,ADS
485aa415245e032,1,0.13945721257812077,-3.6002381229194333,1,L2
4870f3fee54676c,0,-2.698322609904582,-5.162050255411622,1,L2
4875f739eb7c6bd,0,-0.16763153489307508,-4.157541664208288,1,L2
4878736008532f6,1,3.8349693234734072,1.823867830817594,0,ADS
4883424a68be80b,1,4.454699351476973,-3.735052740361195,1,ADS
488a8ae4eedfb82,1,3.999975792471314,1.5665626022142523,0,ADS
489ede4ac25d24c,1,2.7103307496898648,1.2323591843586013,0,ADS
48a69df2a6c3a88,1,3.99690486530802,-3.7953411505711876,1,ADS
48b5a2a8a0a6ca6,0,-3.3949087263363733,0.30267028323893647,1,L2
48c96f6dce66bb2,0,-2.2330792134504116,1.3409537283797133,1,L2
48ce017448022c9,1,3.8165837930861577,1.4688312695673287,0,ADS
48cede456b5a900,1,-1.9960960452047067,1.2378280893668845,1,L2
48d2d114d2ccebf,1,3.966779934453292,-3.5664702822556893,1,ADS
48d8ef946e000b8,0,2.8479238052534837,1.7594444982655955,0,ADS
48df3f69eddeb29,0,-3.3299394247369465,0.299318726756897,1,L2
48ea6c906f63f5f,0,-3.5580947282780953,1.4232987391640661,1,L2
48ed818d6f14649,0,-2.0654334996191386,-4.945147280592173,1,L2
490042b202530f1,0,-1.8090165069948094,1.5936012110458062,1,L2
49100ec0b6a242a,0,-2.3310030949721217,1.3901122367784917,1,L2
49177fa94b66906,0,-1.8793574602979755,1.322706365310831,1,L2
49187973fd18d64,1,1.899205457393389,1.7807676065457996,0,ADS
491d81081f70696,0,-3.789096689520502,1.4352153844335402,1,L2
4927c97b3375cda,0,-3.3732522924698976,0.3015530977449234,1,L2
492b74881a12e6e,1,3.8408513578589756,-3.5339322482466464,1,ADS
492b99b5ffe0a0e,1,0.1946049180421891,1.759227952540434,1,L2
492d3bcd27a3f8a,0,-2.3535887710997647,1.3412767550928117,1,L2
4930bd60ede9c10,0,-3.517628518246401,0.30900100103834455,1,L2
493888d24a90584,0,0.038545988833671385,1.7815759569770382,1,L2
494a93972f58a29,0,0.1731902443178365,1.7289216919739134,1,L2
49576e443152267,0,-3.7966502576770704,1.1753329611589192,1,L2
49592ecd1caefcf,1,4.486087755635787,-3.6909635641455045,1,ADS
495a81fba6b5bbf,1,-0.7305159443265851,1.9214259208426694,1,L2
49637f21aebff4f,0,-2.8022032248002655,0.9228507459171017,1,L2
4971d57e5f44ad3,0,-2.9253842599011968,0.5843042236247276,1,L2
49721ad509f8b62,1,-0.6646800405408869,1.948360801194111,1,L2
498f8f9667fb6da,1,3.9607308581062353,1.4387418556568774,0,ADS
4992747ed123da4,0,-2.8903588948908703,0.7317949051416692,0,L2
49ac33f9d2672e8,1,3.810151545001451,1.464930728495543,0,ADS
49cddd631fa898b,0,-0.7548171036006085,1.6647585923083554,1,ADS
49e2ec90cd6382d,0,-0.36770467482160085,-4.076958231794785,1,L2
49f1db49f8cd147,1,4.253043839951099,-3.611899879992493,1,ADS
49f913dea340fc9,0,-3.611473065001129,0.3138421381790683,1,L2
49fe679f61db81d,0,-3.6519392750328232,1.42813987630479,1,L2
4a2a9859663730f,0,-3.8756508745498066,0.6192339537128941,1,L2
4a2abd9f66f69f5,0,-3.611473065001129,0.3138421381790683,1,L2
4a2ce9f9afd26a0,0,-2.449643552115168,1.3521255833198451,1,L2
4a2e96402c2e0b3,0,-2.0572217935711525,1.5622145918823613,1,L2
4a353641b80a151,1,3.947752426384269,1.5636179463707953,1,ADS
4a4270ce39bd820,1,4.545368726204749,-3.8877958474551106,1,ADS
4a428a80f522413,0,-3.4310027827804985,0.3045322590622918,1,L2
4a57ce4beb4f505,0,-1.7129098109585126,1.7283205608854124,1,L2
4a6be1f37deff84,0,-3.301064179581646,0.2978291460982127,1,L2
4a717ee92785704,0,-0.649806818308596,1.4984179425171944,1,L2
4a758adf99b8937,0,-1.5551593754380595,1.6934416651278308,1,L2
4a83312a10c2a30,1,3.691789252001072,1.7881856995463241,0,ADS
4a93b11e8509a2b,0,-1.4894219507842938,-3.9092412707957864,1,L2
4aa11f8103e3b99,1,3.1154157106017504,2.1392875034251135,0,ADS
4aa69dbe099a048,0,-1.1934636764131774,1.3194782548379964,1,L2
4abfcfe222150ec,0,0.18777691197923754,-3.6387380250729886,1,L2
4ad0dbaa816ab84,0,-1.7703852026125086,-3.903274048117351,1,L2
4ad7d7dddd47356,0,-0.29153373670680965,1.3579419436965114,1,L2
4ae0f7763f7a1cb,1,2.540840720680579,1.7094521588718776,0,ADS
4ae997237be9382,0,-1.7754982287695995,1.3056107550230491,1,L2
4aeae386da0c1dc,0,-3.4526592166469743,0.3056494445563051,1,L2
4b02b1b0d833d0e,0,-0.7013967283716694,1.8230513568105062,1,L2
4b0988fa9b7493b,1,2.932406555047742,1.8960089933049975,1,ADS
4b18be216990941,1,4.56699944574136,-4.095922665311641,0,ADS
4b2292b18043e9e,1,3.9740189290273813,1.8163147836420883,0,ADS
4b2fbf5038b1fbb,1,-0.9854973798381188,1.6079865975212069,1,L2
4b322f29125a442,0,-2.7418462094692244,1.065776605085092,1,L2
4b3580e69183053,0,-2.9253842599011968,0.5843042236247276,1,L2
4b35ca9c38f0325,0,-2.2496040916685094,1.2744276423620078,1,L2
4b3ab1a30529127,0,-2.5765469393163505,1.1353459648615722,1,L2
4b46eefa1d7b8ec,0,-3.6085548568632735,0.6054553326200647,1,L2
4b4ed6aae1f20c4,0,0.14446404424628592,-3.636503654084962,1,L2
4b5b13895842c1b,1,3.7151268356927942,-4.523918941375557,1,ADS
4b643bc3733e788,0,-3.4506416170954974,1.4719744570367568,1,L2
4b65528edef2a8b,1,3.9268561253876597,-3.58445728614383,1,ADS
4b7b5c197df23b5,1,-2.4582876083955,1.084534268853882,1,L2
4b9386726e6715e,1,4.45037320756965,-3.6934273767898893,0,ADS
4b9badd8c2314e0,1,0.7563156100409859,1.9684320002972107,0,ADS
4bab2ed9f78c99e,1,3.239108772256502,-4.114464312498937,0,ADS
4bc8fd3b1c7fa4c,1,3.4637305757171992,1.773160271393524,1,ADS
4bcbd23c87c921a,1,3.073852436697403,1.991183257818929,0,ADS
4be6854d979e3a0,0,0.18736947442471227,1.6874276793694907,1,L2
4c2e55083dab925,0,-1.6566432013729933,1.530859659371844,1,L2
4c39a0ef2652ee3,1,2.558128161261863,1.5365918997129655,0,ADS
4c3b0fc9f81bfab,0,-2.9253842599011968,0.5843042236247276,1,L2
4c4064483326e1c,0,-3.7197552343335074,0.31942806564913434,1,L2
4c457674d24ef64,1,2.3832640911875735,2.2346293027137287,0,ADS
4c5d1bb6fe957a3,0,-1.402558470185249,1.6035076598363787,0,L2
4c643a2b2f65d2a,0,-3.322720613448122,0.298946331592226,1,L2
4c64969ba61f1d0,0,-2.5611651954169035,-5.169125763540373,1,L2
4c753d1707263d0,1,1.1390667906953997,1.8820502479389989,1,ADS
4cba0d7d67b5dad,0,1.1288355275141324,1.5558773839941995,1,L2
4ccbd17516d5a82,0,2.423450423401593,1.6353684044687464,1,ADS
4cd19c30a221574,0,-3.9767857830299578,1.4448976587149878,1,L2
4ce1da5e1421dc9,1,-0.9605388156210182,1.346822511154519,1,L2
4ce5e32b26da9ff,0,2.8533418367096965,2.22484146929127,0,ADS
4cea3e9cc10ac68,1,-1.2987839971073325,-4.54434538896902,1,L2
4cee33de37a6f10,0,-3.322720613448122,0.298946331592226,1,L2
4cf05956a33ae38,1,-0.7869039888063232,1.8004685694494857,1,L2
4cf84913b2a6fd0,0,-2.734416666348708,-5.160188279588268,1,L2
4cfdaf92efc44d4,1,3.71996136579714,1.5682097567978546,0,ADS
4cfebce312de9f5,0,-1.175287069404708,1.7918560456694586,1,L2
4d0e5e2a7e91285,1,3.137046430138361,1.9311606855685826,1,ADS
4d12ce78f9cceeb,1,2.7854202404185915,1.7322259068261443,1,ADS
4d21152023adbf1,1,4.71901410037796,-4.0662574194146135,0,ADS
4d507c4754442a1,0,-2.2597632727912087,0.8056116108029947,1,L2
4d798ac0dbe5d0d,0,-3.2866265570039954,0.29708435576887066,1,L2
4d7c5d74eb9f6ec,1,-1.6075238904249767,1.3135642680825041,0,L2
4d83937ba1de317,1,4.564384246061308,-3.8927551889266723,1,ADS
4d867e1a774191c,0,-3.0784431100954004,0.7338070964650353,1,L2
4d9071c3d0000c5,0,-3.4310027827804985,0.3045322590622918,1,L2
4da91e509f90137,1,3.647053940665623,1.7075120397194636,0,ADS
4dab55be740b715,0,-3.582597819845828,0.3123525575203842,1,L2
4db12d984f0a923,1,3.015972402865606,1.5940179235386949,0,ADS
4db3107c88e09ef,1,-1.6057225871252303,0.8422791010053237,1,L2
4db613741606aa9,0,-3.6591286796458964,1.069346238099465,1,L2
4dba4909c267c16,1,4.486087755635787,-3.6909635641455045,1,ADS
4dbab81ac5cc067,1,4.664364056834351,-4.080402771538676,0,ADS
4dbf5b5cf7780e1,0,-2.398170147653432,0.9502618414431913,1,L2
4dc5c0cc777c512,0,0.1933615070686817,-3.6784271869935457,1,L2
4df5c475343c886,0,-1.6778771003352064,-4.173175796140371,1,L2
4df5e75df4f4fe9,1,3.7927281233769237,1.8370450527747721,0,ADS
4e08d2188ef1675,1,-1.2408694345957385,1.839289333361771,1,L2
4e15b4d932979b5,1,3.5962941553680388,1.5573996783170387,1,ADS
4e1b076a6ba368a,0,-2.715677545957391,0.9649627585710786,1,L2
4e22e1ef93a7511,1,3.816168860194566,-3.7594018160966427,0,ADS
4e32ba034aaf7ba,0,-4.138303302140658,1.4153734905252084,1,L2
4e4a38ea028e125,1,3.831663418542823,1.462416780633018,0,ADS
4e5245436f353ce,0,-2.00929606349683,1.3294094782749102,1,L2
4e6008497ca783c,0,-0.8312076854777586,1.8929856637849485,1,L2
4e6366f33f2653b,0,-2.5828216292833788,-5.16800857804636,1,L2
4e6bd638c28f802,1,4.614883285281742,-3.889258262110429,0,ADS
4e7236338e6ddcb,0,-3.7746590669428515,1.434470594104198,1,L2
4e746021b472ab5,1,3.275485740202986,-3.7968330970203814,1,ADS
4e7a4a189feb7da,0,3.700094118383434,-3.7764128259595506,0,ADS
4e8ea8becb62bc9,1,-0.6124808265319619,1.2784948701664738,1,L2
4e93be0edb6fa3a,0,-3.3039818720715335,1.291584063528487,1,L2
4e995f19bb49b13,0,-2.1393941703065047,-4.341154275335038,0,L2
4e99d3846f8714a,0,-3.615845218588697,1.4262779004814345,1,L2
4e9b36dcecf6185,1,3.721209566409842,-3.5977573831309435,0,ADS
4e9d9e1d256bbb4,1,3.8830211520390274,-3.727758204235519,0,ADS
4ea118695ef46cc,0,-1.876261059810842,0.8328723245440415,1,L2
4eaed770154b229,1,2.702291975138804,1.0434352369744622,0,ADS
4eb5fb472eb52a5,0,-3.322720613448122,0.298946331592226,1,L2
4ec23dc5a89933c,1,1.7120517596429843,1.5183785544616557,1,ADS
4ed140efb7c8341,1,2.9047607030214766,1.7021685518322869,0,ADS
4ee03d5ad586d03,0,0.030472386397059237,1.6210605559753357,1,L2
4ee4a48a2f0360d,0,-3.6259106875787794,0.3145869285084106,1,L2
4eec1b7d2dca54b,0,-2.3824640162550654,1.3427663357514958,1,L2
4ef2b00968bad86,0,-3.1316620190657853,1.0858859439773296,1,L2
4ef86957b945a92,1,4.51154026195003,-3.7809913361649574,1,ADS
4efbce3f9aada78,1,4.87874202728001,-4.704975266686468,0,ADS
4efe171aca7e516,0,-2.5367305307719725,1.011717085204115,1,L2
4f1685864c27bca,0,-2.6044780631498545,-5.166891392552347,1,L2
4f2f2a2f3679797,0,-1.0092924547876398,1.8846431057657367,1,L2
4f3076e414bfbaf,0,-0.40326781175152654,1.621243930950352,1,L2
4f46436b204b2b8,0,-4.008206019313676,1.1921401120206896,1,L2
4f4c77693090c69,0,-0.8383655389475482,1.8693092790513908,1,L2
4f4fc8492389a4f,1,-0.6786218194739444,1.79488264197942,1,L2
4f52643c2272751,0,-1.4521770677933612,1.5388776538626903,1,L2
4f57cc13779cea0,1,-1.0289409011716593,1.4436876229649058,1,L2
4f5c629dd98f12c,1,3.8793361593541884,1.7430809163193663,1,ADS
4f5fca992fa2d72,0,-2.0864927534132316,1.3274981339999823,1,L2
4f712664c3e8364,0,-3.1449375611760995,0.6391085338350468,1,L2
4f9a685d101e36c,0,-3.312956811030877,0.5528210637805372,1,L2
4f9fc96ad9c8106,0,-0.12489150503606658,-4.383971125571243,1,L2
4fa3b0881d20cbc,0,-3.322720613448122,0.298946331592226,1,L2
4fd7b9d7a56311c,0,-1.0566758559710872,1.457758499189295,1,L2
4fe294060c5e65e,0,-3.3082829908704716,0.29820154126288373,1,L2
4ff19a5f7f16d32,0,3.108424868334756,-3.589964682985214,0,ADS
5022e43fff7d723,0,-3.322720613448122,0.298946331592226,1,L2
50317ad9488bb18,1,1.9048606280449936,1.346138411314505,0,ADS
50423c969f57fbe,1,4.542928666108845,-3.736902159949267,1,ADS
50447f019c75621,0,-0.5304046804999935,1.8030509191733541,1,L2
504836ad1f3cbe3,1,3.620691689808738,1.5514137115357567,0,ADS
5048e74ad378152,0,-2.4262419010409855,1.1398676840670208,1,L2
5055b73ed18d050,0,-1.7746043993562677,1.1967546737509553,1,L2
50657a230adf3a3,0,-1.0607890115812886,1.5064590066409453,1,L2
50678d1cd759a85,0,-2.8860671647838454,0.6833146315257544,1,L2
507ca034d6ef5a6,1,3.736456801178708,1.730784983783376,0,ADS
5083b485cd96216,1,2.1663623347815673,-4.0235759437867475,0,L2
5087c39faf71fd8,0,0.37783011940845634,1.7640733842374985,1,L2
5088ad970422784,0,-0.06259903313573142,1.7251144643385075,1,L2
5089b3e333ddd07,0,-2.618915685727505,-5.166146602223004,1,L2
5089b76135e14b4,1,0.16572967288688836,1.760717533199118,1,L2
50b8e1c5db49055,0,2.3974935599576597,1.8851205858965825,0,ADS
50bf58fa0ae9fb9,0,0.1154397540072345,1.7319008532912818,1,L2
50c185e8237da01,0,-2.4701379055143056,0.9057205683422329,1,L2
50c1a8bcc51def8,0,-3.4021275376251983,0.3030426784036077,1,L2
50c30db70309820,0,0.19734378935492983,1.7964206401589042,0,ADS
50cd58141874683,0,2.962033833452367,1.81034759559587,1,ADS
50de63f80743bbd,1,3.192437139368306,2.0762703852076285,0,ADS
50ee93e087a787d,1,2.28316850875689,-3.8802362230954066,1,ADS
513a4876d6f7df2,1,3.969692785120059,1.8579401472133943,0,ADS
513b5d9d433507b,0,1.1288355275141324,1.5558773839941995,1,L2
5145e0d9a125489,0,-1.487764759903741,1.5870570192161038,1,L2
51485dd33c041b1,1,-0.6064337065856924,1.7911586903327092,1,L2
51551c86ba6b923,1,4.106290602352234,-4.130776087669833,0,ADS
516d5bc67893025,0,-3.0031260572376044,-5.203896150249368,1,L2
516e13aa5873239,1,-1.3757499621449707,-4.350190987526477,1,L2
51735bd7be89d4d,0,-3.2288760666933936,0.294105194451502,1,L2
5177a6e9cb6800b,0,-3.1271516117303553,-4.00754714726243,1,L2
51810d1486ad02e,0,-2.2026927652806942,-4.342497285686257,1,L2
5188cf427926e98,0,-0.824976984862928,1.327607622109667,1,L2
51a137102a23b5a,0,-3.7096897653434247,1.4311190376221585,1,L2
51aee210c33e38f,1,0.4411387449772612,1.7821019347609184,1,L2
51bfbb4becf2e95,1,3.204979688521967,1.6510776751163647,0,ADS
51d35c2416b801a,0,-2.9817927393999737,0.5569524292081516,1,L2
51d7f6cf2fa7fef,1,-0.8151172613874282,1.7850750946234484,1,L2
51e741ffe56b495,0,-0.24610176462443015,-3.601325408540166,1,L2
51f9bec2751359a,0,-1.630821475990785,0.8202108889452253,1,L2
51fddeccedd918b,1,2.7481380192940454,1.4424432854325262,0,ADS
52013c1519577f5,1,3.77305641703223,1.6721134625353773,0,ADS
523fa67264abcc7,0,-2.8614370614097075,-4.861871972183192,1,L2
5244d9a69260cad,1,-0.29551494623550506,-4.073742626551158,1,L2
524ece3ad851269,0,0.198310996558732,1.8433724669808675,1,L2
52576a193af7a35,0,-3.615845218588697,1.4262779004814345,1,L2
527ef4dc8c4aa8b,0,-1.1449613544434212,-3.8353673764673433,1,L2
528bba0c1e9460a,1,3.54547322758576,1.0767656563152443,1,ADS
52a6ee6250f782c,0,-3.611473065001129,0.3138421381790683,1,L2
52b720a94612208,1,4.545368726204749,-3.8877958474551106,1,ADS
52cab3efe762fbc,0,-3.409346348914023,0.30341507356827874,1,L2
52d204b4a4df1c5,1,3.670916328885158,1.668264263670197,0,ADS
52f3d36cd1dd654,0,-3.322720613448122,0.298946331592226,1,L2
52f4754707cc425,0,-3.6980988004670317,0.31831088015512105,1,L2
52f4d4273b22dfc,1,4.561864161586317,-3.7252206204695892,0,ADS
52fa41b317479cf,0,-1.0270962599024547,1.571167984489854,1,L2
52fc174527f8223,1,4.0652021121964115,-3.7749778971861967,0,ADS
52fc89774d1d342,0,-1.2482839749504882,1.9401378903087176,1,L2
5309d9f337e9e86,1,-0.07821304333214549,1.7536351329685225,1,L2
5313d36258c04e8,1,1.6371434579838728,1.7906525638472648,0,ADS
53150c4d8157ecd,1,3.794953073549547,1.6769580874238585,0,ADS
5322276a1039ae7,0,-3.439173870352201,-4.049020646935506,1,L2
53228bea4445c93,1,-2.224958897360275,1.2903847582747587,1,L2
532a8a4e54c581a,0,1.1899172164614495,-3.7066054770477974,1,L2
53420c63628fd5e,0,-2.5250711389727774,-5.170987739363728,1,L2
5342e690698d92a,0,-1.1679762762382728,-3.8373795882752315,1,L2
534bef0e0babf42,0,3.5380883331770976,1.7823660339407468,0,ADS
534cbfd41219280,1,4.746520304564042,-4.087907516755837,1,ADS
535a3d4be962938,1,3.3707252043405482,1.925718481127132,0,ADS
53670ad3ebbb300,0,-3.563628615927961,0.6607074533859685,1,L2
5371a715b4855ae,1,3.8223425711500525,1.8782129228420803,0,ADS
537280257928053,0,-1.9258207332602493,1.0240950043603778,1,L2
537b727c111732c,0,-3.387689915047548,0.30229788807426544,1,L2
537d27441ba0908,0,-0.5182856410547599,1.9225514285784677,1,L2
537e686c1a273b5,0,-3.416565160202848,0.30378746873294976,1,L2
538fbb5c0f2067a,0,-3.322720613448122,0.298946331592226,1,L2
539865679753067,0,-1.3092902120497016,1.5447412863420942,1,L2
539f61fbb74ec84,0,-2.306940641342038,1.3278928880023384,1,L2
53b2c239e2ff616,1,3.678953179807184,-3.637190588093477,1,ADS
53b75ec92638910,0,-3.337158236025772,0.29969112192156805,1,L2
53c4a6c97863cc0,1,0.12241680515393706,1.7629519041871444,1,L2
53ca8018da88a79,0,-3.0664819856346694,-5.1430581020133985,1,L2
53d03eb5dec0973,0,-1.4998347189985932,1.2550222853664614,1,L2
53ed516aacbba68,1,4.632975652675537,-4.124491947754368,0,ADS
53f90b378293caf,1,3.3103093045402474,1.7555432916438487,0,ADS
53fbfbdbfdebe2b,0,-2.076671384859865,1.3938631980390899,1,L2
540c6399752da88,0,-0.7204123571418661,1.9329784931892573,1,L2
541af028674029f,1,2.703771183413264,1.5232301999307538,0,ADS
541bcd1c960138f,0,-2.4185580726991915,1.3446283115748512,1,L2
542167efd666955,1,0.561302135822577,1.5174396627386222,1,L2
542a8f6e1876cf2,0,2.459157005623855,1.7360822832387126,0,ADS
5435df14596cad3,1,3.9131566577650325,1.7345264711547945,0,ADS
54464ecd9639a6c,0,-2.9942938727464172,-5.146782053660109,1,L2
54488e2e90d89d9,0,-0.9775482272919466,-4.642275278717308,1,L2
545a4afdb3f22c0,0,-2.4185771211453626,0.8138043044257581,1,L2
5460a8c3009531e,0,-2.5034147051063016,-5.1721049248577415,1,L2
546b4147f01e3aa,0,-0.5015903931637283,1.8256101184128988,1,L2
548ca263c9758aa,0,-1.09980109931482,1.6907054639470342,1,L2
5495e0dccac8dca,1,3.7678452053375224,1.7748741599990665,0,ADS
54a1cf0f4ef5302,0,-2.809422036089091,0.9232231410817727,1,L2
54af34c96cc588e,0,-2.864355269547562,-5.153485166624188,1,L2
54c708f74551e31,0,-2.2449718448996436,1.5959456460620378,1,L2
54c7c454058ca76,1,0.6745604667825191,1.5820729109754457,1,L2
54c968dc088946e,1,-0.8246763496763772,1.634684739490238,1,L2
54c9d8db11a133c,0,-3.1506312229836526,0.737531048111746,1,L2
54ca405cf28eaf0,1,4.614875319437868,-3.791008195984847,0,ADS
54d130a878bc341,1,3.847947755195374,1.6989917401036758,1,ADS
54f6fdc5f9697d5,1,2.4925906527923667,1.2433949757878595,0,ADS
550378e84cbe32d,1,4.597578709652454,-3.7227568078252053,1,ADS
550765aae519cfb,0,2.8089165789839607,1.6805335248498752,0,ADS
5530686c32de26e,1,0.25679044316757654,1.8006523118654343,1,L2
5533db19ebf2aa3,0,-3.3687922615662784,1.471102956636549,1,L2
55386ef8e9770e2,1,0.0975515866031737,1.7902764058907918,1,L2
553c3c9c2ffa4db,0,-2.1439084868560907,1.5907321137566428,1,L2
5568200e85fa64f,0,-1.0309488886541154,1.88576029125975,1,L2
5573d5c651733e4,1,2.1317511523426687,1.3909753883101834,0,ADS
5578437a8dca399,0,-2.003205534267338,1.6401611607605096,1,L2
558988ec035939d,1,2.9727099170805698,1.748401606080583,0,ADS
558b2f6cb423a8b,0,2.3770000222843914,1.9115093466836977,1,ADS
55900eeefc12378,0,-3.439173870352201,-4.049020646935506,1,L2
55b71dab7ddc4a8,1,2.738380334671841,1.1902272913603058,0,ADS
55ba24e16d0e131,0,-3.7385650104987254,1.4326086182808426,1,L2
55bb803a6b7193a,1,3.4223618971060166,1.5963876257339562,0,ADS
55c3d3c5cee6cc3,0,-2.113971826662101,1.16930201512123,1,L2
55c8430d3188214,0,-2.0509958770414882,-4.9458920709215155,1,L2
55e316a62460fa1,0,-3.5150835271179828,0.563248128391327,1,L2
55f16770d143db9,0,-2.11503324170079,1.5892425330979587,1,L2
55fa7fe64ebdb79,1,-0.4623521822570295,1.7029599967776994,1,L2
5617abd1d769947,0,-1.510068741313842,1.5186417697266505,1,L2
562629975f0a71f,1,-0.4259634243650618,1.7818488112159327,1,L2
5628c7d47cd45e9,1,2.276596600717402,1.5941668368146305,0,ADS
5635882533ef399,0,-2.456732336500471,-4.377717409179216,1,L2
563b9b640f3a007,1,2.997215364064014,-4.061721190270495,0,ADS
563dda883ac7ccc,1,3.3050257139141657,-3.1734504391030485,1,ADS
563fb4d3e23f0ef,1,0.06145753015904759,1.7921383817141472,1,L2
564065f900b6621,0,-2.3979497926260533,0.9019966166955226,1,L2
564fdac381965d4,0,-0.9154479080329114,1.879801968625013,1,L2
564ffc596b99928,0,-0.6002057242353519,1.8810690185154746,1,L2
56587e390ad44d6,0,-2.050899629152046,1.6029366167987091,1,L2
56659bcbb0bdf08,0,-3.6042542537123037,0.3134697430143973,1,L2
5665cd0476afae7,1,2.6150163457407687,1.6823633469687564,0,ADS
56694f085766eda,1,3.715177761040709,1.8683808029504745,1,ADS
566bb10e6506178,1,3.0262511018024694,1.8911678561642737,1,ADS
56830e4872a9456,1,4.538602522201523,-3.6952767963779602,0,ADS
569e9de402e0e26,1,3.8793361593541884,1.7430809163193663,0,ADS
569faa4ed9efc98,0,-0.7926004700301181,1.936702444835968,1,L2
56c414bd2664029,0,-0.8399937561175903,1.467904495326711,1,L2
56f972d159e8b00,0,-3.1271516117303553,-4.00754714726243,1,L2
57077729fff8e86,1,3.2893491432820947,-4.054121915145523,1,ADS
572462203aa9640,1,-0.7343740126058533,1.6343630487690244,1,L2
572d061decfdca8,1,3.7068947132143575,-3.6705782942106944,1,ADS
572ecf5d1bbec56,0,-2.1392346666956836,1.3361125912389895,1,L2
572eda94d5649db,1,4.597578709652454,-3.7227568078252053,1,ADS
57339907301589d,0,-0.8073231365534103,1.533788813340088,1,L2
57436958474a78e,0,-2.8084690789628928,0.5810150475963195,0,L2
574723112c9f397,0,-0.5898503448290117,1.7907620936330653,1,L2
5747703f276555c,0,-2.107753472592929,1.5648213580350587,1,L2
574e6cd2eb9dd2b,0,-0.6065896809465906,1.759374364771917,1,L2
5751adb395858f0,0,-3.27940774571517,0.29671196060419963,1,L2
5758e053c1fc401,0,-2.6044780631498545,-5.166891392552347,1,L2
5763c67cab15d15,0,-2.2490844652453292,-5.0049590219522075,1,L2
57697a9186b6201,0,-3.1884808914503298,1.28562574089375,1,L2
5775424de1e4cb2,0,4.235060236549797,-3.738134017248406,1,ADS
57832b5fdbd56bf,0,-3.659158086321648,1.428512271469461,1,L2
5796878c842d121,0,-1.355123736354346,1.5078292005123322,1,L2
57992d8bb01c719,1,3.8706838715395437,1.8263316434619783,0,ADS
57c001739109f42,1,3.9477658090236094,1.4015235625843465,0,ADS
57c4dd4c4d30838,0,-3.1379492124285533,1.2830189747410525,1,L2
57cf0d88fbb5190,1,3.7191522255494194,1.8972864380686,0,ADS
57e4cb7d01bf5d8,1,3.8823968486486504,-3.6325931111511967,1,ADS
57e9040c5de3c46,1,3.120249026480054,2.0799943368543388,1,ADS
57f9aae013ee227,0,-2.9437621937246408,-5.149388819812807,1,L2
5805d485e10cf41,0,-2.2453066017673864,1.3356908276227457,1,L2
58096b8ded4dc31,0,-3.3155018021592966,0.29857393642755475,1,L2
58097e3535b6e50,0,-2.6477909308828056,-5.16465702156432,1,L2
58198ac3b53071f,0,-0.7559257082293145,-4.18609770322716,1,L2
584d8c3d16576f0,0,-2.2164313566120857,1.3342012469640616,1,L2
5850cea579bf584,1,3.867145519396728,1.7992247756745696,0,ADS
58707dc792e3686,1,4.726870630584224,-3.9825258490729296,0,ADS
5870cc72e7b0bba,0,-1.6640072747529338,1.273817511343349,1,L2
587e598f2625ffb,0,-3.3904486954327537,1.472220142130562,1,L2
587f0e68b273edd,1,3.754866773615556,1.8997502507129844,0,ADS
58879cba1755aad,1,4.566190305493639,-3.766845984040896,1,ADS
588cf97d5f41cd9,0,-3.481921518676129,-4.430814293578866,1,L2
5890c0fce2d43c9,1,3.6748098317182367,1.7920020582461706,0,ADS
58c062c6cb6bb5a,1,2.602145623606956,1.7823807322624308,0,ADS
58c9b97e060f21a,1,3.845531295814422,-3.7868930326482104,0,ADS
58cbcdb4881d80a,1,3.8793361593541884,1.7430809163193663,1,ADS
58cc38222400492,0,-2.2088777884555175,1.5940836702386825,1,L2
58d4d4d7eae563a,1,3.625419712700693,1.7222156004396008,1,ADS
58dd52c9e4277dd,0,-3.7457838217875508,1.4329810134455139,1,L2
58ec2e18b3d1898,0,-1.6669155324349112,0.8220728647685807,1,L2
58ed5a4d4e93504,1,2.0105337436500563,2.0447226819227127,0,ADS
59079bb2dd3325d,1,3.6683018943104972,1.6826994928321957,0,ADS
5910d0eaa7eb699,0,-2.9253842599011968,0.5843042236247276,1,L2
593c74a00dde78e,1,3.8793361593541884,1.7430809163193663,1,ADS
593db4c0210a952,0,-2.776457238628579,0.5203180483877277,1,L2
594a4ee91cc1b56,0,-1.04789967023528,1.8409263247147174,1,L2
594c914927316a8,0,0.4136589531625812,1.8683126000531884,0,ADS
59513ab6ced8ed3,1,3.875506406732682,1.7232319366078703,0,ADS
596287172a74fd6,0,-3.2624251320091004,0.5502142976278398,1,L2
597a4a06347e7e6,0,-1.847032491009461,1.5231585162530084,1,L2
599a12c9a4338dd,0,-1.1553028967635246,1.8527742423032718,1,L2
59af235538b1951,0,-3.1307304011397283,1.2826465795763815,1,L2
59c8f0ea2de9faa,1,4.454699351476973,-3.735052740361195,1,ADS
59cd6a298f29736,0,-2.6333533083051552,-5.165401811893663,1,L2
59d489f93e681d4,0,-0.4339950068492585,1.9954657995588743,0,ADS
59d825b3a1c8604,1,3.8695784747319846,1.490864922247146,0,ADS
59e155e20ed427f,1,-0.6083587685783142,1.5590791588355568,1,ADS
59e16c5e1dc4195,0,-3.5725323508557456,1.4240435294934082,1,L2
59e45d877dc8e66,1,3.8582018311033934,1.8897333908930944,0,ADS
59ea87326febea5,0,-1.6570026546679741,-4.1234437835577475,1,L2
59f13545e1948d1,1,3.7678452053375224,1.7748741599990665,1,ADS
59f1938f3e901e0,1,2.5876210367283488,-4.017539472301251,1,ADS
59fc1372f074547,0,-3.2343387503117,1.0336129845287945,1,L2
5a13d8791eee1c9,1,-2.2733432743401463,1.526599832474947,1,L2
5a181df177ae967,1,3.683462119532881,1.7087513311035587,1,ADS
5a1abb3d4ba74dc,1,-1.6796096402777192,-3.8200744679765,1,L2
5a1bd34a2ad2bc5,1,3.839295467380729,1.7822424672462878,0,ADS
5a2acaec2656834,1,4.726870630584224,-3.9825258490729296,0,ADS
5a2e2ce28378bff,1,3.5216863554335167,-3.6278033922582646,1,ADS
5a2e9e5d6cbbf9d,0,-1.6785052088753618,1.2961747766145106,1,L2
5a2eb17bf89e43c,0,0.044202800489888505,1.805614008564585,1,L2
5a3c442be71fcfe,1,4.0060747607404785,-3.7120538121718423,1,ADS
5a3e624e03f04e5,1,3.2210956155255452,1.8179786905696258,0,ADS
5a44649d10bde57,0,-1.0166860532684474,1.568756045309838,1,L2
5a484f87373eff3,0,0.06982367552545116,1.632985987404865,1,L2
5a48c590094a24f,0,-3.4920057224487318,1.0410115193706426,1,L2
5a49d5ea4fd4679,1,2.6637549334894044,1.3763204565370184,1,ADS
5a4b64087c340c3,0,1.5865823923251,1.584484315555152,1,ADS
5a668eccfccb420,0,-1.3098760218456111,-4.402653527178251,1,L2
5a9c54732c893ef,0,-2.9340668843188977,0.7263591931716141,1,L2
5aa3127c025c596,1,3.4848032013513732,1.589192921996739,1,ADS
5ab71fb3ca70aad,1,2.394783332053856,1.9856219116152327,1,ADS
5ace8e70579d484,1,4.072612403633611,-3.7125811650266596,0,ADS
5ae11ed429c3054,1,3.9273444231257444,-4.347071647969603,1,ADS
5aface9ce63be5a,1,3.906390453761807,1.9270455222319445,0,ADS
5b0e189c8c2a217,0,-2.828471944935127,1.0702453470611448,1,L2
5b1ac88c3c474e4,0,-0.18206915747072547,-4.156796873878945,1,L2
5b390c5a66d9694,1,3.1413725740456835,1.8895353219972766,0,ADS
5b397bdb94b6ab2,1,2.9477296848044894,1.9166382592053717,1,ADS
5b42117b714fe53,0,-1.5992521643573723,-4.126422944875117,1,L2
5b4d34ff518edf1,0,-1.8093884050282507,-3.71557028260804,1,L2
5b5e0bd5f0ba750,0,-0.20796419226646748,1.8473953000452963,1,L2
5b5eefe143e8de3,0,-2.078939185256664,1.5873805572746034,1,L2
5b816ee39d07662,0,-2.9722768504096693,0.7638388414799657,0,L2
5b891004a3bea04,1,3.05512634695777,1.8896782755055894,1,ADS
5b9c3b0562e5b31,1,3.4108735094757443,1.8607697281208235,0,ADS
5bb2a6d8410fa7b,0,-3.439173870352201,-4.049020646935506,1,L2
5bb5073dab94bae,1,2.8728687941631965,2.193201907430564,0,ADS
5bba16aeb8c54ef,0,-1.2826026011485367,1.1108446937367529,1,L2
5bc1b9d65a04bdb,1,3.8533792959102553,1.9928330977472024,0,ADS
5bcd2120010868a,1,2.4719423317650473,2.270563394567813,0,ADS
5be32b07aabfb0a,1,3.736456801178708,1.730784983783376,1,ADS
5bfa8081ac63312,1,3.7780118138659065,1.5893000889000877,0,ADS
5bfbec57cba2964,1,2.4173491974790036,1.8333159749505135,0,ADS
5c02d743c2cae5d,0,0.09491538778706488,1.7545942272637474,1,L2
5c0687c4c5a4bc0,0,-2.756073100215184,-5.159071094094254,1,L2
5c15effac490b52,0,-2.0042744548269864,1.548854106056369,1,L2
5c16b87f5ba93c8,0,-2.5351072071137324,0.9090721248242726,1,L2
5c20154740676df,1,4.300345278676247,-3.940083114871924,1,ADS
5c272086feb4f9f,1,3.5691830594906957,1.9522735014221178,0,ADS
5c3ab96054882b2,0,-4.30768902184858,1.0145056358182314,1,L2
5c4495476e1b810,1,4.5834948811229275,-3.9333474383261207,0,ADS
5c44d0a835f6e52,1,2.7570106734373496,-3.784038470744357,0,ADS
5c5929a8c2a2e89,0,-2.911688028798575,1.1595179467283334,1,L2
5c5cea6eaeae267,0,-3.322720613448122,0.298946331592226,1,L2
5c611728d7fbd04,1,3.775072799498072,-3.700137166902368,1,ADS
5c754ae9d6066aa,0,-1.4503415244801008,1.5722877771567974,1,L2
5c8348bcf998c8b,1,3.7009422872131084,1.8362899525964396,1,ADS
5c85f827ae08287,0,-1.9016213268860618,1.2484120609211933,1,L2
5caf4743543d731,1,3.190636668633481,1.9868015135270067,0,ADS
5cb99b0207a6f76,0,-3.439173870352201,-4.049020646935506,1,L2
5cd19a835b8ee72,1,3.176349271266775,1.903091393535593,1,ADS
5cd263614efe95e,0,-2.391893061804566,1.3491464220024765,1,L2
5ce8d861c663f71,0,-3.387689915047548,0.30229788807426544,1,L2
5d01bd2d1902ba8,0,-3.1449375611760995,0.6391085338350468,1,L2
5d1442b5108d736,0,-2.6694473647492813,-5.163539836070307,1,L2
5d593bf11f3079c,1,1.4577723186802114,-3.887116369651166,1,L2
5d5b01201b79bde,0,-2.9253842599011968,0.5843042236247276,1,L2
5d62b1b59230122,0,-2.3979497926260533,0.9019966166955226,1,L2
5d69e01333fae90,0,1.4021770234935544,2.2988416782792145,0,ADS
5d70d645aa6212e,1,4.46767778319894,-3.8599288310751114,0,ADS
5d73a6d45dc478a,0,-3.0351302423624493,0.7315727254770089,1,L2
5d7f8c8f205bfdb,1,3.784988751200718,1.3263901288566358,0,ADS
5da4eca366e56f7,1,2.7795184576089853,1.5847825277737984,0,ADS
5dd66490a1536ca,0,-2.5972592518610296,-5.167263787717018,1,L2
5dd7038d2ace4ed,1,4.104225043267347,-3.9420228407139977,0,ADS
5ddb21b77d7eb02,1,3.8879884471688326,1.6598301891767544,0,ADS
5df5a47b8af282f,0,-1.1439488216253573,1.8150068838432891,0,L2
5e051d969411d79,0,0.22857662070867438,-3.6865511529353885,1,L2
5e05dd39035930e,0,4.079802846103553,-3.848479529928318,0,ADS
5e09559e538f126,1,3.154065111289321,-3.4004219861159197,0,ADS
5e2e6831c0f278a,0,-3.230489428518798,1.2921014175589316,1,L2
5e3f07276cec9d0,0,-3.5898166311346533,0.31272495268505524,1,L2
5e57ec1923bcfa0,0,-3.439173870352201,-4.049020646935506,1,L2
5e644a30ee794ee,1,3.3311408037980317,1.7866373383434018,0,ADS
5e7093f74d2bfa6,0,-1.2273633635590122,1.9197293879603456,1,L2
5e8ac7239468e4d,0,0.437510019881827,1.8537733776991814,0,ADS
5ea054a03072b23,1,3.3548896155756434,-3.9916011950323447,0,ADS
5eaff10802702c1,0,2.3829892210775308,2.0832550686865456,0,ADS
5ec8681e6ca799e,1,-1.0119901195904946,1.4885215895099384,1,L2
5ecd17ff9881950,1,3.7678452053375224,1.7748741599990665,1,ADS
5ee2fc122ef1e56,0,-0.4546488229931758,2.1857227314299523,1,L2
5eea83f38d8c585,1,0.005590890669475047,1.6892333002184605,1,L2
5eeee0f32b430a7,0,-1.4994361715608466,1.165967353068095,1,L2
5f024177734a30d,0,2.6728102369461118,-4.270115651356336,0,ADS
5f13ffff6407733,0,3.2076779289026205,-3.4924672624886144,0,ADS
5f2b5ddaa1cb253,0,-2.7820301372326304,-4.8659683189945735,1,L2
5f48e9152ed0078,1,3.718246862842397,1.6697884983112157,0,ADS
5f502707c16ba16,1,3.9295712867973447,-3.7373656663993255,1,ADS
5f7ba65a97e90d7,1,4.606230997467098,-3.806007534967817,0,ADS
5f84ecec46032ea,1,1.157856271510237,2.0466897264008677,0,ADS
5fa6c7752c2197b,1,-0.923181199463605,1.8608890194172274,1,L2
5fbc5372ff3cbb0,0,0.33568550551132337,1.7895306148866292,1,ADS
5fdb1937715748a,0,-1.321905442276951,1.1389139857697423,1,L2
5fe7d36f4a15f81,1,-1.3785924462522285,1.5637320792835918,1,L2
5fef8206b21413e,0,2.4613806591667604,-4.105746903988234,0,ADS
5ff956ebae1d415,0,-1.9850946385019361,1.5825394201338796,1,L2
600a9a6dddb5778,0,-3.9262541040081813,1.4422908925622904,1,L2
600e5d97e4280fc,1,4.472003927106261,-3.9015541946464194,1,ADS
601cf7916b0d017,0,-2.1480492084805034,-4.914843617571157,1,L2
601d939b0173903,0,-0.9153202619401473,1.943033162635376,1,L2
601f79269327cb2,0,-3.322720613448122,0.298946331592226,1,L2
6029b5a02bd1508,0,-0.7118225298620128,1.3647748904461083,1,L2
602aed913abca02,0,0.4966008425329826,1.7078589654948984,1,L2
602c27df759ba67,0,-1.9840960192744808,0.7617261471554337,1,L2
602da765fbfad7f,0,-1.074358196420908,1.5235186545346884,1,L2
6038d41a0e9de1c,1,3.6216978260564314,1.9479602691896618,0,ADS
603fb5140a1d8dd,1,4.64852153934779,-4.003005084317455,0,ADS
604ef6715f68126,0,-2.11381995432783,1.5517553162080604,1,L2
60714e4579e7ff2,0,-2.1831318022838313,1.1915509727093074,1,L2
607fae3e1f8ca19,1,3.4094143186200605,1.7366384277362477,1,ADS
608483a735c3efb,1,3.568077662683136,1.616806780207285,0,ADS
6094a3b4919609c,0,-3.0712242988065754,0.7334347013003643,1,L2
60a080adece670a,0,-3.481534461802275,0.3071390252149892,1,L2
60a42c20ba1d33e,1,3.9383043809612444,1.8138509709977038,0,ADS
60abbf608bb20e1,0,-0.7454981122562017,-4.212677414601465,1,L2
60b0f949eb469b0,0,-3.3588146698922476,0.3008083074155811,1,L2
60cbb4700bd9086,0,-2.7705107227928343,-5.1583263037649125,1,L2
60fe7e3c889b2c0,1,2.6269885619424733,1.748147856911194,0,ADS
6110cdd5812019e,0,-0.8786027963820207,1.8056579002199078,1,L2
61338946a15b2ae,0,-3.27940774571517,0.29671196060419963,1,L2
61365ff27de353a,0,-2.3824640162550654,1.3427663357514958,1,L2
6138e966c7afce9,0,-1.533772353580859,1.0351506580680079,1,L2
613b81611eec728,1,-0.6331095123655491,1.3941757766580076,1,L2
614b6690f9da766,1,3.943426282476947,1.6052433099421013,0,ADS
6167d551cd25d56,0,-2.6044780631498545,-5.166891392552347,1,L2
616f675a2e2ccb7,1,4.454699351476973,-3.735052740361195,1,ADS
617413a35322fb6,1,4.59188236378076,-4.033751772535935,1,ADS
617aa9a79787db2,0,-2.748854288926359,-5.159443489258925,1,L2
61933601d199eeb,1,3.2142563126147095,1.814025297266557,0,ADS
61aad41dac56bc1,1,3.759192917522878,1.8581248871416784,0,ADS
61c19da5a2f2eef,1,0.03258228500374677,1.7936279623728313,1,L2
61ddbcabf119b26,0,-3.896259154622944,1.061865648592222,1,L2
61de01ac8738a82,1,-0.05901961208971937,1.7278775286419947,1,L2
61e2699a522eebd,0,-3.8396283685422787,1.4378221505862376,1,L2
61e8006bcb4c98c,1,3.9610404973054147,1.9411908743560062,0,ADS
61e9c6548c62bf5,0,-0.49212893221364146,1.7546461523766672,1,L2
620c3225ccc3217,0,-3.322720613448122,0.298946331592226,1,L2
6210d13877c359b,1,3.2340997615773768,1.9001122322182247,1,ADS
6214151e835966d,0,-3.1388808303546107,1.0862583391420007,1,L2
622003f66ed0b90,1,-0.5638620096693593,1.262445625502765,1,L2
6220f77b4905f81,0,-3.0087314953240676,-5.146037263330767,1,L2
622c48928429099,0,-3.6836611778893813,0.317566089825779,1,L2
622ea0e82c437fd,1,2.501107979893268,1.9946038969303426,1,ADS
62308f4058ad831,0,-3.322720613448122,0.298946331592226,1,L2
623901f9f7d705f,1,4.744470093086376,-3.680741944827579,0,ADS
623cbe4cd511622,1,3.0777973990466068,1.8636040952116386,1,ADS
62445d0a1b13612,0,-2.98909266039805,1.16730089924568,1,L2
62605543c157332,0,-0.8070380926077685,1.93744723516531,1,L2
6267171ee6999ae,0,-2.6722646216014114,0.9161476329530226,1,L2
6269372cac277b8,0,-0.705394029207538,-4.188704469379858,1,L2
6273c7a49481a79,0,-2.655009742171631,-5.164284626399649,1,L2
628827178b30d8d,1,1.385584205791959,-3.8833924180044552,1,L2
628ef8f312ce5c6,0,-3.2072196328269182,0.29298800895748894,1,L2
6294af1d282f66d,0,-3.5681601972681776,0.31160776719104194,1,L2
629e0e574d3f7de,1,3.8652523308246622,1.532490285818452,0,ADS
62a06417fd0e440,1,3.2340997615773768,1.9001122322182247,1,ADS
62a7c3abeceb5f3,1,4.58782102503025,-3.9749728018974264,0,ADS
62c1ea636449cfd,0,3.263035964551713,1.8745738716613114,0,ADS
62c34a263ca5455,1,2.8423302747554287,1.9581084975512182,1,ADS
62c8177e09ec066,1,3.2820132236125485,-3.5140823272964496,0,ADS
62cf95bc8586ee7,0,3.1936171272748393,-3.511555092983326,0,ADS
62ef06dc892e5a3,1,3.9913235046566697,1.6498133293568642,0,ADS
62f0dc7503b9379,1,2.626889380655175,1.2220205350400057,0,ADS
62f5ffb1da321a9,1,1.7124784321311703,1.8897042420612258,0,ADS
62f83aef802108d,0,0.4042531633792784,1.6929562668062104,1,L2
63022700e5986e3,1,2.5834332857817133,2.2387701508881137,0,ADS
631e6e051bb302a,1,3.9791408305430838,1.6077071225864858,0,ADS
631fce8447939ef,0,-2.2697767519056296,1.6016576728238656,1,L2
633a43664515504,0,-3.27940774571517,0.29671196060419963,1,L2
633bef3183b0f2c,0,-0.9125789256925194,-4.645626835199347,1,L2
633f6bdd7b5493f,0,-3.4192523901514567,0.6532595500925471,1,L2
63538d947f1342f,0,-1.6808301980171307,-3.74518304226832,1,L2
6362e91ed386c55,1,2.394783332053856,1.9856219116152327,1,ADS
6367833948b33a6,1,-1.151660693081688,1.450018340764314,1,L2
636d1116b00f486,0,-3.5320661408240515,0.3097457913676868,1,L2
6370135180cdf3b,1,0.10225723888848498,1.744325253851746,1,L2
6374e05b1e2093d,0,-2.864355269547562,-5.153485166624188,1,L2
638bb6c3ec3aeb6,0,-2.9286036850526225,1.2722195149655917,1,L2
63c4aa594622616,0,2.833732115252302,-3.764210959797788,1,ADS
63c7bf55f1e5a60,1,2.388087554734067,1.5623735931349305,0,ADS
63cb63ad512c4e3,1,3.1482790606777398,1.716145507021153,1,ADS
63ce5ba7a04314f,1,3.8220073679571653,1.8609226933364367,0,ADS
63cee5e5d8cf27d,0,-0.2033155228415974,1.7157015658915957,1,L2
63f2f4fc061b75e,0,-2.893230514702863,-5.151995585965504,1,L2
642999ef6af435f,1,0.051725559866708404,1.7469320200044434,1,L2
642b9d8879d269b,1,4.51154026195003,-3.7809913361649574,1,ADS
642ecdd1f7ba6b6,1,-0.5044688437408279,1.735748583087031,1,L2
64377c91ed7ede5,0,-3.669223555311731,0.31682129949643695,1,L2
643cdaea58dd796,0,-2.756283832046875,1.0665213954144344,1,L2
644801bfa1b89a3,0,-1.267032965412324,1.2749482522282602,1,L2
64560fcb87ab3e1,0,-2.187556111456785,1.3327116663053773,1,L2
645e66a164434e9,0,-1.0861983313147556,1.8120277225259205,1,L2
646251e730171bd,0,-2.6477909308828056,-5.16465702156432,1,L2
6468d13fa0c7bed,0,-3.3046520181166317,1.522013045497266,1,L2
647a1bcbb07bd1d,1,3.61910883077916,-3.7106054339749037,0,ADS
648035b69160aa4,0,-1.1319742016717567,1.7896216746814322,1,L2
648613db05d6eb9,1,4.545368726204749,-3.8877958474551106,1,ADS
6487347c1ac4a6b,1,3.0986531013310885,1.7193205596882044,1,ADS
6497da60df2879a,0,-3.59257541151986,1.4826472067413519,1,L2
64acbf293223f56,1,3.7197006033892532,1.5830222152871725,0,ADS
64b76dbc7f3d592,0,-0.05181617587839207,1.3189258545261469,1,L2
64cdbc403df035b,1,-0.903827409871605,1.8164674877531868,1,L2
64f79f6cea38760,0,4.173989224490931,-3.713771319322795,1,ADS
64f8e352656dda8,0,-0.5872744031896718,1.430821884664995,1,L2
64fa0bf7109a79d,1,3.751974106234053,1.8584972823063495,0,ADS
64ff58c25e10084,1,3.2749629291582694,1.7573529059292932,1,ADS
6509b58a54cfc9e,0,-4.027317462051734,1.4475044248676852,1,L2
650c5e57c48a79b,1,4.0670407785423635,-3.9965358276464893,0,ADS
6518984c44dae43,1,3.493107179395137,1.6330589807050857,1,ADS
6518cc1ad079041,1,3.009122018930637,1.7828111372532445,1,ADS
655c60b0b9f9de6,1,2.2470744523127637,-3.8783742472720513,1,ADS
6586da4de372b9e,1,3.9719911461479995,-3.6692309797193787,1,ADS
658d81b646cab2f,0,-2.6072953200019846,0.912796076470983,1,L2
658e5479dd8744f,0,-2.43404384907018,0.9038585925188776,1,L2
65ade2f4391bf55,1,3.645372282366572,-3.589749855395747,1,ADS
65ae71c1062c59b,0,-3.47431565051345,0.3067666300503182,1,L2
65b57a918acc5fa,0,-0.6257935313725976,-3.955761043205356,1,L2
65b5f28a5b980bc,1,4.232297025651749,-3.636906737055679,0,ADS
65bf543fef06714,0,-2.0993417804363044,-3.9645176307453656,1,L2
65c2a7bec0738d5,0,2.39166722322204,2.2070139739064514,0,ADS
65c9b46d678fcf3,0,-3.1145371665395265,0.7356690722883906,1,L2
65ccee0e01d352c,1,0.10503367832774818,-4.246801321304764,1,L2
65ea7e1a0b52b1f,1,-0.8318951609652026,1.635057134654909,1,L2
65f46e4ce0abf66,1,2.29760613133454,-3.880981013424748,0,ADS
660518e401e4ddd,1,1.7149148863845336,-4.123947343178773,0,ADS
6625a2cf920c2da,0,-1.5802897969690088,0.8176041227925279,1,L2
662b312b0d5efaa,0,-3.539284952112877,0.31011818653235784,1,L2
6631b7a8dd06504,1,3.7635190614302,1.8164995235703725,0,ADS
6634ea99c9fe284,0,-3.04404370785479,1.2541290577020998,1,L2
6640153aa3063d5,1,3.244211240247705,1.9409928054601886,0,ADS
6685affb334da4f,1,3.8463168353471913,1.5208087463387747,0,ADS
668ec4f395ab14a,0,-3.6145666022540786,1.223509573796073,1,L2
66938efe019a152,0,-2.4961958938174766,-5.172477320022413,1,L2
6694760214908b5,0,-2.469089751720969,1.3472350777275486,1,L2
66a1b8cd5735f78,0,-1.7922466336890448,1.6868481927389791,1,L2
66a1cc39c93c929,0,-2.7398793499670173,-4.420680489510975,1,L2
66ad6b4d48612d7,0,-2.4916643124772593,-4.823377633827485,1,L2
66bb03520335eb1,0,-0.916425211539978,1.7228754123545944,1,L2
66bfa75be99115f,1,-1.0012256778098183,1.741048853518057,1,L2
66c0e5f68ca2c61,1,-2.574607131767318,1.7271803613171242,1,L2
66c15ec29902200,0,-3.5339616768701942,1.3873790540985291,1,L2
66d1c511765f08f,1,3.7819746418275804,1.8018341781377767,0,ADS
66d2c53f1558025,0,-2.122252052989615,1.5896149282626297,1,L2
66e0f6886e081d6,0,-3.5898166311346533,0.31272495268505524,1,L2
66e337eaecb611a,1,4.67466064713652,-4.147564888702837,0,ADS
66ebb82ebec22b6,0,-0.7592249499001751,1.7684247734694964,1,L2
66ee1d58acd3680,1,1.5722731475223413,2.043329349896769,0,ADS
66f90387c84ebd4,0,-2.670673419148574,1.0784420474625989,1,L2
6701b9cf71f9d1d,0,-2.5828216292833788,-5.16800857804636,1,L2
670484ffbbaf0e4,1,3.159390474844384,1.7407431891073966,1,ADS
671046b453dc574,0,-3.4709175834534793,0.6747488290682413,1,L2
6710bc0a555de48,0,-2.0018665203763137,-4.896555406398449,1,L2
6724ba0b1aa4554,0,1.6174959771805248,2.0841358448678076,0,ADS
6749366fff5ee51,1,2.584437081829675,1.3091974894823206,1,ADS
674f1ae75f52899,0,-3.439173870352201,-4.049020646935506,1,L2
6760a5723220425,1,3.8731270252018315,1.7497111115475081,0,ADS
6777920bd361a47,0,-1.7716242521374777,1.3644021898722056,1,L2
67786e6d2e007eb,0,-3.705317611755857,0.3186832753197923,1,L2
6788b2ddc444d5b,1,3.754866773615556,1.8997502507129844,0,ADS
679f73f02df951f,0,-1.9099512780704853,1.2332899284698922,1,L2
67a8aed333e7a9d,1,2.9457264912690597,1.9677197520802125,0,ADS
67a9ae31c16340e,0,-1.185626970593405,1.1255764875225034,1,L2
67c1407d4dd1590,0,-3.986549585447201,1.1910229265266763,1,L2
67c32c9afb85965,1,2.6452993530920237,1.3909858019696142,0,ADS
67c67c5cdfab8f9,1,2.14711483068235,1.6482073915055402,0,ADS
67cfffa1b1924ba,0,-0.6987559232753908,1.9318613076952442,1,L2
67dc226c776f696,1,3.7131951617939145,1.7607288078750047,1,ADS
67f9207c1c19e35,0,-2.331932337233289,1.3401595695987985,1,L2
682ace05c478304,0,-2.9340668843188977,0.7263591931716141,1,L2
682f02801a38454,0,-0.7709440361636426,1.935585259341955,1,L2
683090ae4271be6,0,-1.4324812471757826,1.6692288010791043,1,L2
683d3e8a1ed75d4,0,-2.31805284111935,0.768245211470673,1,L2
6845e9af84488a4,0,-3.322720613448122,0.298946331592226,1,L2
684692e1ed26bba,0,-1.0742617563870667,1.8879946622477763,1,L2
6856d336f827d1e,0,-3.201162902005429,0.7401378142644434,1,L2
685fab8bbcaf7db,0,-2.452883026084525,-5.1747116910104385,1,L2
6883b070cc5e15d,1,2.810637922508619,1.9723289147309981,1,ADS
68b2006cdaa44d8,0,-3.4237839714916736,0.3041598638976208,1,L2
68b9212338077cd,0,-2.0731795648235223,1.4628768617253565,1,L2
68d7ea5080012db,0,-1.6264883333574032,-4.915919954961344,1,L2
68e0af637b798df,1,2.82520657413877,1.1797295883413432,0,ADS
68e54bb84c2c0a1,0,-2.9253842599011968,0.5843042236247276,1,L2
68e84e31a325201,0,-2.9485045068965476,0.7271039835009562,1,L2
68f0abf9661245e,1,3.875010015446866,1.7847062798906723,0,ADS
68fe277ed2ee205,1,2.695928035846341,1.2774042458026205,1,ADS
6903df3243c21a0,1,3.2719017449422205,-3.5549629005384142,1,ADS
691763653824c05,0,-2.287535748639554,1.5929156266235451,1,L2
69523b06ee47713,0,-1.866144741365109,1.6674777125471802,1,L2
69636cc1600b313,1,3.7621400593626726,-3.6016219745192743,1,ADS
6973773e0a1bf9f,0,-2.6821418787001203,0.7914598109720408,1,L2
69851629c401c31,1,4.523491122524861,-4.216031072455989,0,ADS
69902b4f9484463,1,3.9685873883124994,1.5224734259985617,0,ADS
69aa25a07f80696,1,4.597578709652454,-3.7227568078252053,1,ADS
69ad1f7ff8c038a,0,-0.48941039589945906,1.9210618479197834,1,L2
69b0eb2c84eafe6,0,-2.773327979644965,0.9213611652584174,1,L2
69cb4fffa71cf02,1,-1.6618666335164287,-3.5778974424598067,1,L2
69dbcb440688427,0,2.4834591637833707,1.8950949251186808,1,ADS
69dc6998cd2fb71,0,-3.380471103758723,0.3019254929095944,1,L2
69f1b7f9135679a,0,-2.8347591382978954,1.267378377824868,1,L2
69f4700efaadd44,0,-2.3278931301597905,1.8330862797967298,1,L2
69fffbcf0147ff7,1,3.710499937734775,1.980537165211212,0,ADS
6a0b53da03bb5dc,0,0.19772070600085648,1.441342371830974,1,L2
6a37da9018a1580,1,2.165252706130054,-3.8154647485126327,0,ADS
6a5dbe7198ba31d,1,0.2416345212668666,1.6993398424841455,1,L2
6a69a878b8c0946,0,-1.334366380931515,-4.1341938748816345,1,L2
6a6aea1b877acf7,1,-1.0262071267122013,2.0068938484394816,1,L2
6a7044430e0d12a,0,-1.4360926501118638,1.8863766774189052,1,L2
6a93933fc29e277,0,-2.460231864276872,0.555876091817965,1,L2
6a9e3f9adc16dcc,0,-0.6990409672210322,1.528202885870022,1,L2
6ad0222ea914201,0,-0.2863442522040622,-3.627145770417879,1,L2
6ad7e9caaead385,1,1.7909273838001196,1.531456279818399,0,ADS
6ae265d3178bbd8,1,4.562380043433365,-3.9685726248170874,0,ADS
6b02fa9ef0ad87f,0,-2.5322899502616028,-5.170615344199057,1,L2
6b17375a3010856,0,-2.6044780631498545,-5.166891392552347,1,L2
6b204d7859e8307,0,-3.195469240197876,0.6417152999877442,1,L2
6b212f00193fc42,0,-3.43425523213813,1.0380323580532742,1,L2
6b2846e5734f96b,0,1.5340054632445466,1.4612037565168206,0,ADS
6b298fec78911d4,1,3.759192917522878,1.8581248871416784,0,ADS
6b3c02f4aa88803,1,2.3812808553647424,2.042187583136386,0,ADS
6b3fff21f3b3585,0,-2.1392346666956836,1.3361125912389895,1,L2
6b5373e0aa571c6,0,-2.6044780631498545,-5.166891392552347,1,L2
6b59e700b92699f,1,3.3548896155756434,-3.9916011950323447,0,ADS
6b64e02431595a7,0,1.3435955754878686,1.6220913298737603,0,ADS
6b67a2912adcb2e,0,-2.2666282787661194,1.5970628315560509,1,L2
6b6ba36f110ba01,0,-3.6259106875787794,0.3145869285084106,1,L2
6b6d4cd8eee344d,1,1.8226695820070584,1.3642100352038329,0,ADS
6b6f37d42353ac0,1,3.96938314592088,1.3554911285142655,0,ADS
6b7599d7a57d36f,0,-2.529450761664112,0.9872959101412148,1,L2
6b86697949677e4,0,-3.5465037634017023,0.31049058169702887,1,L2
6bb53c674700234,1,3.8652523308246622,1.532490285818452,0,ADS
6bbe06f2fac1197,0,-2.2462717165301975,1.5128796722977647,1,L2
6bc882127d0d3d9,1,3.0415742315592174,1.911797122064648,1,ADS
6bca1820c411748,0,1.3753570160402293,1.6679196427105756,0,ADS
6bcec9a74e6a355,0,-2.785159077202176,1.0680109760731185,1,L2
6bf372846895033,1,0.6551466825773049,1.5125985255978982,1,L2
6bfeaaceecba2e3,1,3.7917001452501204,-4.3624327216978225,0,ADS
6c05e8bc00cf484,1,-0.3307090966833088,1.2488972460795633,1,L2
6c0b324ca409978,1,4.562673301834037,-4.054297301740336,0,ADS
6c34ad70225cfe0,0,-1.08154107452185,1.4850830008929423,1,L2
6c35c4687ba2a7e,1,4.486087755635787,-3.6909635641455045,1,ADS
6c37f91fda20d45,1,2.7582044050438244,1.8433999891296244,0,ADS
6c3c6c07c27a71f,0,-1.4016476258872936,1.61373704820653,1,L2
6c5acf7ac3f71ba,0,-1.0548099271559406,1.856116898741611,1,L2
6c6ab6b0869143c,0,0.5045865690543451,1.6499590442804875,0,L2
6c7bc599068a0e0,1,3.6964405512548475,1.5838752403896406,0,ADS
6c7d401fcea803a,0,-3.647567121445255,0.31570411400242365,1,L2
6c845dd23979307,0,-0.7422321611106888,1.92460627109385,1,L2
6c8a70e4e1a1bc2,1,3.8030553962739697,1.9370623820518347,0,ADS
6c8ac1acdad51b6,0,-3.4310027827804985,0.3045322590622918,1,L2
6c8fb4eba0e1eda,0,-3.2938453682928204,0.2974567509335417,1,L2
6c967c4f8d9e826,0,-1.8779762841870813,1.3709603195672782,1,L2
6ca231027bcb3eb,1,3.906390453761807,1.9270455222319445,0,ADS
6ca7e353b455b9f,1,3.1125230432202478,2.0980345350184786,0,ADS
6cae2a7397f4f92,1,3.458800548080151,-3.5954856284759713,0,ADS
6caf2fa0e8cfc93,0,-3.5248473295352265,0.30937339620301557,1,L2
6cbdeb64bd4bc64,1,2.9145183876436804,1.9543845459045075,0,ADS
6cc0137510c1777,1,-0.8571862978408775,1.454493974842212,1,L2
6cc2c65c334671d,1,2.79431561952998,2.0602709820325855,0,ADS
6cc4f6696fe5774,1,3.903368605238604,-4.20006461671539,0,ADS
6cc5f0671f888bd,1,3.8668541189180377,1.8064826637504823,0,ADS
6cd3043681ec5f2,1,0.20904254061983946,1.7584831622110917,1,L2
6ce1e94a8b179ea,0,2.9563510917321945,-3.9159009089414454,0,ADS
6ce54ecd0bb146a,0,-2.1571328220607815,1.5539896871960868,1,L2
6cf741e9149e67a,1,4.494740043450432,-3.774214291288117,0,ADS
6d1ed008786c526,1,3.871002756853542,1.5706959515170447,1,ADS
6d26afb7b6e42bc,0,-3.322720613448122,0.298946331592226,1,L2
6d2c32b12892c14,1,-1.7100207249943489,1.40165613236584,1,L2
6d2da685ce2e08f,1,2.2701643627050587,-3.9623697647440053,0,ADS
6d2f343d682c64e,0,-3.1722876568501284,0.738648233605759,1,L2
6d33a5344419c18,0,-3.2171256740643512,0.6428324854817573,1,L2
6d3877fb88f9b18,0,-3.262952523586042,1.462292182755309,1,L2
6d52ed35c93e66b,1,-0.4210998776800889,-3.326840646394633,1,L2
6d53f551e6eeb19,0,-3.9045261197051073,0.6207235343715782,1,L2
6d58dc4400406e4,0,-0.980757011976234,-4.616067962507673,1,L2
6d6863f3b919596,0,-3.15996284854585,-4.521163091828526,1,L2
6d7a337664247e1,0,-1.5775957304908965,-4.1275401303691295,1,L2
6d8df8c028179bb,0,-1.9743302891120371,1.6386715801018252,1,L2
6d9546c51f40167,1,3.688606303073404,-3.6379564890667497,0,ADS
6d966494e2bdc21,0,-2.1392346666956836,1.3361125912389895,1,L2
6d9d41b6654512a,0,-1.2710109881597063,1.66170894050908,1,L2
6da6905b2ae0d06,0,2.7899335250270734,2.0386719950669643,0,ADS
6daa4f2372c3efc,0,-1.0408499809447347,1.3602279900961298,1,L2
6daf24df0fbdf23,1,-1.383525860010448,1.3767712577404232,1,L2
6db55d6a395852a,1,-2.184950234275438,1.5309036857988645,1,L2
6db8d177424c49a,0,-1.4670362838437745,1.1092265213673589,1,L2
6dc120e4f68c6d6,1,3.5019291494662736,1.5125917072523394,0,ADS
6df2b1612f7b31c,0,-3.6259106875787794,0.3145869285084106,1,L2
6e03eda7c61eb5b,0,-3.669223555311731,0.31682129949643695,1,L2
6e152b119c411fc,0,-3.2072196328269182,0.29298800895748894,1,L2
6e1ce89ecc45cf1,0,-1.2926994258833375,1.2502305166773102,1,L2
6e2270688e46364,0,-3.752931082639778,0.612903235913486,1,L2
6e2942581c16d45,1,2.726826185071432,1.3949344113441224,0,ADS
6e3494d3d89ef30,1,3.7747389827066495,-3.722172276765453,0,ADS
6e41aaf90713a44,0,3.44161760598318,1.7676293740133417,0,ADS
6e5b029e63aa0f9,0,-3.613086438203491,0.2563556464251377,1,L2
6e5f7e8fa9a1fcb,1,2.9365385236564667,1.7473005971110922,0,ADS
6e6084f0ed26c26,0,0.22185790712969192,-4.068500625118239,0,L2
6e8436d7b93f635,1,3.7793563485811443,1.9307284989313716,0,ADS
6e853d88e34f85f,0,-2.151127298144916,1.591104508921314,1,L2
6e95db3529460ee,0,-2.8860117034140376,-5.152367981130175,1,L2
6eb8a5394a4b5cc,0,-0.2611683118457235,1.5396625671867912,1,ADS
6ec340eafed8851,1,3.8706838715395437,1.8263316434619783,0,ADS
6ec896f52388c70,0,-2.5611651954169035,-5.169125763540373,1,L2
6ee1da9e3e71b04,0,-2.474811725674712,1.1603400908598864,1,L2
6ee77227e1964a8,1,3.9347739946623026,1.6884940370847135,0,ADS
6eeaaac3e6f1d5d,1,3.930461233394321,1.5680250168695704,1,ADS
6eefb6c4b33df9d,0,1.7119994526977582,1.8448600740128354,0,ADS
6ef1534a6f3885f,1,-0.8588314731029065,-3.5220154899839446,1,L2
6f0cdf600e1764d,0,-1.3175036866150658,1.2535062384827287,1,L2
6f13f3205b9518d,1,-0.4800614840873771,1.1861259736660952,1,L2
6f14fafb6b8706a,1,2.970845309526649,2.0396523740959345,0,ADS
6f28fc409d36924,1,4.6695752685290595,-4.183163469002366,0,ADS
6f2cffa37c36b66,1,2.815638778051641,1.9078811124285249,1,ADS
6f342a6e6505215,0,0.3247852813831658,1.721101393515821,1,L2
6f39daec78014c8,1,2.825219956778111,1.017635204554895,0,ADS
6f3a6d3bf863af1,0,-3.6952521427657743,1.4303742472928163,1,L2
6f3f2cc44536bfa,1,3.2902385976857764,1.801357739086198,0,ADS
6f4af53792b05d1,0,-2.817076039883419,-4.422591833785902,1,L2
6f6ee019e75da79,0,-2.073749640753255,-4.6002162625550875,1,L2
6f824fc70e86827,1,2.2420390901807163,1.9393468894200538,0,ADS
6f89d85b35a803f,0,-2.828261213103436,-5.155347142447543,1,L2
6f8e41395fab5e8,0,2.42197594490316,2.1226460612698252,0,ADS
6f916c98d90a669,0,-1.6281274095126732,-4.124933364216432,1,L2
6f9e578876f0471,1,0.8598026303151642,-3.749581762325813,1,L2
6fb6fafcdd9e0ca,0,-3.322720613448122,0.298946331592226,1,L2
6fc6e04c8d8c904,1,2.4723627616414876,-3.734121910074705,1,ADS
6fc8ce048c26c1d,1,4.089761706359831,-4.148287682747173,0,ADS
6fcf838ccdcebce,1,3.091220403401896,1.887816299682234,1,ADS
6fd74ec1b0e7b92,0,-3.200000821538093,0.2926156137928179,1,L2
6fdb3294838ba48,1,3.6688283259131333,1.8415157223732321,0,ADS
6fe6f968f40e80b,1,3.74078294508603,1.6891596202120698,0,ADS
6fe8184de96a784,0,-3.272188934426345,0.2963395654395284,1,L2
6fef0bd4d38ff9c,1,4.51154026195003,-3.7809913361649574,1,ADS
6ffee07e56ae85a,0,-2.6044780631498545,-5.166891392552347,1,L2
700b400d685d07b,1,3.8288371201337537,1.7395839895031233,0,ADS
7014e194a75b369,1,2.6247292766046084,1.938076604190651,1,ADS
7019be9c3fa5320,0,-3.322720613448122,0.298946331592226,1,L2
7021e4061ead5bc,1,2.9245429180877345,1.3165317492601605,0,ADS
7031cbb71a0b777,0,-1.2468415670219677,1.5022432730422663,1,L2
7039609476ade85,0,0.4635019095362385,1.6128591974442805,0,ADS
7040566a49b6fcf,0,-3.0192288066559247,0.5891453607654513,0,L2
705af0c07826a64,1,3.8522738991026957,1.6573663765323698,0,ADS
705df3524b40f1c,0,-4.037081264468977,1.193629692679374,1,L2
70693d87dae34e4,1,2.955519707694519,1.9080714660129336,0,ADS
7077c9c68260af9,1,3.9032689426621685,1.846049816831289,0,ADS
707d7e7f6f3224f,1,3.8990424613312817,-4.158439253144084,0,ADS
707e18e966a1a2d,1,0.21626135190866463,1.7581107670464207,1,L2
7080d83da856b8c,1,3.710499937734775,1.980537165211212,0,ADS
7088109b3555d8d,0,-1.5848145417797217,-4.127167735204458,1,L2
70d9fab5c60551f,1,4.084344001185374,-3.7269649254202974,0,ADS
70ec09e89c99c22,0,-1.544859534080752,1.0961965905317888,1,L2
70f8b0bef0bd442,0,-2.075861095592251,-4.918567569217868,1,L2
71031dc23b4988b,0,-1.5270195228950059,1.4738078031816177,1,L2
7104da19c4b164e,0,-0.3510049994353242,-3.608976035073618,1,L2
71065562dc32c95,0,-2.717060835633203,-4.869319875476613,1,L2
711e5e19aac94d6,0,-3.6086264072998717,1.4259055053167635,1,L2
71233f2d25b765e,1,2.172283037833201,1.6093092540565703,1,ADS
71290363514758e,1,0.729358763429227,1.5286832465572076,1,L2
712c11973d3c55a,0,-2.105617108368475,-4.541869792733457,1,L2
7135acd28a61330,1,1.2666431286041717,2.104989304269159,0,ADS
713658b49760f7c,0,-0.8738451629004551,1.3991749002785057,1,L2
713a6738192af30,1,3.4992905874929376,1.8496956405570082,0,ADS
71575b721a0f53f,0,-3.006254997207149,0.7300831448183246,1,L2
7168f7739b01551,0,-3.644720463743998,1.4277674811401189,1,L2
716dfeed0ffcabc,0,-3.1613617739655484,0.545000765322445,1,L2
7172a6a62ef0420,0,-2.7707214546245256,1.0672661857437764,1,L2
71798f6ff851958,0,-1.126427651608224,1.8512846616445877,1,L2
7183edb01375282,0,-1.5954422901452567,1.1891390087348213,1,L2
7186939017fd87d,0,-3.006254997207149,0.7300831448183246,1,L2
71a05bf37e57ad8,0,-3.4021275376251983,0.3030426784036077,1,L2
71a6a4f108844e1,0,-3.322720613448122,0.298946331592226,1,L2
71b0c01af636f68,1,-0.12152591106509678,1.7558695039565488,1,L2
71c10fe732e7ecd,0,-1.6622218111112665,1.650317218738487,1,L2
71c457f912f3a2f,0,0.3296020478669764,1.6720397996204064,1,L2
71c9d18e3f98c92,0,-3.5609413859793526,0.3112353720263709,1,L2
71cd31ee315c0de,1,-0.9336325297818082,-3.8947993263648355,1,L2
71d72ee1e3efa07,0,0.33289990506861217,1.5746131695446928,1,L2
71db0433e9fe6dd,1,3.9618170752977195,-3.7525739944309686,1,ADS
71e072b12612549,1,2.8838168643353557,1.8783222397368513,0,ADS
71e0dfa7bd9967b,1,3.1669396676606403,1.8324843790661216,0,ADS
71ebd2790c0a3b9,1,3.847947755195374,1.6989917401036758,1,ADS
71f056b0e3d848a,1,3.66720532738475,1.4054577864549322,0,ADS
71f8fe8d199ae9a,0,-1.1963098880001912,1.499636506889569,1,L2
71fc7c913ab91c2,0,-1.2595944107384498,1.1616109377608288,1,L2
72018a3ed847e4a,1,3.9791408305430838,1.6077071225864858,1,ADS
72162ab55fbebc7,1,-0.45015720934064046,1.7728067773199179,1,L2
72519d84cb48f6e,1,3.4418955563262763,1.7941111368795424,0,ADS
7257d4ea819ab06,0,-3.4670968392246246,0.30639423488564715,1,L2
726438b36fdd328,1,4.486087755635787,-3.6909635641455045,1,ADS
726c5c54ebe7179,0,-2.435559734851432,0.5603019674021184,1,L2
72859a1a1f6cb8c,0,-3.385144923919129,0.5565450154272479,1,L2
729291cbc185f73,1,2.5536591946439557,1.9108748236061575,1,ADS
72aad560ae29ca9,0,-3.5320661408240515,0.3097457913676868,1,L2
72c8ad256e6283a,1,3.74078294508603,1.6891596202120698,0,ADS
72d9e6f2fe5e4e4,1,0.10225723888848498,1.744325253851746,1,L2
72e0aa76f6bd9ef,1,3.8522738991026957,1.6573663765323698,0,ADS
72e18d7ceb74636,0,-0.7944382387233777,1.3950785534671242,1,L2
72e764bd20c685a,1,2.6994450395059415,1.5648555635020598,0,ADS
72fb4226e3fbbf1,1,3.785149780966811,1.6083727057138424,0,ADS
72fd88251577098,0,-3.322720613448122,0.298946331592226,1,L2
7304edfcca512b9,0,-2.194440165877867,1.5933388799093404,1,L2
7308e86f6c4f636,1,3.7803192799297993,1.8097224786935322,0,ADS
73217eb38e99f0e,0,-3.7890251390839036,0.6147652117368414,1,L2
73471dd734eb9d0,0,-1.7607600791896387,0.8269140019093044,1,L2
7349b8f7092b9b1,0,-2.7632919115040093,-5.158698698929583,1,L2
735947761538226,0,-3.3588146698922476,0.3008083074155811,1,L2
7360347cc3d1693,1,3.7890336137455045,1.3554323864132012,1,ADS
736ce3700f7c463,0,1.4311616000150689,2.4792726522088544,0,ADS
737c9df5680b3ec,0,-0.30197683608013653,1.7696042969277341,1,L2
737e93b667c466b,0,-1.9681803983828605,1.5469921302330136,1,L2
738523782869022,0,0.23094073462843803,1.7259425306565448,1,L2
7387be18790a2af,1,2.6447949959623327,1.550710211377998,0,ADS
738ba1de6b64e78,1,4.625755612826324,-4.059660257467437,0,ADS
738d6f870cfbec8,1,2.5297979334150478,-3.92005627153293,1,ADS
73ca0e30b17df06,0,-3.669223555311731,0.31682129949643695,1,L2
73d301e8b716511,1,3.863146226647278,1.4869643811753603,1,ADS
73de4524a41ab41,0,-2.021188694946062,1.584401395957235,1,L2
73e838c4663ca97,0,-3.7025052503068547,-4.416026767110525,1,L2
73fa3c3b60dbdec,1,3.9183831396591717,1.6302738493186606,0,ADS
73ff5dbc86c2529,1,-1.7353257095706942,1.6444419508491366,1,L2
7412ebe4198c6d2,1,2.3077176100048686,-3.8401004401827845,0,ADS
741b347496c3d7a,1,1.7378392700649115,1.4388800514331055,0,ADS
741c5bf006b3e9d,1,3.6309346597889216,-3.5890050650664045,1,ADS
7420c3cf426bdfb,1,4.486087755635787,-3.6909635641455045,0,ADS
74383d8ecd5d12c,0,-2.281868069863264,-4.065988350011178,1,L2
743a6c677a3a6f2,1,2.7210757590425523,1.3567287456455297,0,ADS
743bf88a07c31a2,0,-1.2895844586178693,1.1919174298388797,1,L2
744fc2677bde403,0,-3.366033481181072,0.30118070258025237,1,L2
74537aa48a07834,1,-0.9881668021687776,1.4800271569137327,1,L2
7454cf9f599bad4,1,2.073714767553739,-3.7711266677717274,1,ADS
745d3a6947104e4,1,-1.519121491475891,-3.9889381650922853,1,L2
74721e95f48b5d8,1,-2.106174578258812,1.0469296705970208,1,L2
74744cd20f29d54,0,-1.1150735764700563,1.8135173031846048,1,L2
747a10541edff5d,0,2.0225970545842404,1.7716937963294594,0,ADS
74884f41220893b,0,-0.932271043521312,1.8981991960903435,1,L2
748efca603e1263,1,3.262663397924484,-3.473468198202255,1,ADS
74a19f68b64d7f2,0,-1.4677655169178183,-3.9103584562897993,1,L2
74a521360ae35da,0,-1.5730709856801837,0.8172317276278569,1,L2
74bf7a3f31f1749,0,-0.02868093807913699,1.8811240332953048,1,L2
74c30831bd039df,0,-0.1623062625889428,1.8081075456733589,1,L2
74c407b297e53a2,1,-0.3804632168396361,1.751488940104967,1,L2
74cf59b29feb056,0,-1.206073690417435,1.2457617747012575,1,L2
74d90b82bc7e547,0,-0.26588277963601,1.7677423211043788,1,L2
74e9c9d57cd24ea,0,2.7953644333041123,-3.5897299939550207,1,ADS
74f2b3533810553,0,-3.1927820102492674,0.2922432186281469,1,L2
74ffb6b6f7b64eb,0,-1.2605147038861122,1.725619496678884,1,L2
75060123230e9ca,0,-0.9632448406469064,1.3331835410902233,1,L2
7509c0f51e161bd,1,3.7630661154059406,-3.6464837682279554,1,ADS
750fb21f714fbea,0,-2.698322609904582,-5.162050255411622,1,L2
75137be6c186412,0,-1.3008042839741134,-4.176493646198152,1,L2
752528bbe983cc5,1,2.476584592975154,2.161477746380238,0,ADS
7555ff35f8982d9,0,-2.188521226219596,1.5099005109803962,1,L2
756c45604ba8bbd,1,3.1256230530424953,1.8473583589946458,0,ADS
7571d1f1195e58d,0,-1.1070199106036451,1.6910778591117053,1,L2
7572d1e8b25c57c,1,-0.847721428471153,1.3954478278925881,0,L2
757c1fa9104d676,0,-2.970303179583212,1.3319403777075487,1,L2
758375b0dd59469,1,0.2473792467252269,1.6860296155161758,1,L2
75847196e343f0c,0,-0.05181617587839207,1.3189258545261469,1,L2
759136876e71962,0,-2.9294327432024025,1.3264811603083484,1,L2
759330c582dac69,0,-3.9623481604523074,1.4441528683856457,1,L2
75a1d86358d970a,0,-2.9769801857917573,-4.394629510221753,1,L2
75a9f705e7c3dbc,0,-3.9623481604523074,1.4441528683856457,1,L2
75b4756180a9b45,1,2.9010683072683903,1.872858155131167,0,ADS
75b53403567f19d,0,-1.184050495826061,1.9174950169723193,1,L2
75b9ed7c42a9a4c,1,2.8275887040897834,2.017162881276031,1,ADS
75c5cdf7a47d90b,1,2.1663623347815673,-4.0235759437867475,0,L2
75cce9e520f8dfa,1,2.3004987987160432,-3.8397280450181133,0,ADS
75ce3ccf661a538,0,-2.1173456461494107,-4.144197700976948,1,L2
75cf7bd1e815dc3,0,-2.6940214911056475,-4.168667733146019,1,L2
75d100ead986d3d,0,-0.22727556418836972,1.8114591021553983,1,L2
75dc823e0069657,0,-0.6099582013805492,1.8793123829519225,1,L2
75e7a29d5560dfe,1,2.895387533861368,2.0433341133633918,0,ADS
75e951ec06d05e2,0,-3.322720613448122,0.298946331592226,1,L2
75ec78cbb756b29,0,-2.6044780631498545,-5.166891392552347,1,L2
75f438c3edf92a0,0,-3.2920892406223015,1.0365921458461629,1,L2
75f87e25d062471,0,-3.445440405358149,0.3052770493916341,1,L2
76149bfa510a8f5,0,-0.7100551529187363,1.461201382362632,1,L2
761d2a91a417e7a,1,-0.6947377464775224,1.6279816265261589,1,L2
762125c31d18c18,1,3.740518139929219,1.6720060131448664,0,ADS
762f5c8deeb0103,1,3.784645423837121,1.768097115122226,0,ADS
765a4782bd62a34,0,-0.6917926456766984,1.7897136358199714,1,L2
765c095e06104d3,1,-1.8361733008555885,1.5015004054935956,1,L2
765d2c91289bd7f,1,3.118636457701513,1.7621954186389739,0,ADS
76604a80c6f401a,1,1.34718645334327,-4.282740075000513,0,L2
7662dd0cf402d77,1,-1.2141168356776009,1.4989486541207282,1,L2
7665197ce282136,0,-2.3824640162550654,1.3427663357514958,1,L2
768e7a0768514f8,0,-0.9008826393624969,1.942288372306034,1,L2
768f6bc11dc15b8,1,-0.28459062021251064,1.635697242298237,1,L2
76a67f30bc7dbec,0,3.057309887895215,-3.8965921485713326,1,ADS
76c2c338cfc84f7,0,-1.714100869884979,1.638403164740231,1,L2
76c6eaa211e6bb7,0,-2.7589220489019493,1.1183910211990908,1,L2
76ce49ec3a7e78b,1,2.588411168613118,1.2452143547138235,0,ADS
76d67222293b2a7,1,4.486087755635787,-3.6909635641455045,1,ADS
76da735f7eb6e2d,0,-0.6891494597696625,-3.8949229949693858,1,L2
76db948a93065a9,0,-3.657544713119287,1.4859987632233915,1,L2
76e2cf9103d86dc,1,3.5556317985506216,-4.24400192903285,0,ADS
76e5d31295af2c3,0,1.2852033473522566,1.8922830096712537,0,ADS
76e7f02d2b91fd0,0,-1.5126264288914697,-4.130891686851169,1,L2
76e9788e6cbf5dc,1,3.827126175906484,1.5780418766894606,0,ADS
76fbf539025f572,0,-0.641005432964789,1.9288821463778756,1,L2
77012ffc07d558c,1,3.7293593001027303,1.5210720251654886,0,ADS
770b46f2637f2f6,0,-2.7110041048117166,-4.422170070169659,1,L2
770c958f55cdf91,0,-3.4264712014402816,0.6536319452572181,1,L2
771247c1ce646c6,1,4.6918702610204335,-4.102052868879899,0,ADS
77140c75de64928,0,-3.322720613448122,0.298946331592226,1,L2
7734824b07cf454,0,2.578383393015793,2.018710876830273,0,ADS
773db7d86245192,1,1.8740486783515617,1.2769689122667414,0,ADS
77590be0fb86ef4,0,-3.3588146698922476,0.3008083074155811,1,L2
7759f3dd1772fd8,1,3.8461416957630425,1.5730825352178992,1,ADS
775fa4f555b5e47,0,-0.9297578845177978,1.9437779529647181,1,L2
77649286c508cef,1,-0.6687125172663168,-3.741818991186465,1,L2
77684315e341831,0,-3.615845218588697,1.4262779004814345,1,L2
7785f950599db6a,0,-1.7093652239705344,-3.8848328618521366,1,L2
778679ce2b2065a,0,-3.1743780257404226,1.0246261321251158,1,L2
7796765cf6c9f3f,0,-3.132718046628358,1.5437323744251796,1,L2
7796cbc08ad2c1d,0,-3.439173870352201,-4.049020646935506,1,L2
779b015345c1122,0,-0.9540551234805519,1.8360851875739934,1,L2
77afc3232f86218,1,-0.28115907868466833,1.1267505097358812,1,L2
77b0e0470ca0a8a,1,3.7678452053375224,1.7748741599990665,0,ADS
77ba86fa433a2c4,1,3.0600577476734836,2.1587055372865085,0,ADS
77c38eaacfb1dae,0,-3.445440405358149,0.3052770493916341,1,L2
77d4d0eb8c1c5d6,0,-1.6856637086194093,1.2749346968373623,1,L2
7803e568fe80675,0,-1.792520993000383,-4.90735486617391,1,L2
780821597c6825f,1,0.7632521389878243,-3.337817371196111,1,L2
780d40665947ca4,0,-0.0119017771359394,-3.5780655926650167,1,L2
7826d98d4bd1275,1,3.7426613776510815,1.3342580211055888,1,ADS
78279e6d8c34e87,0,-1.8769057048443387,1.650506454860929,1,L2
78395c1007ca02d,1,2.3075836818477846,-3.948799976997084,0,ADS
783ffed947694fd,0,2.4572709218124373,1.6268139593041746,0,ADS
784fdb32ef4efed,0,-3.301064179581646,0.2978291460982127,1,L2
78501b8efbe58f5,0,-1.590102461640332,1.4293041202554615,1,L2
7855eea3f17e0f0,1,3.827126175906484,1.5780418766894606,1,ADS
785eac14922d6cc,0,-1.7374577326383895,-4.56086194613168,1,L2
7862f7345d6ed3e,1,3.7763364633860736,1.4096408559992477,0,ADS
78662ee4e9dd46b,1,4.356413166612113,-3.8362886519439074,1,ADS
786db4774449196,0,-3.64034831015643,0.31533171883775263,1,L2
7882bfaecef4eac,0,-2.6405721195939806,-5.165029416728991,1,L2
788f2b358042cdf,1,4.566190305493639,-3.766845984040896,1,ADS
78937cb7eee0b77,1,2.8960707384614928,1.9292944151888864,1,ADS
789fe4a5a62f3e5,0,-2.7127602324822324,-5.161305465082281,1,L2
78ba48a43bb3ead,0,-0.9735382006874088,-4.616440357672344,1,L2
78bf2703f2f1c40,0,-2.043777065752663,-4.946264466086187,1,L2
78c121e2e008b3b,0,-3.6836611778893813,0.317566089825779,1,L2
78c1cd4769f96d4,1,4.5185175646822735,-4.047510119727244,0,ADS
78d3d7ad42c2fa5,0,-0.7759902892611559,-3.836084261344162,1,L2
78d6c6a0785ae0c,0,-0.5135799887694487,1.8766002765394219,1,L2
78d780d1f36e0c3,1,2.0190103296736197,1.542647967902577,0,ADS
78df1cae450fa33,1,4.350576105785381,-4.027361535846051,0,ADS
78e728aa4f6ba84,0,-2.3484501671680933,-4.383303336649282,1,L2
78f06bf09979eb7,0,-2.532520033788154,0.6061807980947052,1,L2
78f62f2ad52b176,0,-2.5874044486139387,1.6180430600693922,1,L2
78fb68a2eb3b39e,1,3.6575052560889483,1.9585035125313948,0,ADS
790af34ef6ca18a,1,3.5426533668286555,-4.119125838318932,0,ADS
790e16d931618d3,0,-3.3082829908704716,0.29820154126288373,1,L2
7931ac935415ec2,0,-3.3588146698922476,0.3008083074155811,1,L2
793224da2366b8e,0,-3.3588146698922476,0.3008083074155811,1,L2
794682e3e5f4624,0,-2.9297407404115754,0.684733829600308,1,L2
79660954854440d,1,-0.8551517237924287,-3.466081842335431,1,L2
797f445cde40834,0,-0.3982234276398789,1.7257562353377143,1,L2
798ecf194f8aecb,1,4.486087755635787,-3.6909635641455045,1,ADS
79b01c610d7bd23,0,-2.1753287231398097,1.3379745670623446,1,L2
79d85ac468a8a52,0,-2.527888395824907,0.9086997296596016,1,L2
79df0042efd5698,0,2.0312493423988847,1.6884430691868475,0,ADS
79e07c25fc05857,1,3.2571896719696714,1.8161167147462705,0,ADS
79e7b5cec85a31c,1,0.10947605017731016,1.743952858687075,1,L2
79e867ebe3bea1c,1,4.615671077046248,-3.957990493469143,0,ADS
79f75b387eb2c41,1,3.478141577835599,1.6235521199753915,0,ADS
7a048fa464821ba,0,-1.1024653412454637,1.494795369748845,1,L2
7a15a52fa7ad1ee,0,-3.6085654494808366,1.4018567254185346,1,L2
7a195d1e19be5e3,0,-1.9229954458745584,1.6585491389849931,1,L2
7a1c35f12186765,0,-1.8070303760449136,1.6343317042992431,1,L2
7a261698b3a3ebf,0,-1.750547139158455,1.6271273299970224,1,L2
7a2795e4d9df9ad,0,-3.153318452932261,1.0870031294713427,1,L2
7a2a9089c020f6c,1,3.768138563628475,-3.937849347116245,0,ADS
7a34be589143ad8,1,-0.5761195978874826,2.0031969089972423,1,L2
7a36f26e282e294,0,-1.3114778463038377,1.1123342743954372,1,L2
7a4d2bd1cb7bc73,0,-3.4959720843799253,0.3078838155443315,1,L2
7a50b12d6ad6d1b,1,-0.8318951609652026,1.635057134654909,1,L2
7a5199f0e1dd1aa,0,-3.4289851832290217,1.4708572715427435,1,L2
7a56583de2b512b,1,3.826317035658763,1.907118557960206,0,ADS
7a61f6f7eb1d676,0,-3.378714976088204,1.0410608878222156,1,L2
7a686d570c05ac0,0,-1.6813531550125618,0.8228176550979227,1,L2
7a6d3a179cbc7f4,0,-2.064501562679013,1.5866357669452613,1,L2
7a7b2577ac47f2f,1,2.465013923449142,1.996465872753698,1,ADS
7a82998829a42ab,0,-2.990026569920633,0.8792853855267572,1,L2
7a84cfa4ce4d3a5,1,3.8923145910761545,1.6182048256054484,0,ADS
7a85c720eca5c18,0,-4.382422125865251,0.76398246011196,1,L2
7a8b4b124a91625,1,-1.7975955199274023,1.8254801737483979,1,L2
7a97ede1f489ead,1,3.866357727632222,1.8679570070332845,0,ADS
7aa05063c1e8fab,1,3.4478037394958094,-4.02123204166142,1,ADS
7aa07663aa5649b,1,-0.33047468750696046,1.9075725112595037,1,L2
7aaa5befcfe5542,1,2.847942690482941,1.3070694916996457,0,ADS
7ab509c36bc435b,0,-3.253291280945075,1.465144634001812,1,L2
7ac2676fcd5353f,1,0.09923949141009447,1.8927823896534475,1,L2
7af239ffdf71359,1,3.715177761040709,1.8683808029504745,0,ADS
7afea12e0ed00e3,0,-2.1731375373253057,0.801142868826942,1,L2
7b124db802e1235,0,-3.3082829908704716,0.29820154126288373,1,L2
7b1ca0c7691ad7d,1,3.505276470869383,1.8372595712619129,0,ADS
7b23fd753461e68,1,3.861387691519474,1.409795995074052,0,ADS
7b293d148ff10d1,0,-1.649783843379149,-4.123816178722419,1,L2
7b3835d9afdf5e9,0,3.242838721540921,1.9998223575399006,0,ADS
7b39fe63231e935,0,-2.6044780631498545,-5.166891392552347,1,L2
7b4715420d002e8,1,2.4072116576786518,1.3031148535330161,0,ADS
7b4e1cf6e180c8c,0,-2.9309379443493526,-5.207620101896079,1,L2
7b5318bcbda8b2f,1,-0.953320004332193,1.3464501159898477,1,L2
7b542085705b355,1,4.635029350547376,-4.056114273076136,1,ADS
7b6e98ac57876aa,1,0.2124124576023209,1.6778422015087138,1,L2
7b74a49eb5027b6,1,1.1119901549283835,1.6928045791864847,1,ADS
7b771a337971c20,0,-3.0448255517681937,-5.144175287507412,1,L2
7b7bc1d6bb1b4e4,1,1.530393756315209,1.9626853889068538,0,ADS
7ba30203c9193d7,0,-2.6044780631498545,-5.166891392552347,1,L2
7ba50d95e189af8,1,3.955936386958982,1.7525431738798811,0,ADS
7ba8ca0239e1d78,0,-2.6044780631498545,-5.166891392552347,1,L2
7bbd2078dd35271,1,4.4162211394349145,-3.7118589206873778,0,ADS
7bbd7c47a2835b5,1,0.5587665103604209,-4.428817243048582,0,L2
7bd5f9abdd698ac,0,-2.828471944935127,1.0702453470611448,1,L2
7be7a4f9d214b2c,0,-2.6044780631498545,-5.166891392552347,1,L2
7becca5c20160ba,0,-3.3155018021592966,0.29857393642755475,1,L2
7beea0a699b261c,0,-0.5365454971816522,-4.41986118056968,1,L2
7bf2bd79eaff634,0,3.2316475603928985,1.8304846954456209,1,ADS
7bf94c8d661fbf6,0,-2.194440165877867,1.5933388799093404,1,L2
7bfe9ff1d4dc189,1,3.740303030005939,1.6628127352997968,1,ADS
7c0c1b1cf93259f,1,2.7369531938852028,2.047201018518415,0,ADS
7c17bcce74dc573,0,-3.853835528578649,0.7942841048449027,1,L2
7c2668762eb5efa,0,2.6287210963821948,1.2663058068418784,0,ADS
7c278f76569dcff,1,3.4923294671923695,-4.1748965540143,0,ADS
7c2d69cdefccc23,1,3.295864786987107,-3.5165831424322453,0,ADS
7c31244dc17b44b,0,-3.6547859327340806,0.3160765091670947,1,L2
7c362b5823f86a4,0,2.9270347155264433,1.8202547632898038,1,ADS
7c41add3714a781,1,2.5763962276841226,1.8558706113449257,0,ADS
7c43ee4bd199abb,0,-2.1705892724464935,1.1556252922019443,1,L2
7c48dae292aa2c2,0,-2.9918173746294987,0.7293383544889825,1,L2
7c50c5417863464,1,0.6366136190178163,1.1078045340409963,1,ADS
7c9c26a28c191dc,0,-1.2468415670219677,1.5022432730422663,1,L2
7c9ebe1b5bfe40d,0,-3.5320661408240515,0.3097457913676868,1,L2
7caf349415e0dd6,1,3.8533792959102553,1.9928330977472024,0,ADS
7cc1c63fa251fd7,0,3.324790080877931,-3.7552975586023813,0,ADS
7cc5701d8d54ecb,1,2.7265072997574347,1.6505701032890563,0,ADS
7cc70fc05b64abe,1,-1.7040509492052223,1.443080326748139,1,L2
7ce11b54a0b5a57,0,0.09711999242241429,1.7853548052758994,1,L2
7d04433d7379116,0,-0.7784478913981094,1.5322992326814038,1,L2
7d0f26c712db6e4,0,-3.2171256740643512,0.6428324854817573,1,L2
7d1d8c6fbe521ce,1,3.866357727632222,1.8679570070332845,0,ADS
7d2f692a6dae7ed,1,-0.4187446130762364,1.7814764160512617,1,L2
7d320f5607aa249,0,-1.4980913241809877,1.3798983584323277,1,L2
7d3b2544d98cce9,0,-2.527888395824907,0.9086997296596016,1,L2
7d57ae266c261bc,1,3.4912727510487827,1.8852216960927937,0,ADS
7d596ed940a558c,0,-1.934502001661124,1.5558838740829533,1,L2
7d5adde71a103f8,0,-2.590040440572204,-5.167636182881688,1,L2
7d6c2e82ddf0653,0,-3.539284952112877,0.31011818653235784,1,L2
7d74fdd0779d0af,1,3.8879884471688326,1.6598301891767544,0,ADS
7d7df9f9fe7bba1,0,-2.9253842599011968,0.5843042236247276,1,L2
7d9661d6d9464e2,1,4.653825685208289,-4.106420368330602,0,ADS
7d9bcd52c491998,0,-2.6044780631498545,-5.166891392552347,1,L2
7dae0d28d5db974,0,-2.6809993186714887,0.5729634030009343,1,L2
7dc63f84ed3a0fb,1,3.0334043018065677,1.7681136389797407,0,ADS
7dd31582749564e,0,-3.243313689271044,0.2948499847808443,1,L2
7dd9ad4fc8b8b9a,0,-3.322720613448122,0.298946331592226,1,L2
7de80c3d901a4ae,1,4.6703345032291965,-4.105939525131531,0,ADS
7deb67095f50c05,1,0.7075119675690614,-3.669975390783714,1,L2
7e1dce38afbc531,0,-1.7102284001678625,0.824307235756607,1,L2
7e2675e6ad34fe6,0,-3.030024245346996,-4.527866204792605,1,L2
7e4946ffe5ce559,0,1.5432695245921477,1.5867186865431784,1,ADS
7e4c19739931a51,0,-2.9872857932892813,1.0784380406839083,1,L2
7e6339198926ba7,1,3.3068421725147794,1.6790238986983475,0,ADS
7e9b9cd2a74e8fc,1,3.0648583172501094,1.9348846372152932,1,ADS
7ea3b429d320f50,0,-1.0917009918555665,1.5509275297167908,1,L2
7ed1cf3a8400c87,1,3.8757978072113723,1.7159740485319577,0,ADS
7ed218ffbe82b26,1,3.9595611231644665,-3.566097887091018,1,ADS
7ed88e62d8de767,0,-1.0470207274311465,1.847188314833206,1,L2
7eddfc0717ec0fc,0,-3.322720613448122,0.298946331592226,1,L2
7eea6ad313f4628,0,-1.5338793620870783,1.4141875149452072,1,L2
7eeff56894436af,0,-2.9076681372805133,-5.1512507956361615,1,L2
7ef0a8cc1427085,1,4.058035641910941,-3.762451112943782,0,ADS
7ef3f121cdc8180,1,3.039229533524436,1.7662917654503556,0,ADS
7efef5aa622ea74,0,1.7089389031086202,1.5225167011430634,0,ADS
7f03f4b35d36842,1,3.4815565580549883,-3.8587859698423905,0,ADS
7f122fe7a9b4ef2,0,-0.7880224638375721,1.827520098786559,1,L2
7f147216f2506e2,1,3.594055750591477,1.4920551299032536,0,ADS
7f1e59998a53094,0,-1.7660536822957544,1.5365650656222238,1,L2
7f31ad68b7a066e,1,3.392794122009218,-4.365321287306752,1,ADS
7f324efe3a44afe,1,-0.12100099445010895,1.7034848723863143,1,L2
7f5142da0d24ab5,1,3.2373005314204373,1.7563906781254266,0,ADS
7f64f8f07a664f1,0,-2.9485045068965476,0.7271039835009562,1,L2
7f7217d7c3d0dda,0,-2.2453066017673864,1.3356908276227457,1,L2
7f76a915872d78b,1,-0.6969350468859729,1.8739851881449392,1,L2
7f77a8fc3ff482c,1,0.4426779567493808,-3.7223634267080343,1,L2
7f8898a91bd9394,1,3.4878361495447727,-4.17924746768945,1,ADS
7f8e85532ca92e5,1,-1.9703121123141694,1.3347918989327399,1,L2
7f8f08e31baa51a,1,3.822617787654366,1.5144748632183116,0,ADS
7f937c99a600db3,1,3.839295467380729,1.7822424672462878,0,ADS
7f9bc2edb9383d5,0,-0.2056191303218942,1.8103419166613852,1,L2
7f9f0e2e92c94e7,1,3.1625735451988066,1.5075262405352456,0,ADS
7fa1ee87de8cdd1,0,-2.6405721195939806,-5.165029416728991,1,L2
7fb8af01e45e543,1,3.6199262944592734,1.6292245556076572,0,ADS
7fc483c85242648,0,-0.7894620770958138,1.4652977291740135,1,L2
7fc8fab318eae00,1,4.055741058147878,1.6171693801470006,0,ADS
7fcb0b5fb38ee28,0,-1.0869953395702556,1.504976377677745,1,L2
7fd090dc5def1cb,1,3.8577054398175776,1.9512077341758964,0,ADS
7fd3c2895a87bbd,0,-2.3535887710997647,1.3412767550928117,1,L2
7fdc02639ecc0e5,0,-2.568384006705729,-5.168753368375702,1,L2
8001bdbf371926e,1,-0.8407863971938712,1.8607935126670776,1,L2
8004ade13431054,0,-0.83731626405259,1.300645507081181,1,L2
8009cea8d7f3262,0,-2.0431798856802805,1.325263763011956,1,L2
8026b1db4e6c406,0,-3.7939437772979745,-4.472287793251941,1,L2
803359be848aa10,1,2.912510788049563,1.8519962436054893,0,ADS
803ff4d1cb60b2e,1,3.747647962326731,1.9001226458776554,0,ADS
804ea6e5b69ddd1,0,-3.5465037634017023,0.31049058169702887,1,L2
806668a53dbe4e5,0,-3.6663768976104736,1.4288846666341322,1,L2
80679922c8a98b1,0,-2.4617409135286215,-4.3833527051008545,1,L2
809f0169daa1b80,0,-3.322720613448122,0.298946331592226,1,L2
809f781b6502592,1,-2.1783626911470644,1.0506536222437315,1,L2
80ac246ee1e85d9,0,-3.2866265570039954,0.29708435576887066,1,L2
80af11971012830,1,-2.0563812465888764,1.5360667968403066,1,L2
80afa749c2113d3,0,-2.7620196160509285,0.5195732580583856,1,L2
80d4f97379f65c5,0,-3.7939437772979745,-4.472287793251941,1,L2
80e05db036d7ddb,0,2.732612067036082,-3.863979640707058,0,ADS
80f5e3334587177,1,3.116077607111433,1.742977560095423,0,ADS
80fa8ac15954395,1,3.839791858666545,1.7207681239634858,0,ADS
80ff8512cc95537,1,0.5348898932913261,1.5435696622298212,1,L2
8104800f9946973,0,-1.9972194769907592,1.595735009378197,1,L2
810ff5231ba3d6d,1,3.689496114101089,1.7543949247545416,1,ADS
8114b0f77ad73fd,0,-0.9053601144036942,-4.645999230364018,1,L2
811ca85e59b1678,1,3.955936386958982,1.7525431738798811,0,ADS
811e3de5de3c006,1,1.3036641226113679,-3.9248748280674475,1,L2
81515402e617ac4,0,-2.8066047792369604,-5.156464327941557,1,L2
815e32e76aa6973,0,-1.3648875387715895,1.253954468324021,1,L2
81725dfd46ae367,1,3.986997360749348,1.6914386929281702,1,ADS
817e7849e49c0d1,1,-0.5214862755457176,1.6190441425740534,1,L2
817f29e219971fc,1,0.8377864298532154,1.5870664265599077,1,L2
8182bf3ee7005af,1,3.9411511507276185,-3.735063154020626,0,ADS
81936f2041c0cfa,1,4.321629664477714,-3.747922558323591,0,ADS
81bc6900e0e5f5a,0,-2.532562215985314,1.1633192521772548,1,L2
81c7028b9233a8a,0,-1.6714402772456245,-4.122698993228405,1,L2
81ca8e66e69ab80,0,0.1276197512715035,1.8273525827981665,1,L2
81ddf9032f20fd0,0,-3.5248473295352265,0.30937339620301557,1,L2
82084d87a4c6155,1,3.735328141227571,-4.129590665307841,1,ADS
820ae1b8f89c22d,1,3.21282283608889,1.896903629244498,0,ADS
821b600d42a22e6,1,-0.9304905959158667,1.8542646112685486,1,L2
8228f96f31cd43d,1,1.9151220012884378,1.3001374759093558,0,ADS
8240f75b1d9a33f,0,-3.633129498867605,0.3149593236730816,1,L2
824979b8339ba57,1,2.434219557015079,1.8826352052911166,0,ADS
8250e443b7ae2c1,0,-0.6704709686779652,1.5283416318866663,1,L2
82533cc71dbe287,1,3.7462144858009117,1.9830009778555966,0,ADS
82581b4aa2661be,0,-1.58586269557306,-4.568682244589771,1,L2
828432e247723e3,0,-3.020692619784799,0.7308279351476669,1,L2
8288307377661f6,1,-1.2571516894946386,0.9548239315879059,1,L2
8288654b083d6f8,1,1.615818105212491,1.789042475912933,0,ADS
828969da7ea904a,1,4.550177878758546,-3.8288011705227696,0,ADS
8298ed805404448,1,3.7007666951621694,1.5422498768183346,0,ADS
829980c1c3dcd52,0,-3.615845218588697,1.4262779004814345,1,L2
829eecc4924165c,0,-2.9293245711469904,-5.150133610142149,1,L2
82a8903018f5f6b,0,-0.1901144340431882,-3.664952233384468,1,L2
82ab32ab92788c5,1,3.6850001574146836,1.8788548941711116,0,ADS
82ab98ff87a7fbc,0,-0.8217607591310606,1.5345336036694301,1,L2
82ac1729a8bf0dc,0,-1.2129257409813619,1.9189845976310034,1,L2
82ac23406a6ea97,0,-0.27780724321014666,1.8140658683080957,1,L2
82ad7fd77089739,1,3.4802738371423683,1.2296473045433964,0,ADS
82ae70e17b0d2ec,1,2.5465936944324508,-4.018707476404191,1,ADS
82c390ec4952b32,0,-1.0404273108425972,1.117903380938504,1,L2
82c5a354f2fab93,0,-4.165857787200494,0.752810605171828,1,L2
82c9d93272f3d15,0,-1.2530967664757051,1.8794081221912486,1,L2
82df85a5a4a3bef,1,2.108661241950374,1.4749709057821374,0,ADS
82ecf2521cd5c8e,1,3.0989447741001177,1.8306343590929197,0,ADS
82fb19eb82e5406,1,3.777542514817902,1.8457522101569543,0,ADS
8304b13e00692a8,1,4.289617851204899,-3.6564984479471687,1,ADS
83148aca448d18e,0,-2.081484176385082,1.3331334299216209,1,L2
831911a52ed72ac,0,-3.237256958449555,0.7419997900877987,1,L2
8323c3f4e4a2b38,1,4.579168737215605,-3.891722074754813,0,ADS
83424bbe52d4617,0,-2.4886277529107725,1.5625636760272215,1,L2
837457b0986d726,1,3.8861054569237976,1.62483502083359,0,ADS
837ba2955e69b46,1,3.785149780966811,1.6083727057138424,0,ADS
83944815ca12307,1,3.833854046161611,-4.198602202060073,1,ADS
8399967e17eb30c,0,-3.890160047564055,1.440428916738935,1,L2
83b9060efce12eb,0,3.0583915392106085,1.8510852153295212,0,ADS
83d05486352ae88,0,-2.7127602324822324,-5.161305465082281,1,L2
83d0dfe05d5b33e,0,-1.0557995127277713,1.3756750458543998,1,L2
83d3ac598a88753,0,-1.5007337974422377,-4.3858836045334915,1,L2
83d7693f68a21be,0,-2.014750228207277,1.0058490484755331,1,L2
83f0d50eea813e5,0,-3.322720613448122,0.298946331592226,1,L2
83f223e7f8775af,1,3.999975792471314,1.5665626022142523,0,ADS
83ffafd8802334e,0,-3.481534461802275,0.3071390252149892,1,L2
840c1edd23883ed,0,2.1475013782268535,1.6102026539703607,0,ADS
842487756be4a54,0,-2.252190656188469,1.5963180412267088,1,L2
84283eb6b42b54b,1,2.7901863481701077,-4.034163047336864,1,ADS
842912869025dbe,1,2.254293263601589,-3.8787466424367225,1,ADS
842ae816e7999c5,1,3.112851122938507,1.6796894818257042,0,ADS
8437c7bbecbfd81,1,3.856600043010018,1.6157410129610639,0,ADS
843f0b37e656f8d,0,-3.2110079854238274,1.0659335108904824,1,L2
84402bf70df8809,0,-3.2072196328269182,0.29298800895748894,1,L2
84419d4c22f3fd7,1,3.633844472406526,1.6711744357719702,0,ADS
8450064b3ae746f,1,-0.5872904317227309,1.7444627479643213,1,L2
8454c580cc28474,0,-2.6044780631498545,-5.166891392552347,1,L2
846e5984bd68a7c,1,0.11180884371257402,-3.6746790338118624,0,L2
846eca1ab72b9af,0,-1.070925854159519,1.6892158832883502,1,L2
84821e0a3d13b1d,1,4.490718682661141,-3.901941199579172,1,ADS
848bcbb5694b024,0,-3.181262080161505,1.285253345729079,1,L2
848c481b75ac276,0,-3.3949087263363733,0.30267028323893647,1,L2
84a566f93ceec88,1,2.9884245293496314,1.7462782979685365,0,ADS
84adcad61710498,1,3.9216267012348807,1.5460833669697274,0,ADS
84b52164fe6e8ab,1,2.6637729797781997,1.7481267668293878,0,ADS
84b8fbf155cd53b,0,-2.2345950992316634,0.9973971032629533,1,L2
84d4fa517d86789,1,2.0706699927832832,1.7075472416769333,0,ADS
84d77c9c7524473,0,0.15478442908000561,-3.8791862634377803,1,L2
84e175a3c826442,1,2.0642944060695925,1.555757820280365,1,ADS
84e83dbc5d44f80,0,-1.1664710310098025,1.874939380215196,1,L2
84f4795e835c875,0,-2.4931657614479343,1.6442219527686728,1,L2
84f80d58180fead,0,-3.9965042559688864,1.9535819326578971,1,L2
84fe1c3f9d1215e,0,-3.1361936004060023,0.7367862577824037,1,L2
84ff2f9ead1afe1,1,3.322981449176532,1.709167382902221,1,ADS
850eff4a4c154b4,1,3.9171975091155558,1.6803757183811538,0,ADS
850f091303a8355,0,-0.7754215112048404,-4.652702343328097,1,L2
8515f2ab0f0363a,0,-0.5377034677880831,1.464171633290082,1,L2
851e6afd272f5d7,0,-2.454652129143318,1.3464902873982065,1,L2
85354259c696f70,0,-3.322720613448122,0.298946331592226,1,L2
853930efe63ba70,1,2.954062988914217,1.8948918078109842,1,ADS
8546d100483f137,0,-2.864355269547562,-5.153485166624188,1,L2
8552c30375556fb,0,-0.04255058106877871,1.746851556530275,1,L2
8563d4571c2a4f2,0,0.5604242866148512,1.5950419124492137,0,ADS
85694e67f3f1083,1,3.8349693234734072,1.823867830817594,0,ADS
856b17069da7478,1,3.736456801178708,1.730784983783376,1,ADS
857232881f1c3c0,1,3.5810773188695104,1.6169312206171715,1,ADS
8578fbc6ef74c60,0,2.353398043735266,-3.826886647468858,1,ADS
859206372eb0d03,0,-1.2973732460437442,1.5048500391949637,1,L2
859826949477e9f,0,-1.7348422631566613,1.6306077526525324,1,L2
859c6cb57950037,0,-2.719979043771058,-5.1609330699176095,1,L2
85a35a61de2067c,0,-0.8706465254680633,-3.8495183927248435,0,L2
85b2ac7e4bcaa36,1,2.6382653943809466,1.9875283888015924,1,ADS
85b8b6408eea2a0,1,4.850300390448288,-4.174422802696357,1,ADS
85ba5450941916e,0,-1.9368062179470396,1.6315251527176096,1,L2
85bb1d04b327a38,0,-2.4311355913882027,1.3556032390936466,1,L2
85bb308f7801ee8,1,2.6418582769720866,1.3714758316485371,0,ADS
85bc53247dde956,1,4.546798395343362,-3.853055686042929,0,ADS
85bf4a37bd6ec26,1,3.839295467380729,1.7822424672462878,0,ADS
85c4a2c33c09848,1,2.583971456252369,-4.053510998320386,1,ADS
85cbb172d2edfdc,0,-3.366033481181072,0.30118070258025237,1,L2
85cfc80a21463a2,0,-1.281972011631006,1.880897702849933,1,L2
85d3e7f6f3862b7,0,-2.6044780631498545,-5.166891392552347,1,L2
85d4c328f5cbcb8,0,-3.1607694613125523,1.0781429871385302,1,L2
85d826dfb93b0c4,0,-2.4329956952768423,1.3453731019041935,1,L2
85d987a89324cae,1,4.170501711192784,-4.1497582554882015,1,ADS
85fbea342131629,0,-2.6769384417618185,1.1707671554706762,1,L2
86195cae40f6d4b,0,0.10100213142958414,1.732645643620624,1,L2
86231251b2d09ba,1,-3.420864867138885,1.420288301437789,1,L2
862890b0bf9fd67,1,3.77305641703223,1.6721134625353773,0,ADS
86316df360cd024,0,-3.322720613448122,0.298946331592226,1,L2
863b82550aa7ef7,0,-3.705317611755857,0.3186832753197923,1,L2
863e73b7253a2e1,1,-1.0497095422153389,1.0970441257775891,1,L2
866839b247a16d6,1,3.9005519459992075,-3.6932789872011353,1,ADS
867caed4f8c3e26,0,-2.582951656186901,0.5622068096173731,1,L2
867dd6fe5ccd88b,1,-1.5048613320108337,-4.016279333960939,1,L2
86838265677b16b,1,3.642718398546981,1.7110352608182797,0,ADS
869da998fba268c,1,2.9973758566471687,1.8926574368229578,1,ADS
86aa35bdd11ea77,0,2.5223010577377547,2.05904791499881,0,ADS
86aeb09d0fd8e3a,0,-2.111456437587799,1.7586832308462348,1,L2
86b4543603ad8af,1,3.7678452053375224,1.7748741599990665,0,ADS
86e7ec1687ad360,0,-3.409346348914023,0.30341507356827874,1,L2
86f0a7633c65005,0,-2.585638886135509,0.91167889097697,1,L2
870bb81b8b87f76,1,2.744599667151228,1.4153364176451175,0,ADS
870f2ec6fb79488,0,-1.2065640225326073,-3.9451287447978114,1,L2
870f825aa69bb61,1,2.953821228772094,1.926315253871518,1,ADS
872ef6a6244549a,0,-2.1066011430390046,1.5513829210433894,1,L2
874910bcbf5687e,0,-1.0620287384447658,1.8564892939062823,1,L2
8756a4e64fc7a92,1,4.454699351476973,-3.735052740361195,1,ADS
87651ef6a713f21,0,-2.6044780631498545,-5.166891392552347,1,L2
8769ad7314aa0a5,0,2.064355363888628,1.531709040382136,1,ADS
876ca07180ca1bf,0,-3.390377144996156,0.651769969433863,1,L2
8776dfb913c3859,1,3.5894513331964424,1.8680831962761397,1,ADS
8779bf9f5eb6efe,0,-2.0975124839825736,1.3215162854515783,1,L2
877df876ab59edb,0,3.781046204225415,-3.6015662996078244,1,ADS
8783e36771c184b,1,3.9137701710286166,1.462351796628043,0,ADS
878454aa879cc48,1,4.589442303684857,-3.882858085030091,0,ADS
8784abc6f18b453,1,3.7580875207153186,1.5226581659268459,0,ADS
879172a32c7839f,0,-1.822505168520157,-4.145944860650029,1,L2
87bb95d1909533a,0,-2.00929606349683,1.3294094782749102,1,L2
87c2f7f2e16b201,0,-1.5816702644775045,1.6159469362550565,1,L2
87dcd50d79773cf,0,-3.7434710376987237,1.4454318123604892,1,L2
87eefe0c6ee8e03,0,-2.135183680241229,0.8915386901272064,1,L2
87f0ef66b2728c0,0,-2.4329956952768423,1.3453731019041935,1,L2
880f1fcdbb2fbff,1,-0.12809023324458627,-3.8300357991603198,1,L2
88117eda2bc6d2d,0,2.392871159490499,1.2622025469823108,0,ADS
8820eecf2ae5acd,1,0.3272698043008413,-4.259540073622015,1,L2
88383129633c07f,0,-0.6304032994498264,1.7175780306648833,1,L2
8842250c4d0065b,0,-2.7620196160509285,0.5195732580583856,1,L2
88821a9edb33556,0,-6.122661396906652e-05,1.737859175926019,1,L2
8889dbfa87b1a25,0,1.679840879876736,1.577887153607975,0,ADS
8894cbcbca3e974,1,3.754866773615556,1.8997502507129844,0,ADS
88a305c8b3e7dd4,0,-1.003519255786395,1.8841363579573138,1,L2
88a3874a9ec6405,1,0.8230129481902645,-3.675933713418451,1,L2
88a86c91ffa1cc2,1,2.6718808569287784,-4.000353709092735,1,ADS
88a9f6dffcb183a,1,0.13994291805125672,-4.202647308312464,1,L2
88ae24323263e30,0,-1.4046918035410347,1.887228420649341,1,L2
88ba2fe2d61a987,0,-0.6556985892325723,1.7878516599966163,1,L2
88bcb808d90373f,1,4.597578709652454,-3.7227568078252053,1,ADS
88bf41530cd4895,1,2.9235600919345,1.8721766878250101,1,ADS
88cda6faf7e7791,1,3.875506406732682,1.7232319366078703,0,ADS
88cf6c6e87ad6e0,0,-2.1294708642784403,1.5899873234273008,1,L2
88e684e941be85e,1,3.8406009989142658,1.3916914426927405,1,ADS
88ebc78ffa54a7c,1,3.8793361593541884,1.7430809163193663,1,ADS
88ecabe6fd44430,1,3.1212643199262056,1.7862947799784055,0,ADS
88f141e06b11fa8,0,-0.16224530476990764,1.78405876577513,1,L2
88fee3da7cf9b45,1,3.9729135322198217,1.4808480624272558,0,ADS
89070829e683e1d,0,0.13002642166863557,-3.6357588637556204,1,L2
8910341f6eceb78,1,3.026515062499669,1.529636739464479,0,ADS
8930c2cfff75c61,0,-2.396901638832716,1.3435111260808381,1,L2
8932666da33677f,1,1.8890515811670612,1.7464573668872143,0,ADS
893ca66fc11a25c,1,3.091345217524915,1.790912268718955,1,ADS
893ec9b89be0d16,1,3.9609596909561593,-3.6932764901836364,1,ADS
894062e6b5b6b77,1,3.9426305248685667,1.7722256074263978,0,ADS
8948278cfc544d5,0,1.100778321992033,-3.747715491946119,1,L2
894dc150897986e,0,-1.9755630431242837,1.594617823884184,1,L2
8986782877234f5,0,-2.6044780631498545,-5.166891392552347,1,L2
898ecff58636c86,0,2.6830848322205147,1.961379590559089,0,ADS
8992f3d61054f31,0,-0.7374907848157956,1.8249133326338616,1,L2
8997d2c23b85254,1,2.6186027819135176,1.700513634761601,0,ADS
89a88cca1402d0a,0,-2.6332623074753085,1.3660303037044361,1,L2
89cb3cbb72561b7,1,0.07169527476868937,1.6538930966008358,1,L2
89cbd3e852aaced,0,-1.2757168121772686,1.5037328537009507,1,L2
89ceac0c6db3833,1,3.477610104392413,1.796574949523927,0,ADS
89daf68273328d6,0,0.17857743113789512,1.488038314199362,1,L2
89e9d969eb19393,0,-3.5898166311346533,0.31272495268505524,1,L2
89ea0379b21dccd,0,-1.8643688525716637,1.1682577366697922,1,L2
89f772d86956e5b,0,0.7770638816412043,-3.7093815210574683,1,L2
8a061a85e0fac84,1,1.9095162986498402,1.7967950673106083,0,ADS
8a177e450e8774c,0,3.0527243021527553,1.8409890767748458,1,ADS
8a1786924262b79,1,3.947752426384269,1.5636179463707953,0,ADS
8a28ced111c2c93,0,-2.719979043771058,-5.1609330699176095,1,L2
8a33ec00e583818,0,-3.3949087263363733,0.30267028323893647,1,L2
8a344ea303a953c,0,-1.0611752123455926,1.3941489145724342,1,L2
8a50442c3ec5901,0,-2.723231493128691,-4.427432970926626,1,L2
8a553329229a211,0,-2.874826530194021,-4.419612672468534,1,L2
8a8fb26991e0aaf,0,-3.3833887962486107,1.2956804103398687,1,L2
8ab5f5bbb1778bb,1,0.14156008001689865,1.7162559618187565,1,L2
8ad2398b05d30a4,1,4.486087755635787,-3.6909635641455045,1,ADS
8ad3cdb9645bc79,0,-2.9253842599011968,0.5843042236247276,1,L2
8ae72fcceaea67a,0,-2.3752452049662405,1.3423939405868248,1,L2
8af4ef6a2c94d3d,0,-2.384674250515741,1.3487740268378055,1,L2
8b0ea3a0cf10540,1,0.2654071392481472,1.699875854188531,1,L2
8b14fdebdb542b9,0,1.351395248205256,1.6532726051097344,0,ADS
8b2db80a7ce6e2f,1,-0.6980356036791584,1.7254082566018725,1,L2
8b532df27c59137,1,3.085768885430313,1.8273454727320482,0,ADS
8b66840412da94b,1,4.335819115432034,-3.989448077833105,0,ADS
8b688b6e6006c83,0,-1.1431139670477712,1.6929398349350606,1,L2
8b7147356f5b7f3,0,-1.762140546698135,1.6252568153718332,1,L2
8b80fcf366fb159,1,3.8077004254952898,1.6398013265355948,0,ADS
8b9aea2036d8f50,0,4.909035815179813,-4.504897713871573,0,ADS
8b9ce97c9287d1e,1,3.8232830406456366,1.7202872807644134,0,ADS
8ba574a9859120e,1,4.560058102153985,-3.8511298253553656,0,ADS
8bc22bf67f952eb,0,-0.7749842721266311,1.9573706558682087,1,L2
8beb19707a55a89,0,-2.949727923716281,0.9348934904783376,1,L2
8beb8341bbfe1e8,0,-3.289544249493883,1.290839273199145,1,L2
8bf3b8dd754b4f8,1,3.9347873773016433,1.5263996532982644,1,ADS
8bf5a6d2cd0378b,0,-2.6261344970163303,-5.165774207058333,1,L2
8bfa1a0f855252b,1,1.507312338229972,1.5595037487123329,0,ADS
8c0466097b386de,0,-1.3937627839268902,1.2554440489827052,1,L2
8c0f6e0549cbc41,0,-2.600076508713159,0.912423681306312,1,L2
8c29f7beadd4b77,1,3.563452199185981,-3.6312322654587397,1,ADS
8c2cc8c1d4b3c72,1,3.479359001314277,-4.148270529425963,0,ADS
8c3055c6a30f87d,0,-3.013473808495974,0.7304555399829958,1,L2
8c539cfcb619584,0,-3.416565160202848,0.30378746873294976,1,L2
8c56b788577d262,0,2.469084907872715,1.998252013900432,0,ADS
8c60f63d75b3602,0,-2.546727572839253,-5.169870553869715,1,L2
8c7196f7d87bc74,0,-1.2114796777207042,1.4917861138570214,1,L2
8c8acaa1bea34b5,0,-2.8499176469699115,-5.154229956953531,1,L2
8c933199e2da847,0,1.04841501850149,-3.9856197084033025,1,L2
8c9eb6fcf48d32c,1,2.2687308861792395,-3.879491432766064,0,ADS
8cadeeb4404ec67,1,3.915042741576451,1.8437947950893325,0,ADS
8cafb1314704254,1,2.6052586611185644,1.4301473528965358,0,ADS
8cb088f47f347b4,0,2.283155475529664,1.9163504838244214,1,ADS
8cbc31da3b8d4ad,0,-0.9490367365992929,1.3209294520152446,0,L2
8cc45dec09fa7d9,0,-0.1623062625889428,1.8081075456733589,0,L2
8ccc33667765f16,1,0.6095911651830922,1.5854244674574853,1,L2
8ce026066e22e1f,1,3.6704836878109144,1.8336274218174766,0,ADS
8cee75711cb9227,1,3.8793361593541884,1.7430809163193663,1,ADS
8cfee6a54e1f276,1,-3.144266518916067,1.23319479496544,1,L2
8cff765f7638c5a,0,0.6607696875258663,1.4649493431620242,0,L2
8d1205116fb751a,0,-3.3155018021592966,0.29857393642755475,1,L2
8d170074c94fa67,0,-2.6408443853176924,1.1689051796473209,1,L2
8d21cd6f8c174d6,1,3.6704836878109144,1.8336274218174766,0,ADS
8d3395dff5710a3,0,-0.8887772675129602,1.8475518099541768,1,L2
8d565adf5e9f222,0,-3.842475026243536,0.3257587834485424,1,L2
8d5cc926e03a30b,1,3.373838234638365,-3.4378011572656857,0,ADS
8d5de51bc775cac,0,0.7412881099392736,1.4043348305957137,1,ADS
8d6fd2977df2366,0,-2.4135494956710417,1.3502636074964898,1,L2
8d74b68653ee486,1,0.18417732206907636,1.785807663914739,1,L2
8d75c205f32da5a,0,-3.439173870352201,-4.049020646935506,1,L2
8d77b750d61bd7e,0,-1.580140721619315,-4.3817872577221095,1,L2
8d79e58e984566a,1,1.4898563485197998,-3.9148132665194826,1,L2
8d89be527f6db2a,0,-2.257743737062297,0.724489303631507,1,L2
8d93aa03f99ce3a,1,3.8793361593541884,1.7430809163193663,1,ADS
8db1cbccd449e1a,0,-0.5965309079463945,1.875448930651576,1,L2
8db2e10c839c6b3,1,1.8984459046094022,1.8036340166446774,1,ADS
8dbb58bde502b36,1,3.7069829340751737,1.6930858475117727,0,ADS
8dc179f45e6e64f,1,0.03264324282278219,1.7695791824746026,1,L2
8dc5007f4d3fb39,0,-3.322720613448122,0.298946331592226,1,L2
8dcffd7f00269f5,0,-3.439173870352201,-4.049020646935506,1,L2
8dd5b0f845a7cf9,1,-0.3229540498163194,-3.691652090687485,1,L2
8ddd6577855a5ad,0,3.581410067407808,-3.537237554752662,0,ADS
8dde5790aa6d85d,0,-2.6044780631498545,-5.166891392552347,1,L2
8de7e314ac4c7ac,0,-1.7824165130561145,0.8280311874033177,1,L2
8dee90901972d9c,0,-2.3608075823885897,1.3416491502574828,1,L2
8df50c8caf64a60,0,-2.173118488879134,1.3319668759760352,1,L2
8e08682524fd6ef,0,-0.6227783203461733,-4.219008132400874,1,L2
8e132c2e7e4e389,0,-2.1641519578988233,0.8781978934436616,1,L2
8e1815d8de094a7,0,-3.3714961647993786,1.0406884926575446,1,L2
8e186003f23c2b5,1,2.8200808203368983,1.8132422629807299,0,ADS
8e1e58ff97945ba,0,0.37382009280391887,1.7382384631925354,1,L2
8e246bfad5628fa,1,3.9023911610123565,1.6147851277327352,0,ADS
8e3a2ca7f16d11a,0,-3.6229924794409243,0.606200122949407,1,L2
8e4843d23827b9b,1,3.32681465989071,1.8282627019147077,1,ADS
8e5bfe2fb940434,1,2.8958279203320987,2.0652578534845394,0,ADS
8e641eb732c117b,0,-2.9930931277299337,1.3519400760245583,1,L2
8e6be32923cbefc,1,3.4962991491350404,-3.576163743195323,1,ADS
8e7e78cafabfc2e,1,3.456767059946619,1.6815891277924264,1,ADS
8e7f82326ba47e0,1,2.0900856806636248,1.4835715248680357,1,ADS
8e873789f1f63b6,1,-1.7525304102530372,1.5650057875454797,1,L2
8e881d305391e5d,1,0.9135128252475473,-3.9104519474108286,1,L2
8e90ce220b61f79,0,-1.2468415670219677,1.5022432730422663,1,L2
8ea62c1141f9f87,0,-2.277636020479633,0.9567680621782543,1,L2
8eab3135244b7da,1,3.8728770474921714,1.1390759130987258,0,ADS
8ef453320969f45,1,3.488200274859919,1.6864857850037356,1,ADS
8f0798f39255eef,0,-3.598263481516403,0.7867007295938995,0,L2
8f258a002e209e0,0,-0.5091439613202965,1.5657276951382777,1,L2
8f26f38370f5515,0,0.25511032749842766,1.7704041020369063,1,L2
8f2e181d0c5c738,1,-1.4683675277830923,1.4206320669239658,1,L2
8f3a886d8e8dd95,1,2.506995209092439,-3.9651944865585933,1,ADS
8f3b21803d476fa,1,3.9110434488270007,1.5315344005901232,0,ADS
8f441cad746bc6b,0,-3.117224396488135,1.0851411536479874,1,L2
8f4b14673f656c2,1,3.7819746418275804,1.8018341781377767,0,ADS
8f5a27c97782cc2,0,-2.3630178166492652,1.3476568413437924,1,L2
8f5dc21a34007ed,1,3.7678452053375224,1.7748741599990665,1,ADS
8f5e735d9b9dc40,0,-2.9004493259916884,-5.151623190800833,1,L2
8f705450b9147b1,1,2.239747427196719,-3.7796917565591617,0,ADS
8f74f933df02374,1,3.825983986897838,-3.7070697215228052,0,ADS
8f7c4ce2a552807,0,-0.6607389983856261,1.57354799359637,1,L2
8f87cc722953099,0,-2.746520029629631,1.3203961276027456,1,L2
8f942ab937115c7,1,2.814295485573892,1.73073632616746,0,ADS
8fc225c9f30de07,1,3.8793361593541884,1.7430809163193663,1,ADS
8fc7c797f3c3666,0,-3.3588146698922476,0.3008083074155811,1,L2
8fd76182bf3dfae,1,-0.98159448189553,1.2786233672283016,1,L2
8fe153dbccf449c,1,3.790954166991238,1.8341237466263898,0,ADS
8fe386c2f10accc,0,2.9317271173778487,-3.993215205181976,1,ADS
8ff4b41087d986e,0,-0.9637369373934268,1.8118171639061498,1,L2
8ffca881a715613,1,3.66691187419749,-3.9501276953592703,0,ADS
9001d09cb13401d,0,-1.4617599930019503,-3.8732436345645733,1,L2
90144b3b43ae60a,1,3.5908137790273065,1.7441466835655877,0,ADS
90198f7d6c26cf7,1,2.5479378355654156,1.4497390637880245,0,ADS
901afde9639b97b,0,-0.9735382006874088,-4.616440357672344,1,L2
901bb120a9dea5e,0,-2.6366057576627884,-4.431901712902679,1,L2
902679e9b0927cd,1,3.930259397045188,1.7842376707405605,0,ADS
903a29c7cc1864b,1,0.6718544417566309,1.5684339409111503,1,L2
9047c634a08f545,0,-0.9087212514647064,1.278747527206191,1,L2
905137d19194728,0,-2.02609472214606,1.5972245900368813,1,L2
90521f740f3d552,0,-1.7316092416061626,1.4595944489598929,1,L2
906045784240692,0,0.584811532864624,-3.659219759129896,1,L2
90649381fd9caa4,0,-0.5507878755838859,1.4894801784609264,1,L2
906a03244eb2749,0,-3.243313689271044,0.2948499847808443,1,L2
907bc37d2fe6e31,0,2.2632664895968237,1.7895739262179802,0,ADS
908daff8efbbf30,0,-2.979856250168767,-5.147526843989452,1,L2
90b0f7119a3b622,0,-1.5534465402703599,1.4107168266860042,0,L2
90b259cb9879f1a,1,3.8168696788270924,-3.8109983677327666,1,ADS
90c6a1024fa3128,0,2.460936954398924,1.9550274214905878,0,ADS
90cc2a5fefbc8f0,0,-3.1501895129627173,-4.846976165596349,1,L2
90cc4e8a5e89ede,0,-3.387689915047548,0.30229788807426544,1,L2
90d13d75a2825b3,0,-2.6044780631498545,-5.166891392552347,1,L2
90df04acab5f118,0,-1.9493353389255523,1.3204226258712322,1,L2
90df28d6645a986,0,-2.3979497926260533,0.9019966166955226,1,L2
90ec722a319e433,1,4.517521767755134,-3.830505000292018,0,ADS
90fb192cfb5ee0f,0,-2.6766661760381067,-5.163167440905636,1,L2
91035b9a27899ad,0,-2.2192258587279574,1.1934129485326628,1,L2
910fc9a34852241,1,4.545368726204749,-3.8877958474551106,1,ADS
91132ecfd006a2a,0,-1.519165652574823,1.4322314120960535,1,L2
911b3590883cc0b,1,3.8436216112880515,1.7406171036749818,0,ADS
911d621532abb7d,1,-0.8800973394662885,-3.6899484048305973,1,L2
912fe10da529c31,1,3.794953073549547,1.6769580874238585,1,ADS
91301375cf54a0a,1,3.0477976051939177,-4.2291722600284825,1,ADS
913cc7f1754f0b6,0,-0.9106146096548364,1.8970820105963302,1,L2
9141bee29f12599,1,4.597578709652454,-3.7227568078252053,0,ADS
915965fdc13a740,1,3.666020668329847,1.646531380628946,0,ADS
917c2fcaf5fec83,1,3.4739125087601668,1.6070991007255655,0,ADS
91850f842065ef9,0,-2.1641519578988233,0.8781978934436616,1,L2
918d74a173dfaae,0,-3.3928911267848956,1.4689952957193884,1,L2
918eb2dc68885e4,0,-2.621732942579635,0.9135408668003253,1,L2
919102c28fff2ca,1,3.0406887243801197,1.8904230658349315,1,ADS
91a2d8b20dbc9a9,0,-0.8671108118474311,1.4759766986620635,0,L2
91a54e030249afe,0,-3.140494203556972,1.0287718473880705,1,L2
91aa05fd76f9e5c,0,0.14645568759916225,1.686464445364104,1,L2
91bbdc8e89308e3,1,2.6071947880478876,1.202294856458668,1,ADS
91bc2053ec7b4b5,1,3.467498625722085,1.755694376281963,0,ADS
91dc44a6aa3f5e2,1,3.8923066252322807,1.7164548917310298,0,ADS
91e8070901c957c,0,-0.4526929303413318,1.7836865855043151,1,L2
91efef66b8dc417,0,1.9955216360913863,1.3811305247876138,0,ADS
91f0811f15f1f10,0,-3.4775680998710814,1.0402667290413006,1,L2
92014d3d08a5b38,1,3.843638087493776,1.6527958754799066,0,ADS
921811a7f41936c,0,-2.1294708642784403,1.5899873234273008,1,L2
921b2e5c3028b20,1,-1.5751363188551755,1.3215892036898462,1,L2
92261685790d7b9,1,3.481165900876616,-3.5036328797819714,0,ADS
92277e90e7ec08a,0,-2.026210184191398,-4.545966139544838,1,L2
922887c7b03509c,1,3.3601551880983527,1.8357624959311813,0,ADS
9230a22bfd4a593,1,1.655021425952371,1.6045323873439756,0,ADS
924172f81d4e499,1,-2.1446064182667133,-3.3148492796529103,1,L2
92520c330e2a6e6,0,-2.483527374298619,1.3479798680568909,1,L2
9256227b26b1d3e,1,3.9092755422541194,1.6996534086054698,0,ADS
925fd25dfcdb959,0,-1.5447645185811987,1.6323602289531067,1,L2
9272efdb850fed3,1,3.8239005762778113,-3.5787662147916794,1,ADS
9273ff196d81152,0,-0.842357870037354,-3.9445891882652235,1,L2
92953b8c28a4f6c,1,3.571375300906634,1.809339276197403,1,ADS
929786c080b2ce1,0,-1.0150227512445678,-3.842070489431423,1,L2
9298debc89380bf,1,2.504026361604636,2.2428664976994948,0,ADS
92a0461c7ba9255,0,-0.6424770851321321,1.5659078342880022,1,L2
92abe0be65a945a,1,2.1704099932259218,1.567993424178645,1,ADS
92adaa2cfbab458,1,1.527526803263571,2.128442052862736,0,ADS
92b7354aa48b3bd,1,3.819715925868601,1.6359312560595163,0,ADS
92b9116e211750e,1,2.6714924977734347,2.1514230769341194,0,ADS
92bb8a81f7c2378,1,-0.09265066590979584,1.7543799232978647,1,L2
92d9de624255d16,0,-1.840657454906396,1.5510427369422293,1,L2
92df21aac24163e,1,4.420547283342237,-3.7534842842586844,0,ADS
92e33246d638110,0,-2.0284075062348874,1.584773791121906,1,L2
92e33cb7fac29c6,1,3.4032858490822404,1.77457309121053,0,ADS
92e6a0c70eadf8b,1,3.7721713492448448,1.7332487964277603,0,ADS
930d0910bc2916c,1,3.5500255474982545,1.6749919658452495,1,ADS
930dfa5978c5ea2,1,0.047019907581397236,1.7928831720434892,1,L2
931074479192043,0,-1.9971937626608944,1.8027446417407138,1,L2
931517baf7bb99b,0,-3.3299394247369465,0.299318726756897,1,L2
93174e994a248b6,0,-2.655009742171631,-5.164284626399649,1,L2
93187537456d9f6,0,-3.3155018021592966,0.29857393642755475,1,L2
931bc5e06b053cf,0,-3.282166526100376,1.4666342146604963,1,L2
9323cdd86d936cc,1,3.8844500950260166,1.6327233213893455,0,ADS
9341d4360bf129b,1,3.772476132362876,1.5638965245653988,1,ADS
934233e20498578,0,-2.642017663817078,2.320965265098805,1,L2
9342562b100ee32,0,-2.2453066017673864,1.3356908276227457,1,L2
93429956dc78684,0,-3.2688194335534644,1.0929614521060798,1,L2
9346e697083ade8,1,3.847947755195374,1.6989917401036758,1,ADS
9348c2913939b49,0,-3.539284952112877,0.31011818653235784,1,L2
934d402c9c879f2,0,-0.3308449003384075,-4.1538073725999975,1,L2
93584ba02779625,0,-2.819463126640397,0.84578861758729,1,L2
935d9264ef14da1,0,-3.1379492124285533,1.2830189747410525,1,L2
935dfebf0854c7a,0,-2.568384006705729,-5.168753368375702,1,L2
93646df916f9a9d,0,-1.668295999943407,1.6204156782311094,1,L2
9367fafddb5bb9c,0,-3.157850034272478,0.737903443276417,1,L2
937b4d4b37c47c1,1,2.847942690482941,1.3070694916996457,0,ADS
9395d3bd516b7c3,0,-2.020826004465489,1.866192242148416,1,L2
93af71710fcb0ce,0,-3.438221594069324,0.30490465422696283,1,L2
93b7d91bd5e0844,0,-0.9153202619401473,1.943033162635376,1,L2
93c9aee90feaeda,0,-2.8787928921252126,-5.1527403762948465,1,L2
93d37eb6f8ab932,0,-1.4445369221937323,1.5989777238817737,1,L2
93d6c144611cfcf,0,0.6748684559513455,-3.725744177230526,1,L2
93e8f390b0af7bc,1,2.829532718046092,1.1381042247700373,0,ADS
93f8e8a8a5fcaa6,1,-1.7173744741657693,-3.645509852013998,1,L2
93fc057bba56021,0,-0.4452569892625032,1.7689001879643027,1,L2
93ff2213b39d943,1,3.6877882634402033,1.6671259675322525,0,ADS
940b2e038eac9e5,0,-2.276262054279841,-4.387027288295992,1,L2
941269cac543795,0,-0.3810505800321498,1.7936083448156765,1,L2
941567ebe3e24de,0,-3.7772040580712702,1.1802234667512155,1,L2
943f6287807780d,1,1.9951686476825863,-4.000425105078071,0,L2
9442be0c39f266e,0,-2.6838849873269317,-5.162795045740965,1,L2
944e4a3843ac878,0,-3.079478232247046,0.5061019189395397,1,L2
945ae17f631e55e,0,-0.8407587474946983,1.7993662869271045,1,L2
9463f912a3b86f9,1,3.8349693234734072,1.823867830817594,0,ADS
948ba06d384e3d0,0,-3.47431565051345,0.3067666300503182,1,L2
949d03a2f5eee5a,0,-1.7354451665036796,1.1453426252905201,1,L2
94af66ac74791b3,1,3.1067377084572416,2.015528598205208,0,ADS
94afab31e9d3916,1,3.768445868324725,-3.807415994025412,0,ADS
94b0ffeeebb0686,0,2.3119594693849272,1.6671616481484466,1,ADS
94b6db63b6fd782,0,-1.512291672023727,-3.8706368684118764,1,L2
94bb1367829e3e7,0,-2.8837587445756614,-3.7872273907313585,1,L2
94d33d534875cca,0,-1.8574902945998095,-4.904003309691871,1,L2
94ef2b7f9ecb2a1,0,-2.734416666348708,-5.160188279588268,1,L2
94f7f7ddaaab21f,0,-2.299292454346108,0.9578852476722673,1,L2
95004cd5904030e,1,3.201948249748808,-3.9884199307747257,1,ADS
951dadb865d98c2,1,2.782791183037143,1.7396606358282585,0,ADS
952347292400952,0,-3.4411392865592125,1.298659571657237,1,L2
95250f9715252ce,1,4.407738664399354,-3.7114427993900296,1,ADS
953c721f42601fc,1,3.9280211732984176,1.7189187043754144,0,ADS
954714c0ef93c9b,1,2.6684083147457387,1.4502353885969377,0,ADS
954b42045632ce1,0,-2.3124861376274892,1.345050075191095,1,L2
955cc587712eddd,0,-3.2823254382050577,1.290466878034474,1,L2
955f70191f829db,0,3.9148750633579077,-3.80564427997254,0,ADS
958f8512e398c60,1,3.579163672503172,-4.283644323158843,0,ADS
9590144d946c2fa,1,2.5538020173545406,1.5782172632842715,0,ADS
959e967898d2af5,1,-0.014930460697213403,1.6583618385768886,1,L2
95a3957692ba4c7,0,-1.2132925017062601,1.2461341698659285,1,L2
95a8632c506fca0,0,1.3668121937555453,1.677785338092888,0,ADS
95a921627d947c5,1,3.8706838715395437,1.8263316434619783,0,ADS
95ab1fdf24a23cd,0,-1.2427705825983952,1.5040294141890005,1,L2
95bda79c9ba41b5,1,2.9906626047677394,1.8362202865629855,1,ADS
95c2f2c6aad8497,0,-2.3752452049662405,1.3423939405868248,1,L2
95c9fcf002b11db,1,-0.9760498488179381,1.4828923996914813,1,L2
95e087f6befff7d,0,0.008108744045762619,1.8074759843879404,1,L2
95f23d4056845e4,0,-1.3890759321247899,1.214633858324872,1,L2
9600255bf152048,1,2.780513451095617,1.1649290798825795,0,ADS
960116986cfb9d0,0,-3.3455391277819335,0.7475857175578645,1,L2
9602406308419eb,1,-0.9429907306861307,1.5311822637474395,1,L2
96032940309b211,0,-2.293361663247738,1.3034950942039194,1,L2
9608ec3f4d85c12,0,-1.9972194769907592,1.595735009378197,1,L2
9612a9723e060e4,1,3.910716597669129,1.8854201586606385,0,ADS
9616ae79138526d,1,3.7089791381351347,-3.469164899167234,1,ADS
9633af41c73e4ab,1,2.7795184576089853,1.5847825277737984,0,ADS
96356cd51378d26,0,-3.181262080161505,1.285253345729079,1,L2
96436de08bdb31e,1,2.8965048930844026,2.027916066001719,0,ADS
964c14e41d84e5a,1,3.8246861158105805,1.7289355641953046,1,ADS
964ece3e08030ff,0,-0.5538003766114327,1.660571078782993,1,L2
9658ac63bdc860f,1,-2.5754105843065944,1.6278241613638977,1,L2
965e0e83c0b1517,1,3.780823637059489,1.6499980692851484,0,ADS
96612080c2138dd,0,-1.9755630431242837,1.594617823884184,1,L2
9661d6d11d94734,1,2.7481380192940454,1.4424432854325262,0,ADS
96656e088802e2e,1,3.1954925461297368,1.8563954511672052,1,ADS
966cc9f416e8092,1,4.211349729693403,-3.8327787434394853,1,ADS
9673b40435477d3,0,-3.4310027827804985,0.3045322590622918,1,L2
9675bc88b538997,0,-0.2633696206324963,1.8133210779787536,1,L2
9688eb1635c683a,0,-3.890494804431798,1.180174098299643,1,L2
96b05a663652464,0,-3.380471103758723,0.3019254929095944,1,L2
96b4e21cd0c3f0d,0,-2.35704294465671,0.960864408989636,1,L2
96cc6199101c0c8,0,0.32799406606745357,1.694894077306187,1,L2
96e4cb0747893db,0,-1.738619813105727,-4.113339745660057,1,L2
96fbb17f3aadb29,1,2.46788087650078,1.830709208797816,0,ADS
9703e7a1227c87a,0,-2.6145141312908096,0.9131684716356543,1,L2
970d86ec5425b21,0,1.8135648398845843,1.2797604317977778,0,ADS
97178974e271a0f,0,-2.1247970441180333,1.3353678009096472,1,L2
9719edd3c235a06,0,-4.165857787200494,0.752810605171828,1,L2
972f0d5649cad92,1,3.9171975091155558,1.6803757183811538,0,ADS
97479acf769aa99,0,0.29195641719187804,1.684370309163108,1,L2
9755eadc5b36847,1,-0.9192164387636926,1.2376309119500417,1,L2
97714ab09873a5d,0,-2.2953734970178985,-4.1316629754489975,1,L2
97c17d3a8a4bf99,0,-2.575602817994554,-5.168380973211031,1,L2
97d6544d0dcc072,0,-3.5214492624752554,0.6773555952209387,1,L2
97e12f41820e555,0,-1.543423727642851,1.4632550365918418,1,L2
97e6f0a103ff082,0,-1.6406515966237156,1.679027894280887,1,L2
980a286198c0629,0,-2.0116570995684095,1.596479799707539,1,L2
980e420ecfd878f,0,-3.380471103758723,0.3019254929095944,1,L2
98218e2e06d749e,0,-1.833764370266822,1.8652796723285607,1,L2
98395fc467339a6,1,3.1593984896856107,1.8582574269905605,0,ADS
98652889cf9795e,1,3.2615158158769937,1.7744913511749645,0,ADS
987aa232094a786,0,-0.7638528709675825,1.8719816701669207,1,L2
988de915957a266,0,-1.9137355837634646,1.6330771138299254,1,L2
9890f7e0fbb4847,0,-0.6842573428787053,1.9070677374676732,1,L2
989431238320c26,0,-3.6186918762899545,0.31421453334373955,1,L2
98a3094873590e3,0,-3.5725323508557456,1.4240435294934082,1,L2
98a94a604d33309,0,-0.9735382006874088,-4.616440357672344,1,L2
98b8e4e88383c27,0,-2.6523737502133655,1.621394616551432,1,L2
98c616963288b37,0,-3.633129498867605,0.3149593236730816,1,L2
98c716bb1e4b79b,1,2.5545580406264126,2.2402597315467974,0,ADS
98c7fc72b013579,0,-1.9969946857191259,1.524432930993469,1,L2
98cdc785cd2e17f,0,-2.0550854293466987,-4.544476558886153,1,L2
98dc95a15664c6e,0,-2.9206843890553906,-4.671625428833489,1,L2
98de3a7d413af67,1,3.7678452053375224,1.7748741599990665,1,ADS
98ebb610c5d4696,1,3.01757309965796,1.767408950944369,0,ADS
98eeca734bbcc48,0,-2.6622285534604564,-5.163912231234978,1,L2
990d4aa391d52c7,0,-2.6044780631498545,-5.166891392552347,1,L2
99108ea3e1b8746,1,3.188651128569388,1.9932464800049614,1,ADS
991a08adc8d27c7,0,1.447070685240767,1.412427312416098,1,ADS
9922e5edd044a5d,0,-2.3589612885502595,0.9918261369585485,1,L2
992607d8999325b,0,-2.3979497926260533,0.9019966166955226,1,L2
9927f9bb8ad88f7,0,-3.955129349163482,1.4437804732209745,1,L2
99331a278e7d8a6,0,-2.719979043771058,-5.1609330699176095,1,L2
99539ffd29eaa75,1,-0.8606421882314175,1.7510019227547973,1,L2
9960338dcb57750,1,4.028277754265777,1.3779302073887345,1,ADS
9969166a4a0ba08,0,-3.4310027827804985,0.3045322590622918,1,L2
9985b6b9b21343b,1,2.734054190764519,1.2318526549316118,0,ADS
9988693979353b9,1,3.3106556276873556,1.6067840476654554,0,ADS
998ae6887815216,0,-3.3949087263363733,0.30267028323893647,1,L2
998d381a5b2b289,0,-3.5320661408240515,0.3097457913676868,1,L2
9990ededc7e9691,0,-1.0590915156934773,1.4685122188625899,1,L2
9992954b77b0840,0,-0.9514143183842734,1.9448951384587314,1,L2
999711d1c739b82,1,3.5917394494930583,2.166376069708185,0,ADS
999b5327a5e23af,0,-3.4310027827804985,0.3045322590622918,1,L2
999d4db315ce990,0,-2.0477511560125357,1.5983417755308944,1,L2
99b93d3b166fa30,1,3.4263556878692336,1.6871876893875017,1,ADS
99da025168ced5e,0,-2.3608075823885897,1.3416491502574828,1,L2
99e19d155838197,1,2.631878610241429,1.304546936954197,0,ADS
99f82c7c6fdbcbf,0,-2.756073100215184,-5.159071094094254,1,L2
9a38526528986a1,1,3.9347873773016433,1.5263996532982644,1,ADS
9a3d65b9c5f0f26,1,2.761948484088552,1.5954741441759668,1,ADS
9a5142ef6a080a0,1,4.59188236378076,-4.033751772535935,1,ADS
9a5f0288d1b3aed,0,-0.9514143183842734,1.9448951384587314,1,L2
9a73081a8e25e9a,0,-3.3038229599668516,1.4677514001545093,1,L2
9a7d8c5b305a817,0,-2.3391511485221144,1.3405319647634695,1,L2
9a8f592adfbc95a,1,3.8695784747319846,1.490864922247146,0,ADS
9a9f43949fb9ea7,0,-1.544859534080752,1.0961965905317888,1,L2
9ac0ad1cb971490,0,-0.3621903290147879,1.7479430394125879,1,L2
9ad4bcde541a63c,1,3.489804895442045,-3.7516396141966046,0,ADS
9af519012233d96,0,-2.6261344970163303,-5.165774207058333,1,L2
9b01cc7d041141d,0,-3.0891736610772957,0.5412768136757343,1,L2
9b01dd615e1b414,0,-2.8804684120409823,1.709910048535285,1,L2
9b0a750931825db,0,-2.039841589911902,0.9714143172527409,1,L2
9b11f9892a2f87f,0,-3.890160047564055,1.440428916738935,1,L2
9b21e674b9b24ff,0,-3.416565160202848,0.30378746873294976,1,L2
9b29da6c899b747,0,-3.002817335710338,1.4702162460851012,1,L2
9b35cedad6b6717,0,-3.575379008557003,0.3119801623557132,1,L2
9b51fc98a1d4696,1,-1.2276335962483467,1.4539217833641955,1,L2
9b5ede4a532ef8c,0,-2.748854288926359,-5.159443489258925,1,L2
9b6219cb373795e,0,3.31071218519536,-3.3293914536209837,1,ADS
9b6c6e6504c9cd9,1,1.1246548824476146,2.089804670630858,0,ADS
9b7f61d57ff4037,1,3.7141230526296565,1.9020341804277057,0,ADS
9b8102aa8f025a5,0,-3.031423170766694,0.5382976523583659,1,L2
9b9546584c36817,1,3.0830509130409585,1.8266422067194266,0,ADS
9b9e8318ed96db6,0,0.6662068065486743,1.1167548795565265,0,ADS
9bbc14830399471,0,-3.4449282169839024,0.6579924071147698,1,L2
9bbcc8e37f34850,1,2.850857482473186,2.064567874616943,0,ADS
9bd33750093f115,0,-2.8692398215396593,1.3267268454021537,1,L2
9be5431de5dfbd1,1,3.1056580259795465,1.887071509352892,1,ADS
9be9ce9a2a7e60a,0,-3.272188934426345,0.2963395654395284,1,L2
9c0c60f2cb1f322,1,2.6366470652773795,1.4742365291122264,1,ADS
9c2b7c2f2613457,0,-0.6483518903463786,1.8660233475321837,1,L2
9c2e055c55b84b4,1,-0.8901701134816182,1.494098606590086,1,L2
9c40aafd6de9f7f,0,-2.3174947146556386,1.3394147792694564,1,L2
9c46e788fd71c7f,0,-0.9877934187740406,1.5430986924568646,1,L2
9c4a74cc4c5c2d4,0,-0.7605868319405131,1.4638081485153294,1,L2
9c542b98eb35e88,1,3.6791359756255586,1.7503766946748647,0,ADS
9c6063e014c49be,0,-2.4840718781442965,0.4817864263833281,1,L2
9c7c76d68622f2c,0,2.4544896004785777,1.2304341292126555,0,ADS
9c8047ae1d8e92c,0,-4.08263805701255,1.7409574561311032,1,L2
9c8f0e8f37ada10,1,3.194033355274053,1.7322641507826293,0,ADS
9c948a2c8983a42,1,3.2771010205021343,-3.4742129885315975,1,ADS
9c9d2411ca10891,1,2.7399860855215055,1.6788602664299719,1,ADS
9cc3c26c847d2b4,0,0.6276734492112244,-3.6708006445872248,1,L2
9ccf2e2ac9d8329,0,-3.514781860545144,1.4210643681760398,1,L2
9cd6fd3f60f5af3,0,-0.6891483439781543,-4.140370213470736,1,L2
9cef34ecdeecbfe,0,-2.6655823778021537,1.53109238781255,1,L2
9cfac09fd9d9164,0,2.1186916505845006,-4.16848447712524,0,ADS
9d0e4e083bc2745,1,3.70789188381394,-3.733626367178691,1,ADS
9d1c1f258328d2a,0,-3.228574334031856,0.5999448205409121,1,L2
9d1f6c59996e588,0,-0.2442263457695342,1.7666251356103657,1,L2
9d43f7feeb9350e,1,3.789475924874133,1.5667473421425364,0,ADS
9d4437c8f2a8622,0,-1.6003003181507103,-4.56793745426043,1,L2
9d44786aaa37a80,0,-1.0670049000723296,1.7862701181993927,1,L2
9d481ed6b4babd7,0,2.8691030470048706,2.002049954531631,0,ADS
9d4d9db5fcf01ef,1,3.715177761040709,1.8683808029504745,1,ADS
9d52b21380e473b,1,-2.9801390768664513,0.9970342825730195,1,L2
9d6541528d1b103,0,2.962797398627277,2.006264969064455,0,ADS
9d6e78c9727894b,0,-3.322720613448122,0.298946331592226,1,L2
9d71e2ee82fc64f,1,2.5898068037244624,1.034737575712762,1,ADS
9d7270ececf2383,0,-2.926787115211037,0.7019380181087139,1,L2
9d7ddaa65663896,1,4.541042582297426,-3.8461704838838044,0,ADS
9d871ee2ff7dfbb,1,4.6918702610204335,-4.102052868879899,1,ADS
9d9b3cae590097f,0,-3.258913392316031,0.7431169755818118,1,L2
9d9ea44aee989b1,1,4.494740043450432,-3.774214291288117,0,ADS
9da0380f061cf9a,0,-3.05782179838057,0.5049847334455264,1,L2
9da4c181304e623,0,-2.3901056061484085,-4.705525140365381,1,L2
9dc4e7a51cc0747,1,-0.8883507027327658,1.3430985595078082,1,L2
9dd54dcd7afd557,0,1.4757146172053663,-3.4227624806093817,0,ADS
9dd973452a78df1,1,2.4527258635039235,-3.8141270317521805,1,ADS
9dfb44fc01a3f64,1,3.9834669744504057,1.5660817590151799,0,ADS
9e02dda65e974f2,1,-0.7052544149679836,1.7257806517665435,1,L2
9e0ed2134f6f9a6,0,-3.2577513118486947,0.29559477511018634,1,L2
9e1ba2445ef53af,0,-1.903490392281369,-4.5522968573442455,1,L2
9e214c49cbfb0e9,1,4.566190305493639,-3.766845984040896,1,ADS
9e22a5fb40bb620,1,-0.07990034396411552,-3.748977677714517,1,L2
9e2957d3017cce8,0,-2.223650167900911,1.3345736421287326,1,L2
9e2aaf1652bb603,1,-0.7588055432756386,1.5811366080679148,1,L2
9e3ceca7efa4c12,0,-3.3732522924698976,0.3015530977449234,1,L2
9e415ef5107e221,0,-0.8214757151854193,1.9381920254946523,1,L2
9e56196f6ae61a1,1,-1.9508174956479476,-4.329909184928042,1,L2
9e73a3770194f29,0,-3.6547859327340806,0.3160765091670947,1,L2
9e74529d3141c94,1,3.2360320634648625,1.701627375214283,0,ADS
9e782aa378c2cf8,1,3.8615153067990953,1.3087813874104592,0,ADS
9e854367221d966,1,2.7308334436647566,1.6089447397177503,0,ADS
9e8652bc94813e3,1,-0.8943059543083041,1.8593994387585433,1,L2
9e99c2c40a1bd6b,0,-1.4371640117974775,-4.121716354702097,1,L2
9ea9103079881a1,1,3.977239676127144,1.4392226988559498,0,ADS
9eaf9de9e588fd8,0,-0.7543338553946802,-3.8372014468381757,1,L2
9eb6602a28e0b9b,0,-3.6780557398029172,0.25970720290717736,1,L2
9ecb58bd6ee3519,1,3.8636285157371266,1.5117734579751303,0,ADS
9ed92f4565a42d7,1,2.7924968893309514,1.4599064370598802,0,ADS
9edd68bf86875b5,0,-0.6339142677687281,1.8652785572028416,1,L2
9efe939f0ad5856,1,2.0110595017729245,1.5277623572180532,0,ADS
9effc725f4e3bd3,0,-2.6044780631498545,-5.166891392552347,1,L2
9f0125b2f85c521,0,-0.1911815077442435,1.809597126332043,1,L2
9f0533f85a6081e,0,-3.2711321228200814,-3.7638932054279475,1,L2
9f0d1fe0d47387b,1,4.76382488019333,-4.2544089710410615,0,ADS
9f11231e2068dc2,0,2.2989810376629607,1.7920377388623645,0,ADS
9f1b4a155b58211,1,3.0536294793567467,1.9094221113350012,1,ADS
9f21c8535dd6f30,0,-1.2129717156694764,0.8915976010160809,1,ADS
9f24abe73cfc948,1,3.0926795942575804,2.01194760006681,0,ADS
9f35815e3a91b0e,0,-1.8575620550666903,1.6369384704519405,1,L2
9f3a9618a0472fd,0,-1.3721063500604147,1.254326863488692,1,L2
9f4fb7cd0cbd1ef,0,-0.5255044523435853,1.9229238237431387,1,L2
9f55185451c241e,0,-1.9764120140842347,1.4404844505869931,1,L2
9f7dced891ca3f9,0,2.0105478993432184,2.2128629001852462,0,ADS
9f8c9085bb42640,0,-1.0961253010285206,1.6920882233128607,1,L2
9f977db3b261187,1,3.896640734983477,1.5765794620341425,0,ADS
9fb5708bae13601,0,-1.6902871906776253,1.3612780452858304,1,L2
9fbac3b1ac40199,0,-4.008206019313676,1.1921401120206896,1,L2
9fbe139eecb8022,0,-3.2156005245830794,0.7408826045937854,1,L2
9fc0e8a7e1d6fc8,0,-0.4319154392789904,1.7763074098918132,1,L2
9fc2807aedfa970,1,1.997124407778092,2.1012687387564637,0,ADS
9fd6e6088da4fc1,1,-2.2065457103228785,1.5079720913946486,1,L2
9ffb64b4e3f922a,0,-3.027911431073624,0.7312003303123379,1,L2
SINGLE_10039-1548,0,-2.659833336344693,1.291878605728464,1,L2
SINGLE_10561-7760,0,-2.7736334538241136,0.5294429198410334,1,L2
SINGLE_1306-4283,0,-2.772708044836324,0.9724136269018323,1,L2
SINGLE_13781-7197,0,-2.3874276019601757,1.3610389510637022,1,L2
SINGLE_1422-3730,0,-2.4776835043377687,1.0475733606019055,1,L2
SINGLE_30310-11377,0,-0.8750895396427334,-4.160628860458789,0,L2
SINGLE_30410-3043,1,2.636831917855128,2.0704067207795336,0,ADS
SINGLE_30415-1317,0,2.428792220912251,1.93509665456669,0,ADS
SINGLE_30490-3168,1,3.2413026386102146,1.627073899705689,0,ADS
SINGLE_30490-6359,1,2.7672494944856734,1.9205794807912937,0,ADS
SINGLE_30531-2,1,2.0119913514584127,1.3975898375439906,1,ADS
SINGLE_30690-1286,1,3.2297129946060634,1.6904276923123367,0,ADS
SINGLE_33175-7402,0,-1.90922633893919,1.1364743640173531,1,L2
SINGLE_33175-7613,0,-1.0586620533420785,1.4397276714468088,1,L2
SINGLE_33175-9303,1,2.2636826371218737,1.4374329786322948,0,ADS
SINGLE_33175-9304,1,3.0926633249970843,1.1053879718920616,0,ADS
SINGLE_33175-9305,0,2.6852637725424713,1.3704899955384782,0,ADS
SINGLE_33175-9306,1,2.9659738995285143,1.349208574500077,0,ADS
SINGLE_33175-9307,1,2.9659738995285143,1.349208574500077,0,ADS
SINGLE_33257-8085,1,0.6459355763773855,1.4707124448324653,0,ADS
SINGLE_502-10398,0,-2.7654282757284636,0.9479924518389321,1,L2
SINGLE_502-7055,0,-3.322720613448122,0.298946331592226,1,L2
SINGLE_540-6884,0,-1.0059565525600918,1.6858643268063105,1,L2
SINGLE_62-1524,0,-1.9840960192744808,0.7617261471554337,0,L2
SINGLE_62-2073,0,-2.9253842599011968,0.5843042236247276,1,L2
SINGLE_62-2158,0,-1.1901630223801363,1.5250269648925012,1,L2
SINGLE_62-2570,0,-2.2195667660458707,0.8254158612316986,1,L2
SINGLE_62-2692,0,-2.9253842599011968,0.5843042236247276,1,L2
SINGLE_62-2702,0,-2.7640254204186228,0.8303586573549462,1,L2
SINGLE_62-2703,0,-2.5367305307719725,1.011717085204115,1,L2
SINGLE_62-2843,0,-1.2496527749357016,1.3844091003254955,1,L2
SINGLE_62-2940,0,-2.9253842599011968,0.5843042236247276,1,L2
SINGLE_62-3044,0,-2.9253842599011968,0.5843042236247276,1,L2
SINGLE_62-3045,0,-2.9253842599011968,0.5843042236247276,1,L2
a0027274e716a33,0,-2.4898779011453107,1.422353710299484,1,L2
a003b415fefc1d5,1,-0.746270673621365,-4.020021896277509,1,L2
a014d99d4ca7397,1,3.8695784747319846,1.490864922247146,0,ADS
a01903ca4634da6,0,-4.480798253960195,0.4197239110577572,1,L2
a0202b1e608a499,0,1.1642507559904363,-3.731323212598747,1,L2
a026f9186ee95a7,0,-3.397667506721579,1.4725925372952333,1,L2
a031f7256578809,1,3.2196621389997264,1.9008570225475667,0,ADS
a05277be2462827,1,3.7462144858009117,1.9830009778555966,0,ADS
a055db2eae8befa,1,3.714826081642097,1.938911801639906,0,ADS
a0583b15c83ffe4,1,-0.2189379621398652,1.7624623450365917,1,L2
a061eb9c0cf33a2,1,-0.9824192487544203,1.4152459357672453,1,L2
a06a3ffb46f7d7b,0,-2.9269903118502607,1.3297060067195223,1,L2
a07346645ae7dac,0,-0.7503087630447048,-3.7907219183133325,1,L2
a077d6a8e677ac0,1,2.6527030169585974,1.9867835984722502,1,ADS
a0818b37309e9c3,0,0.48078077083566184,1.2393481107965396,0,ADS
a089bf89fc01c3d,1,3.6925470484217686,1.4601374458136671,0,ADS
a09154619b800d7,1,3.1295160100413426,-3.440557769028542,1,ADS
a09927f2bd66573,0,-2.354335192231564,1.205601871796906,1,L2
a0a1657627490ce,1,3.8533792959102553,1.9928330977472024,0,ADS
a0aaf3f2a3c06b3,1,0.07659077841747175,1.7196075183007962,1,L2
a0b03cbbdd332c5,0,-1.3873489494038136,1.5123110519272425,1,L2
a0b0bebd0520205,0,-2.1366896755672653,1.5903597185919718,1,L2
a0ba721d51c0207,1,3.8438600019578355,1.5657667130593487,0,ADS
a0bb6266d4e7cca,0,-2.049773321780286,-4.281513203719606,1,L2
a0c25a8211ab2bc,0,-8.279450851026013,1.5961639872111164,1,L2
a0c5ba77c698760,1,2.7659389862091497,1.2144674878645,0,ADS
a0ce656d119c762,0,-3.3455391277819335,0.7475857175578645,1,L2
a0d66537d37f993,0,-3.344377047314597,0.3000635170862391,1,L2
a0dea44c0788116,0,-2.2233154110331683,1.5948284605680245,1,L2
a0f531efff19d8a,0,-2.489107109432173,0.5573656724766491,1,L2
a0fea0bc15d7adf,0,-2.5972592518610296,-5.167263787717018,1,L2
a1048ed4fc1e402,0,-1.6075191294395357,-4.5675650590957595,1,L2
a106bab6fdac541,1,1.5496921145711868,1.5475334711860824,0,ADS
a14083800a8a655,1,2.7659389862091497,1.2144674878645,0,ADS
a14c77a3d264d3b,0,-3.4651817994494247,1.2216969664242903,1,L2
a162bb576c37d35,0,-1.611424452436939,1.6111745267952522,1,L2
a1697c41a671be3,1,-0.85187329040575,1.8038201259315254,1,L2
a16e8321a043d3c,0,-1.6888188512686184,1.456173302394914,1,L2
a17bcba281db922,0,-3.0087314953240676,-5.146037263330767,1,L2
a17d80112858244,0,-0.9168244512360062,-3.8264989917842422,1,L2
a18be595695791f,1,4.570516449400961,-3.808471347612201,0,ADS
a18bebade3214f6,0,-2.188183570767573,1.3414813707669697,1,L2
a18fa1723ca3275,0,0.11952911033677839,2.0994237603405983,1,L2
a192f45fa9d84e3,0,-2.546727572839253,-5.169870553869715,1,L2
a1a3b76299c95c4,1,3.6877882634402033,1.6671259675322525,0,ADS
a1a9f216f0b940f,1,3.8836543374176364,1.799705618873642,0,ADS
a1c011482f2f28f,0,-1.9498296402075905,1.6349390896532807,1,L2
a1c152f34c9e8dd,0,-1.1916360678397846,1.2450169843719154,1,L2
a1c8e08b9e5cc0e,0,-3.5681601972681776,0.31160776719104194,1,L2
a1cffff2c58a4a7,1,2.544420847626219,1.9923695259423162,1,ADS
a1f1e1d28d55991,0,-1.2530967664757051,1.8794081221912486,1,L2
a1fb39677f6ca68,1,4.513195623847812,-3.7888796367207127,0,ADS
a1fc8115251eb90,0,-1.2913182497724425,1.2984844709337573,1,L2
a205e2551852d31,1,3.129827618849536,1.9315330807332536,1,ADS
a205fe376bcc81b,0,-0.509307331422643,1.5562382875488572,1,L2
a206de7f11fc179,1,3.7863007857349023,1.7602088145664705,0,ADS
a2084dcf852189a,0,-3.7589428280305826,1.2309574770894944,1,L2
a21125c585cc188,1,4.668339471529702,-4.031544263746317,0,ADS
a21c7dc0dfe634a,0,-0.11893243703695625,1.7818243947871035,1,L2
a2201a001fcc54d,1,4.50727616404377,-4.11040533773137,1,ADS
a2294c123edc961,0,-3.7368800868597662,0.669644937338074,1,L2
a23645e9ae97899,1,3.693547041504098,2.0765076208070052,0,ADS
a23bb5afe47b414,0,-0.516645427455435,-4.242635148682859,1,L2
a2534d136f99805,0,-2.6044780631498545,-5.166891392552347,1,L2
a254c9e81a304cb,0,-1.0067914071376778,1.807931375714539,1,L2
a2626df74cada6d,0,0.2717905997373395,1.6990677408360038,1,L2
a26386f6cfbf517,1,4.545579824933766,-3.961795579940247,0,ADS
a268ef3756c961e,0,-2.0309524973633057,1.3305266637689235,1,L2
a2882bceb064a6a,1,3.697090129919316,-3.6212806164694444,1,ADS
a2bb9aa7ff67592,0,-3.7939437772979745,-4.472287793251941,1,L2
a2cf0c9aeb22dc5,1,2.5993043848851825,2.15514702858083,0,ADS
a2d260068d10cc9,1,0.6921669842795038,1.465467368997913,0,ADS
a2d78cc6aaf202c,1,3.276713615624333,1.5779716771161814,0,ADS
a2e56e55b1ad8d9,0,-2.078887475785521,1.2664340067916322,1,L2
a2e778580efc6d3,0,-3.479516862250798,1.473464037695441,1,L2
a2ed9f0f8198649,1,3.8793361593541884,1.7430809163193663,1,ADS
a2efe3284b1523e,1,4.538602522201523,-3.6952767963779602,0,ADS
a2f35a19f3150b1,0,-3.301064179581646,0.2978291460982127,1,L2
a2f72a0435b1c3e,1,3.148534212564785,1.765076844075728,0,ADS
a2fc403c2ef36ee,1,3.6661575439035925,1.8752527853887828,0,ADS
a2ff01677ca7c05,0,-3.387689915047548,0.30229788807426544,1,L2
a3013bb793ace5b,1,-1.0360987546414488,1.420011238231348,1,L2
a3021429f4014e7,0,-2.9004493259916884,-5.151623190800833,1,L2
a3037ba8b0702a4,1,3.805313212025077,1.6809763175035355,0,ADS
a30779c2f50647e,1,4.6286495087682145,-4.082866584183063,0,ADS
a3624e8630587dc,0,-3.4559116660046056,1.0391495435472873,1,L2
a386703bc6498b9,1,3.847947755195374,1.6989917401036758,1,ADS
a397f4138734f45,0,-0.7579093398755126,1.2965491602697996,1,L2
a39b6d8a7831408,0,-3.890088497127457,0.6199787440422362,1,L2
a39c4350c3a87c8,1,2.9435932517816457,0.9313366514210705,1,ADS
a39df44e3852db5,0,-0.8880792329842271,1.9022268152208057,1,L2
a3b2ca2a5349f34,0,-3.1639067650939667,0.2907536379694626,1,L2
a3b36081dcdb405,1,3.736456801178708,1.730784983783376,1,ADS
a3bad4a66c7a728,1,-0.9287703991734018,-3.9096107669506073,1,L2
a3bbe26a5a0b4c2,0,-2.1641519578988233,0.8781978934436616,1,L2
a3c3381509fb59c,0,-3.481534461802275,0.3071390252149892,1,L2
a4080bf926ba2bb,0,-0.6196045327884462,1.785989684173261,1,L2
a4139547e5e749b,1,2.973346348135649,1.757001080449701,0,ADS
a41db12eb07f4d9,1,3.115211818595503,1.7536242072699966,0,ADS
a4221254ea9e123,1,3.8793361593541884,1.7430809163193663,1,ADS
a42687001b49114,0,-2.2175557906000267,1.4703247650187776,0,L2
a44514c80a6c2d2,1,2.001522146170895,1.6721484182530484,0,ADS
a44c6cf951c17dc,1,2.4141190227826987,1.4974603894481513,1,ADS
a451c7a5b2ecae6,0,-1.8331978687750687,1.8805587477651973,1,L2
a462f139804751d,0,-3.027911431073624,0.7312003303123379,1,L2
a473fea99466731,0,-3.917432088659551,1.6892307674072227,1,L2
a4770372ceb27d6,1,3.955936386958982,1.7525431738798811,0,ADS
a47b329df43143a,0,-0.7518007613006812,1.8888893169735668,1,L2
a487e7ab1ef6c23,1,-0.3265117205237115,1.6808599470958796,1,L2
a497d4cb2c09cee,1,3.1419054603465297,2.0788771513603255,0,ADS
a49ac9294fd9957,0,-2.6766661760381067,-5.163167440905636,1,L2
a4a1c8a58c35ae2,0,1.3843474624107746,1.6932214757141602,1,ADS
a4c974162dc34eb,0,-3.2866265570039954,0.29708435576887066,1,L2
a4cda1a1ace0145,0,-0.9518817668209333,-4.617557543166358,1,L2
a4f22e218171a4e,0,-1.7754982287695995,1.3056107550230491,1,L2
a4f3fd3c322db7a,1,2.7854202404185915,1.7322259068261443,1,ADS
a4fcf9c531fc509,0,-2.635867500124177,1.3723151218389749,1,L2
a505bba3817c9e2,1,2.589753251088082,1.9090128477828021,0,ADS
a511737c8ae0e24,0,-2.9253842599011968,0.5843042236247276,1,L2
a518da42668ab25,0,-2.9774916542689818,1.2735085304679454,1,L2
a52362823d47241,0,-1.3226912566125804,-3.863131354316593,1,L2
a52becc255b00a5,0,-3.825190745964628,1.4370773602568954,1,L2
a533265aa072b90,0,-1.6580508084613121,-4.564958292943062,1,L2
a538d8efa6cd8ac,0,-2.5828216292833788,-5.16800857804636,1,L2
a5494cc58505ab8,1,3.483369724825554,1.6720712539746798,0,ADS
a54f3dd3cdaf781,0,-3.4068013577856044,0.557662200921261,1,L2
a55ab68f14ccf71,0,-1.483416426868426,-3.8721264490705605,1,L2
a55b19c4d8134d2,1,3.1258095774037717,1.7881839218051265,1,ADS
a55d35a14509019,0,-0.6026537512072817,1.8308236507182936,1,L2
a56987aa25c955b,0,-3.254381810975814,1.0922166617767375,1,L2
a572312702dd65a,0,-1.6570026546679741,-4.1234437835577475,1,L2
a57674ca04113a9,1,3.9834669744504057,1.5660817590151799,0,ADS
a5862657cbc2102,0,-0.1465141694284545,1.7930905839075266,1,L2
a5ba9c361d5c1b2,1,3.866070370457863,-3.772592170780549,0,ADS
a5cf8f4faa27ea7,0,-3.6547859327340806,0.3160765091670947,1,L2
a5e0bc0f31fb4bb,0,-3.3082829908704716,0.29820154126288373,1,L2
a5e1f7a09127d06,0,-2.9800669820004564,1.0780656455192372,1,L2
a5e8792bde37720,0,1.5937754892840603,1.3771022880279642,0,ADS
a603df4aeb3d159,0,-3.3465742499335773,0.5198805400323689,1,L2
a60df7416984151,0,-0.35822381072414927,-3.6086036399089467,1,L2
a62523aa509d5ea,0,-3.322720613448122,0.298946331592226,1,L2
a626dd73ba4d35f,0,-1.0952465299566385,1.494422974584174,1,L2
a63dbda6ebc1a94,0,-2.2305342223219933,1.5952008557326955,1,L2
a642239e4ca5b63,1,3.6988658771335583,1.7523907954361428,0,ADS
a64447e746850d0,0,-3.380471103758723,0.3019254929095944,1,L2
a64746fe790e2a0,0,-2.967103761260357,1.335183654071087,1,L2
a64835cbf9811d8,1,3.046402653226694,1.7922802686165082,1,ADS
a64eab5209c393d,1,-0.15837655488273805,-4.1371229250304005,1,L2
a65c903b2a3ff82,0,-0.72538851876943,1.8627593174823678,1,L2
a65d2b40d37db9d,1,-1.1004745249505756,-4.138866123669924,1,L2
a6623b57fff0be6,0,-1.2205113129950853,1.2465065650305995,1,L2
a673fcc54f6f312,1,2.8349642587609742,1.4319455824135638,0,ADS
a67a30423fd3c4c,0,-3.8324095572534533,1.4374497554215666,1,L2
a67d18fe1fddf3d,1,3.8620315837248995,1.9095823706045905,0,ADS
a68ca593b9442d0,1,0.016874579315075383,1.8082980914357178,1,L2
a68e8744967c54a,1,-0.8685136796151425,1.492981421096073,1,L2
a68ec6b56e6f607,1,0.01316850079853238,1.724153576995284,1,L2
a6967d94741a8af,0,-0.9786455571372374,-4.297716655844891,1,L2
a6a0a75214f831b,0,-3.3400759285156596,1.2934460393518423,1,L2
a6a926c0f8687a6,1,-0.07283657728766821,-4.300854290975026,0,L2
a6c3d816cc7ab78,1,3.804828215735364,1.612673590067242,1,ADS
a6e66cb4bf0aae4,0,-3.4310027827804985,0.3045322590622918,1,L2
a6f20955dfd337e,0,-1.0422382333934366,1.4570137088599528,1,L2
a6f86594c9f0b7d,0,-0.41597430103475136,-3.6056244785915785,1,L2
a6f9b356ce77641,0,-4.257157342826804,1.0118988696655338,1,L2
a702422b00e740b,1,-0.89294350847744,1.7354629260479912,1,L2
a709e57d7d162f6,0,-2.600076508713159,0.912423681306312,1,L2
a70c2e817fef563,0,0.6193206344430112,1.7015282476954903,1,L2
a7144b26583e61b,0,-1.2540603783107929,1.5026156682069374,1,L2
a71893002843d10,1,3.199312432642417,2.0544614769960736,0,ADS
a719e931e5590cf,0,-1.7982346031422611,1.6271187911951885,1,L2
a74041371c428c8,0,-2.0248619681338136,1.6412783462545226,1,L2
a741512b0811bdc,1,4.188961923120113,-4.087235432648747,0,ADS
a74718b2fa4fa6e,0,-2.773327979644965,0.9213611652584174,1,L2
a748e1e7d928652,0,-2.9253842599011968,0.5843042236247276,1,L2
a773c7629437fd1,1,2.8412763066075986,2.0366610410614197,0,ADS
a7841b0c2c097af,1,-0.14683016427623966,1.7783622594337014,1,L2
a7afcf579514940,0,-3.409346348914023,0.30341507356827874,1,L2
a7b83fabe30a5cf,0,-3.380471103758723,0.3019254929095944,1,L2
a7ca6bc946cb93d,0,-1.7264132100548812,1.6819321813945758,1,L2
a7d9250aa69b874,0,0.8180444257865565,-3.9064540326098682,1,ADS
a7e638c483986d2,1,-0.7027914123439338,1.7504210705990584,1,L2
a7f8e178ba71994,0,-2.158346109433741,1.591476904085985,1,L2
a808747c53becf4,0,-0.7012690822789048,1.8862825508208694,1,L2
a82555e1ba4cb74,0,-1.617379187622075,-4.384919219613684,1,L2
a8327f3dbcd1ecc,0,-0.8653788734762464,1.538396301332785,0,L2
a8374e15d019368,0,-0.7750244545181635,1.4645529388446714,1,L2
a83accf0c42c51a,0,-0.7759902892611559,-3.836084261344162,1,L2
a84eef2dfe44978,0,-2.5614883114457476,0.5928400014111606,1,L2
a85241c65b196c7,0,-0.27780724321014666,1.8140658683080957,1,L2
a85a7c4da377987,1,3.6621586373452835,2.0324184445913143,0,ADS
a85bce110d12bb8,1,3.175947913351735,1.7543845110951106,0,ADS
a85d5028decfa82,0,-2.491552388245573,1.7017084445226032,1,L2
a8672b5fe71cfe8,0,-3.3299394247369465,0.299318726756897,1,L2
a888fba15843acb,0,-3.322720613448122,0.298946331592226,1,L2
a8a64b82c785516,0,-1.5383573967445534,1.61371256526703,1,L2
a8b9b6b3fc669de,1,2.9760491291619102,-4.139212072121431,0,ADS
a8bba07936fe610,0,-2.553946384128078,-5.169498158705044,1,L2
a8c826e4f1c99d0,0,-2.2305342223219933,1.5952008557326955,1,L2
a8c95cceeb75eda,1,3.248537384155027,1.8993674418888824,1,ADS
a8ca2fc8c8b34b3,1,-0.88049910488202,-4.427335509594524,1,L2
a8cf3a9475d70a7,0,-3.3949087263363733,0.30267028323893647,1,L2
a8d01f2a05f21f7,1,3.7957339643604637,1.6515711938638935,0,ADS
a8d3da56642d434,0,-3.322720613448122,0.298946331592226,1,L2
a8e4923d669f9b8,1,2.3856069992720648,2.00056221956508,1,ADS
a8e572e7851e54b,1,3.563271603695723,1.632085258866318,1,ADS
a8f1afdab909440,0,-2.691103798615757,-5.162422650576294,1,L2
a8f38444c19dd51,1,0.45557636755491143,1.7813571444315763,1,L2
a8f47357de2a17a,0,-1.2012331244924475,1.126642158882502,1,ADS
a8fbcc59683f9e6,1,-0.9563762616795888,-3.925092910350627,1,L2
a8fc8fda3dfeaf8,0,-0.6478604024054773,1.3683906525811242,1,L2
a90baed2d01a852,0,-1.0741360165767389,1.0937832438428035,1,L2
a9123a5bc8de9cf,0,-3.5248473295352265,0.30937339620301557,1,L2
a918ac8123b32b1,0,-2.525201165876299,0.5592276483000045,1,L2
a92328583b099e9,0,-2.062304240635524,-4.5441041637214825,1,L2
a92b1e225108e86,0,-3.1639067650939667,0.2907536379694626,1,L2
a930be0f965eab9,1,3.4747174370109097,1.755321981117292,0,ADS
a93e0896204d84f,0,-1.7750676748637682,-4.902556595425086,1,L2
a94ca9b253c5105,1,2.91533969026433,2.0266040928336824,1,ADS
a957d9a9b5bea61,0,-1.4797952169817719,1.6290086724710673,1,L2
a95a53d3d5c107d,1,2.659428789582082,1.4179458201083244,0,ADS
a95c0ae86acb852,0,-0.16224530476990764,1.78405876577513,0,L2
a95fa4a5e326ae5,1,3.7928412969789607,1.6103182254572586,0,ADS
a967ef6a578bd62,0,-1.4183861674499638,-3.8995267854508286,1,L2
a970f6471fcef03,0,-2.158346109433741,1.591476904085985,1,L2
a970fbfccf44b00,0,-2.0717203739678385,1.5870081621099323,1,L2
a98e5d5223f5d8a,0,0.216317400266795,-3.900482424170965,1,L2
a9a6be32fcd2e72,1,2.960897827410934,0.7648351971358468,0,ADS
a9b16cb791cd38b,0,3.607392645181606,-3.5799801038179813,1,ADS
a9b321d03f6693c,1,1.456797881231003,2.256297304894023,0,ADS
a9bac9237d264b6,1,4.653029927599908,-3.939438070846307,1,ADS
a9bef208f5dc37c,0,-2.187221354589042,1.5929664847446692,1,L2
a9dbd0eec01db66,0,1.5938012036139249,1.584111920390481,0,ADS
a9e57ea29ed1b8a,0,0.31756647009434064,1.721473788680492,1,L2
aa0c42b0656126e,1,3.796249874314592,-3.6683815467025784,0,ADS
aa14aa7dee1a6e5,0,-3.811087880254721,1.1760777514882612,1,L2
aa20644d3f75e3a,0,-2.3752452049662405,1.3423939405868248,1,L2
aa2631a44d3e071,0,-1.9959867229785129,1.6397887655958385,1,L2
aa2bae513094cf7,1,2.87465606473714,1.898988154622366,1,ADS
aa353310a33298a,1,2.8134417363509123,1.7948420709378812,0,ADS
aa35359c7baaadc,0,-2.353022549659177,1.4385826346771107,1,L2
aa35430cd9d3cba,1,3.6645155572295334,-3.6364457977641345,1,ADS
aa443743268825d,1,3.61626628534155,1.6541189115461352,1,ADS
aa648e522cd3d27,0,-2.1081491872797073,1.3286153194939956,1,L2
aa670c823aff5c0,0,-3.5609413859793526,0.3112353720263709,1,L2
aa6c0ebd07d556c,0,-2.9340668843188977,0.7263591931716141,1,L2
aa6cc345c62be58,1,3.986997360749348,1.6914386929281702,1,ADS
aa784d29014831a,0,-3.5248473295352265,0.30937339620301557,1,L2
aa791e99f358c62,1,3.8931023828406612,1.5494725942467336,1,ADS
aa89214715e1b1f,0,-2.529485289783017,1.1425478663219644,1,L2
aa8cc04d9bd00c9,1,2.9395085280179467,1.7915165503105732,1,ADS
aa92abf91421680,0,-3.5320661408240515,0.3097457913676868,1,L2
aaa9e98ebc40792,1,3.8778047677606224,-3.8039391903249022,0,ADS
aaac9035f83c66f,1,3.777787281559479,2.013118107424849,0,ADS
aab26e79fd9b574,1,4.2668346212707,-3.7079674263213818,1,ADS
aab9f56123d575a,1,-0.3420889339700272,1.6281171138229624,1,L2
aacbfc203c32ce4,0,-3.338320316493108,0.7472133223931935,1,L2
aadd6f9f76f5998,0,-4.193684878562457,1.1958146952158275,1,L2
aade9a2a940afea,0,-2.6044780631498545,-5.166891392552347,1,L2
aae416a964f693a,1,4.645173397393644,-4.023169641187991,1,ADS
aae6306629016ce,1,3.689496114101089,1.7543949247545416,1,ADS
ab0b7770c2dcdf4,0,-2.0447186260118686,1.5449326724908932,1,L2
ab0ece70883bc1a,0,-1.3118108686213947,1.5055948295243058,1,L2
ab140f71b3d4a01,0,-3.279692242812746,-4.190219077247846,1,L2
ab1de4c6355244e,1,0.947364232030412,-3.8417223523626243,1,L2
ab4dcba1d2b9a80,1,-1.6341804405319325,1.436691733654166,0,L2
ab56dca77138316,1,2.660339081147002,1.6801295840507922,0,ADS
ab57365228d9299,0,1.5542936683308697,-3.345282521472795,1,ADS
ab6aeb8af49a339,1,0.9322826597250036,-3.763790821991199,1,L2
ab6c18fb4e24125,0,-0.9153202619401473,1.943033162635376,1,L2
ab730b8852be08c,1,3.475032857406955,-4.1066451658546566,0,ADS
ab78822ba620852,1,3.9642612444051775,1.5640987895698677,0,ADS
ab7ab6695e48c80,1,2.619342489648091,1.6407379833974505,0,ADS
ab7e15b58ae8dba,0,-3.5252790524524946,1.245324084551643,1,L2
ab92f55b1bd5c9b,1,3.7321306572713855,1.772410347354682,0,ADS
ab9480a91e8fa02,1,0.2929294020220066,1.7251035608894971,1,L2
ab964227042fecf,0,-2.3815886661929575,0.6887184359747716,1,L2
abaaba07ac5d811,1,3.939113521208965,1.4847742897269585,0,ADS
abb7e7c97b5aa73,0,-2.756073100215184,-5.159071094094254,1,L2
abd76bc6de362b3,0,-3.3949087263363733,0.30267028323893647,1,L2
abeac7ae8da72a4,0,-1.2563662548070778,1.8579877746086668,1,L2
abf7e19d76b4d7e,0,-1.555939296624421,-4.128657315863142,1,L2
ac03faca000d50b,1,3.2445193427092627,1.7560182829607554,1,ADS
ac0691b3b3afd24,1,-0.2865287580034033,-3.977688529799304,1,L2
ac181687dac1918,1,4.597578709652454,-3.7227568078252053,1,ADS
ac18c88cf467919,1,2.10018126572535,-3.9556230442547347,0,ADS
ac21c9e7948d549,0,-2.6044780631498545,-5.166891392552347,1,L2
ac3019be0839ada,1,3.9539780367423507,1.4691665229475785,0,ADS
ac315e948c2c082,1,3.4772486303373635,1.6998783219884512,0,ADS
ac64bde20c3ffee,1,4.464579574872412,-3.757381395193792,1,ADS
ac6b92024c05ce2,0,-0.7031700556842863,1.3847637641571109,1,L2
ac6c3f571fc10bc,0,-2.9253842599011968,0.5843042236247276,1,L2
ac7bbb42b9626f1,0,-2.244841817996122,-4.1342697416016945,1,L2
ac7d268eff5bdd5,0,0.24067270492077728,1.7711488923662486,1,L2
ac82ca5f7a7d2c0,0,-0.7782904935452328,1.8727264604962628,1,L2
ac951b6b7d0ec40,0,-2.3979497926260533,0.9019966166955226,1,L2
aca91d544b58a78,0,-0.22173505732547263,1.6434409012081241,1,L2
acbc247ecd4433f,0,-2.0943087447744393,-4.943657699933489,1,L2
acc8936090bcd7f,1,3.146279433418316,1.7757356291244943,0,ADS
acd2e984fc250cd,0,-2.7994941400035485,1.3197780473442693,1,L2
ace913e621d7d1a,1,2.7096532177988317,-3.8345698791334852,0,ADS
ace9343897148f7,1,4.462648610279176,-3.8551810887160083,0,ADS
acf2348719773d7,0,-1.6902871906776253,1.3612780452858304,1,L2
acfaefbc0abe2a9,1,3.422547939619061,1.7236976864262379,1,ADS
ad01dedb1ec70e8,0,-2.4960856788317325,0.9533168374371811,1,L2
ad0dcca9b823fd2,1,3.955936386958982,1.7525431738798811,0,ADS
ad10133ed044297,0,0.20953983445209498,1.8688349928611596,1,L2
ad230b8d271af2a,0,-3.337158236025772,0.29969112192156805,1,L2
ad23f6dfaa3ec32,0,-2.0584465664077114,1.3802701986840546,1,L2
ad2a00e2088bc4e,1,-1.7257073830716971,1.4441975122421522,1,L2
ad30ba91fae0c16,0,-1.7399789651996946,1.532748617637826,1,L2
ad385857ad27150,0,-2.5972592518610296,-5.167263787717018,1,L2
ad50b1f80f9a2cd,0,-3.854065991119929,1.4385669409155797,1,L2
ad528f8ca8a22ae,0,-3.366033481181072,0.30118070258025237,1,L2
ad5847869bda668,0,-2.6044780631498545,-5.166891392552347,1,L2
ad76f73bb3354df,0,-0.8239888741889334,1.8926132686202775,1,L2
ad9280909fd67f7,0,-1.5304219115031015,1.0954518002024465,1,L2
ad9e847d40148e0,1,2.935783371693302,1.8099291355008664,0,ADS
adc3403dc7a6442,0,-2.2503551128752064,1.6297281645208161,1,L2
add362ee9118d11,0,-2.8499176469699115,-5.154229956953531,1,L2
adf016c462154cf,1,0.8188130702222558,-3.8134342082024197,1,L2
adf4880ff328a27,1,0.26979652625524514,1.5755272545138965,1,L2
ae16b7a8038ba70,1,3.330216007776389,1.8904677675630055,0,ADS
ae193270314f8d6,1,4.503392331265075,-3.8574650184307298,0,ADS
ae204cfacc3157a,0,-0.15230905325515912,1.9686141788631608,0,L2
ae29dae8ddb1dd3,0,-2.8428070077365,1.3220124183322957,1,L2
ae34e00fbf7434f,0,-2.9253842599011968,0.5843042236247276,1,L2
ae3b34b90b0286d,0,-1.498034926654731,1.2868648974977341,1,L2
ae52e6474c03eac,0,-1.6707020197070155,1.6815178415132495,1,L2
ae53ba9420d628d,1,3.9469566687758886,1.7306002438550916,0,ADS
ae68a2a304ee505,0,-1.592033353068547,-4.126795340039787,1,L2
ae79e2b8f3b2364,1,0.21428198268315254,-4.208002994112902,1,L2
ae912d40ea592fa,0,-3.4598780279357997,0.30602183972097613,1,L2
ae957c3ccd2cf4c,0,-3.3354021083552525,1.0388265168341893,1,L2
ae9a3bf3156b681,0,3.288327449547538,-3.575211541001943,1,ADS
ae9efffff12a696,0,-2.9253842599011968,0.5843042236247276,1,L2
aea121b40ac2226,0,-1.9945648964203468,-4.174577198674584,1,L2
aeab14bf24ea3b8,0,1.2880338391046058,2.0763607322630144,0,ADS
aeb0ef282584e35,1,1.6287515148005873,1.406166044435813,1,ADS
aeb856a36d03653,0,-3.9623481604523074,1.4441528683856457,1,L2
aec34acbc3bc510,0,0.4965398847139473,1.7319077453931273,1,L2
aed97adfecb5f94,0,-2.1655649207225665,1.591849299250656,1,L2
aed9b05ea58c626,1,3.2746059327380443,1.9114364656020946,0,ADS
aeda49547720093,0,-2.433496627459782,1.6226735605262754,1,L2
aeddc1e5bbe1b88,0,-3.344377047314597,0.3000635170862391,1,L2
aeddf9a5808923f,1,2.8235789293511053,2.0427322765423623,0,ADS
aedef795d554039,0,-0.14430956479310517,1.8238511619196787,1,L2
aeec48f6c0c7d94,0,3.0295162940553078,1.8525747959882053,0,ADS
aef5f220ddcfff1,1,3.8840993658140457,1.7232071927530113,0,ADS
aef628a6826e229,0,-1.3321116180967256,1.4637531337354992,0,L2
af07bd240dfd82d,1,3.5708689922061456,1.3863940527200054,0,ADS
af131997df17829,1,3.8461416957630425,1.5730825352178992,1,ADS
af307c552a9e1d5,0,-2.3257616797378007,0.8982726650488122,1,L2
af33da497d070af,1,2.7831842331051564,1.131192016867029,0,ADS
af3f3e9a0374aef,1,-1.7884681385578305,1.592488756253212,1,L2
af51331ccae3fad,0,3.0769907248493205,-4.0924192230465595,0,ADS
af64d45ca504b96,1,-0.7954852459260124,1.9247774773247088,1,L2
af6e18815ae9663,1,3.2081428981334437,2.1498644136460614,0,ADS
af73757c8a1cd38,1,0.20525460413253102,1.654165816775156,1,L2
af93c12e34e6489,0,-0.8359133377630696,1.9389368158239944,1,L2
af95c3fca641f14,0,-0.5979480989219704,1.7848724986792477,1,L2
afa3c403f64a131,0,-1.4192354351992642,1.2073570608027018,1,L2
afac5d277fdfeb9,0,2.790589470441666,1.950591822539231,1,ADS
afaee27656544e4,1,3.022233060356705,1.7478186972361467,1,ADS
afb29c9dbc76895,0,-0.3672621954066842,1.7236705780148074,1,L2
afe2adf2d111658,0,-1.2386591438980548,1.8786633318619066,1,L2
afef67ef843ac86,0,-2.0959217989627326,1.333878220250963,1,L2
affa9f367578445,1,2.5608780059327807,1.9105024284414862,1,ADS
affdf32cca3a308,0,-1.851610497202007,1.6323408623024172,1,L2
b005d3ee2129713,0,-2.1153679985685327,1.3289877146586666,1,L2
b005e037a7920b1,1,4.661682215414553,-4.022688797988918,0,ADS
b014b9fd6ea6308,1,3.8836543374176364,1.799705618873642,0,ADS
b01f8a13c9328d1,0,-0.6987559232753908,1.9318613076952442,1,L2
b0245a0ab94b3b5,1,3.3152146126751716,-3.55719727152644,1,ADS
b0269ca273ce3a0,1,3.414170586144606,-4.188433478341952,1,ADS
b0278a04c4af33b,1,2.801149177145596,1.3766557099172683,0,ADS
b031054ba2fb91c,0,-2.4436686801226126,0.9653331509656887,1,L2
b03fd5a65ed6eec,0,-3.5465037634017023,0.31049058169702887,1,L2
b04a870b2f0c106,1,3.9607308581062353,1.4387418556568774,0,ADS
b04b1ad23dcb5fe,1,-0.25673388790040297,-4.11827042266071,1,L2
b04c4f3f4839d16,0,-2.4268866072427193,0.8628352826973448,1,L2
b05fd9ea974ddb2,1,3.813965499839721,1.5977255903609235,0,ADS
b06da15f7810658,1,3.4669680716064084,1.7776187850904666,1,ADS
b073d9500f2a829,1,4.486087755635787,-3.6909635641455045,1,ADS
b07a6b41f83a2f3,0,-3.322720613448122,0.298946331592226,1,L2
b08fc13816ae0bd,0,-1.4689788042907754,-3.872871239399902,1,L2
b0a00c95c064158,1,4.619209429189064,-3.9308836256817337,0,ADS
b0a2f66fce64ebc,1,-0.8657910008119971,1.399238223301691,1,L2
b0a31cdcac361e5,1,3.008766233847285,2.0198200687977237,0,ADS
b0b55b44c85ec9b,1,3.7963773556711042,1.7567891166937575,0,ADS
b0c5a33c7969aac,0,-1.8392545995965557,1.433408942458243,1,L2
b0cfb23444d9e16,0,-2.5611651954169035,-5.169125763540373,1,L2
b0d7623135b08c0,0,-2.1991823596252673,1.5589087755024877,1,L2
b0d904f672fe0c9,0,-1.7492798857343117,1.6313525429818745,1,L2
b0e34dbc907b2c4,0,3.3474312275958025,1.6329211634078178,0,ADS
b0f55ac32687668,0,-1.630821475990785,0.8202108889452253,1,L2
b0f8952fe931b48,1,2.4505763008714916,1.99721066308304,1,ADS
b0fa162bedc9a52,1,1.6971871496190478,-4.400927603067126,0,ADS
b0fe191adb9a766,0,2.608717829026778,2.1413525965561657,0,ADS
b100cd9c78ca738,0,-0.6979816442608499,-3.9520370915586454,1,L2
b1051e5d6cc60be,0,-1.0767205401719857,1.0649480116142578,1,L2
b1124f95853e5ef,0,-0.7598912062597396,1.3920220754313204,1,L2
b11280355566761,1,3.4271490178665722,-4.313309569055869,0,ADS
b113cc9f72a966e,0,0.18845535134796754,1.6152883490125876,0,ADS
b1206b74c116caf,1,3.588268990453847,-3.6569582521229917,1,ADS
b1238fa7e70adb3,1,2.643646447223017,-3.688853443071625,0,ADS
b12d8f4f3c7e908,0,-3.615845218588697,1.4262779004814345,1,L2
b145802d7839219,1,-0.07054062201717384,1.6357422854325676,1,L2
b18193259c4c87c,0,-1.7486892019363844,1.1605166776928308,0,L2
b185a480515ad3f,0,-3.539284952112877,0.31011818653235784,1,L2
b189c5c2bbc1d77,0,-3.1466224187263596,0.8500956010825125,1,L2
b18bcaba77a754d,0,3.455746674192666,1.752066404821777,0,ADS
b18db83cc2f9c6c,1,-0.7533230913657107,1.7530278367517558,1,L2
b1b9625510edc40,0,-0.6544441170837157,1.7032701554435055,1,L2
b1c182fdd773b75,0,-1.4370756516598415,1.2576784199707316,1,L2
b1d9a832731fe8b,1,-0.574039284374332,1.497457055173971,1,L2
b1dd7169d5e66bd,0,-1.3685977470969086,1.8853664448259857,1,L2
b1e228f313db6c5,0,3.0475065953124787,-3.9651775302813497,0,ADS
b1f6b50a690bf5c,0,-1.486526258391139,1.3901677474309269,1,L2
b211a47d7ef9952,1,-2.139305115814373,1.622661086833353,1,L2
b212103e6d14d86,1,2.2727284533430274,1.5819659060103015,0,ADS
b223e677151596a,0,1.3530910306630515,2.1371940539583663,0,ADS
b2288d98628065a,0,-1.375816558385734,1.8857388399906567,1,L2
b253c527a502aea,0,-3.5492625437869085,1.4804128357533255,1,L2
b25a04701162c4a,1,4.079563037364154,-3.8267201667024877,0,ADS
b25aab026ca32bd,1,3.518380619260807,1.7873056235175857,1,ADS
b25e800c82afada,0,0.15035926883993372,1.7637865577445235,0,ADS
b26a8024c824bb2,0,3.5015371955610766,1.5786557526672063,0,ADS
b29b399d6025455,0,-0.7703188022328524,1.4186017868056255,1,L2
b2abc689c776291,0,-1.7535412679008135,0.8265416067446334,1,L2
b2b2352979f00cd,0,-3.498730864765132,1.477806069600628,1,L2
b2b4afabeee1b13,0,-2.5322899502616028,-5.170615344199057,1,L2
b2c0d14edce68bb,0,-1.4348654173991664,1.251670728884422,1,L2
b2d772dcd94dc21,0,-2.773327979644965,0.9213611652584174,1,L2
b2e5a84772bd1fc,0,-1.450919971826471,1.627519091812383,1,L2
b2e81debd54d53f,1,0.06436399119958122,1.567523216919096,0,ADS
b30241e39fb5f12,0,-2.1247970441180333,1.3353678009096472,1,L2
b306c8f759ea3de,1,2.9253516843216247,-3.9923648009304276,1,ADS
b310879345fede5,0,-3.416565160202848,0.30378746873294976,1,L2
b31cc92c1af07fc,0,-0.8674293880146493,1.8316164455979407,1,L2
b3258bb2c2cd0ef,0,-1.3478439672464857,1.4834080254494322,1,L2
b32fd7656a22d5a,0,-2.9738832928632757,0.849988072829071,1,L2
b33311e46ea3535,1,3.855288980436626,-3.534677038575989,1,ADS
b3344d367864718,0,-3.890160047564055,1.440428916738935,1,L2
b340a8c67544ca4,0,-2.4574466312591885,1.205701988966808,1,L2
b34a36ed3a89a10,1,3.463126691987473,-3.6371109920472775,0,ADS
b350324df01fbc0,0,-3.4237839714916736,0.3041598638976208,1,L2
b35c9f7b09a4ce1,1,3.2171489799962125,1.8552782656731919,1,ADS
b35fd97d24c2500,1,3.4362819641812434,1.6327605447785452,1,ADS
b371438c0da79a5,1,3.0045946679359936,1.8922850416582868,1,ADS
b37672922132111,0,-1.3215746710386385,1.2517200973359945,1,L2
b3816a3bfdaaec0,0,-3.366033481181072,0.30118070258025237,1,L2
b38c8200bedbdb5,1,0.08421259526090491,-4.245248417622894,0,L2
b393cfe0f714730,1,0.21512665176988455,1.8253924364034788,0,ADS
b3b0e9a43746dca,0,-1.4824829364751546,1.5266526139471017,1,L2
b3b4d35c1426340,0,-0.9777783108184972,1.1345208635764543,1,L2
b3c4fd4834a726c,0,-3.2877886374713317,0.7446065562404961,1,L2
b3d31afa1f2347b,0,-2.234239573163104,-3.529339366145983,1,L2
b3ed052bbd0c28e,0,-3.081130340044009,1.083279177824632,1,L2
b429cc55a2d3bf0,0,-2.79216715665931,-5.157209118270899,1,L2
b42c51fcb83dbeb,0,-2.61169687443868,-5.1665189973876755,1,L2
b42deb39142d807,1,3.039080811356447,1.9637556069011708,0,ADS
b44c16b6e8de98f,0,-2.6044780631498545,-5.166891392552347,1,L2
b44d737d8566e73,1,3.8879884471688326,1.6598301891767544,0,ADS
b455899947f4ff9,1,4.800568075627726,-4.777728290810119,0,ADS
b457bb6c7ef8c94,0,-2.4361249542604564,0.9443299850335026,1,L2
b4618f349040cbb,1,2.6366470652773795,1.4742365291122264,0,ADS
b490f076801c9be,0,-2.9221057598581646,-5.15050600530682,1,L2
b49f2ebdba44267,1,2.6664257154989435,1.342583393521468,0,ADS
b4a4e4318698eb8,0,2.115182593215698,1.5516719183886305,0,ADS
b4a57672f637bda,1,0.8137128144296368,1.7604010274130588,0,ADS
b4d5ad3588b0d05,1,3.8376645475325466,1.6040594734813867,0,ADS
b4dd6b138abf120,0,-3.2038501319540376,1.08960989562404,1,L2
b4f30d6be4f03e7,0,-2.31967115050831,1.209024347534411,1,L2
b4fd3c7bec758f0,0,1.1706191359049058,-3.980917719493989,1,L2
b517cdf35b15e2e,0,-3.486208281962682,0.5617585477326427,1,L2
b51c9610ccc8b05,1,2.7128620024831194,-3.86077719534312,1,ADS
b547ad2ecaae3de,1,0.16080955961745472,-3.9680948337251576,1,L2
b5485c0e3083864,1,-0.15240184275912785,-4.2103843779588646,1,L2
b54caa272ac54fa,0,-0.23947053710475877,1.74161232161318,1,L2
b54e8d39d5ba8c5,0,0.04860643619788685,-4.059563141166134,1,L2
b5560e46de8fafe,0,-3.296604148678026,1.4673790049898383,1,L2
b55ad42bb6eb416,0,-3.236094877982219,0.29447758961617326,1,L2
b56210ab6ab3225,1,2.4401229905685136,1.8167807420948283,0,ADS
b56a6bcce8fc84a,0,-0.7867845850308134,1.2980387409284837,1,L2
b57ba4c10ebf92f,0,-2.752106738283992,-4.425943390267942,1,L2
b57bbef9856dc52,0,-3.322720613448122,0.298946331592226,1,L2
b597626abab054b,0,-3.312956811030877,0.5528210637805372,1,L2
b59f1d74abd787a,1,3.750540629708234,1.9413756142842906,0,ADS
b5bd0d05e74ed47,0,-1.8093055922096704,1.5147506567120215,1,L2
b5c3537d9227592,0,-3.8107531233869776,1.4363325699275533,1,L2
b5d3e7bb23a3388,1,3.3524814660525264,-4.179898109577288,0,ADS
b5ddbc18be4bf6e,1,3.1633973970977696,-3.9584236312314363,0,ADS
b5df5b7b58ea984,0,-1.4829204788795174,1.2194749954655957,1,L2
b5fadd867ed549b,0,-2.9319089500643316,-3.757346998269258,1,L2
b60e02de2f46f8f,0,0.4635019095362385,1.6128591974442805,0,ADS
b615a24ab23cdb1,0,0.39230896121373415,-3.661618360077682,1,ADS
b6206930c3b650a,0,-1.8238562452587324,1.054305027440617,1,L2
b630d01707812ae,1,2.6951188955986196,1.6064809270733658,0,ADS
b6334b22f614ca5,0,-3.322720613448122,0.298946331592226,1,L2
b643c98ae7acf91,0,-2.5773719210533463,1.3528210051976146,1,L2
b668056967dc92c,1,4.597578709652454,-3.7227568078252053,1,ADS
b675fcd1cb0dea3,1,3.875010015446866,1.7847062798906723,0,ADS
b67b121ea0d8481,0,-0.19840031903306868,1.8099695214967142,1,L2
b691a920d6ad5fc,0,-2.5008697139778833,-4.917857797504759,1,L2
b69365f21d47b9c,1,3.649285609348547,1.876391081526727,0,ADS
b6961e05ee914d1,0,0.45798907683485784,1.6758052203756737,1,L2
b69621c9be49ef1,0,-3.5609413859793526,0.3112353720263709,1,L2
b69f9f4df975f5f,0,-3.4526592166469743,0.3056494445563051,1,L2
b6b2fb8eb56b835,0,-2.158346109433741,1.591476904085985,1,L2
b6b9740f67415d3,0,-0.48973618008154557,-3.7560767176030403,1,L2
b6c5a51fe02a6c7,1,3.9026142749447064,1.6253158640326624,1,ADS
b6d702560c8afd6,0,-1.9237584952682445,1.6301857590489433,1,L2
b6d73b6da2a99d2,0,-3.712536423044682,0.3190556704844633,1,L2
b6f36f01c0d3924,0,-2.866030789463332,1.7091652582059427,1,L2
b6f72fb39cb7747,0,-3.2300381471607302,0.7416273949231277,1,L2
b6f8c5a9a4cdd22,1,1.458231357756822,2.1734189729160818,0,ADS
b6fc3fa5636d650,0,-2.8426988356810865,-5.154602352118202,1,L2
b705a460b540023,1,2.829532718046092,1.1381042247700373,0,ADS
b70ac0342bd0de0,0,-3.615845218588697,1.4262779004814345,1,L2
b70d99b06a1d334,1,2.5487469915335415,1.9507441623710102,0,ADS
b71069c1040e6c3,0,-4.358899281507826,2.090882535763542,1,L2
b72e72130c14a58,0,-2.000613439079129,1.187354508728024,1,L2
b73bd8512bc5926,0,-1.3721063500604147,1.254326863488692,1,L2
b7420cfef38ee7a,1,0.11198920918082422,1.7895316155614498,1,L2
b7519cadc88228b,0,-1.4761976155796008,-3.8724988442352317,1,L2
b7645e4a13ecf01,0,-1.6892357598572563,1.10364449382521,1,L2
b77f65c9bc8eab0,0,2.7643047413014,1.8700791233020266,0,ADS
b7916004c4e1732,0,-0.5288282871982967,1.3560566502636175,1,L2
b7ad401221e8988,1,3.2882690951949387,1.6774450625701354,0,ADS
b7b2fed75c006c4,0,-0.01637207013435024,-3.3332988627076072,0,L2
b7f23b1bc1fe8e7,1,3.842594040140916,1.4304534580978676,0,ADS
b7fbde1c4300bf5,0,-2.6694473647492813,-5.163539836070307,1,L2
b7fe29924673251,0,-1.9056877143248587,1.578443073322498,1,L2
b8003ba480e0718,0,-2.6694473647492813,-5.163539836070307,1,L2
b80af11c02f6289,1,2.635686583185625,1.8933344845303413,1,ADS
b827ec5331d2f28,0,-3.4021275376251983,0.3030426784036077,1,L2
b8354b89bc8ed96,1,3.9595611231644665,-3.566097887091018,1,ADS
b839f9b509c626f,1,3.6661575439035925,1.8752527853887828,0,ADS
b85b68bb554ffe1,0,-3.4670968392246246,0.30639423488564715,1,L2
b862fcef3317d9f,0,-0.6507374032571284,1.883675784668172,1,L2
b86826bb1830cf3,0,-2.170515931614593,1.3987043351798136,1,L2
b86b10cd8453958,0,-2.295838280789163,1.338297593775443,1,L2
b87c3d684c9934c,1,3.0840015921130712,1.888188694846905,1,ADS
b88afb8c23ec126,0,-2.9253842599011968,0.5843042236247276,1,L2
b88e9bbfda9521e,1,0.0037070398484460878,1.7951175430315156,1,L2
b8906058deea446,1,0.19139613335790157,1.785435268750068,1,L2
b8a3a73b39baa16,0,-0.743401274546184,2.2006185380167955,1,L2
b8a74160808c8ee,0,-2.1547074114249782,1.1091522040428359,1,L2
b8b298169bdd694,1,4.4904138995431095,-3.7325889277168107,0,ADS
b8b9b40e3623ba4,1,3.9610404973054147,1.9411908743560062,0,ADS
b8cf59e4ff065c4,0,-2.6044780631498545,-5.166891392552347,1,L2
b8ecd318f0d79b8,1,3.7678452053375224,1.7748741599990665,1,ADS
b8eefc32c6cdd0c,0,-3.3039818720715335,1.291584063528487,1,L2
b90c052bc151781,0,-3.8396283685422787,1.4378221505862376,1,L2
b90c9dd7320e24f,1,2.948669323899226,1.5157100287853011,1,ADS
b91465800baef1c,0,-3.2866265570039954,0.29708435576887066,1,L2
b919327006f5e1f,0,-3.398161175694004,1.0361703822299189,1,L2
b94f3e870460e65,0,-0.8342099881428833,1.4830326785537553,1,L2
b955fc1499a5642,0,-1.6648211894937048,1.6345663229005254,1,L2
b9596f2ff2d628c,1,3.231197899791612,2.0215686250594294,0,ADS
b95ad21694c187a,0,-2.2908297037610135,1.3439328896970817,1,L2
b96635ea94645a6,0,-1.2938488283810057,1.1095499400507498,1,L2
b969069cb9b14a4,0,-0.04819495970164725,-3.7303646375186967,1,L2
b96b403bd32a227,1,0.14086445433612507,1.7880420349027655,1,L2
b96c44d21a91c70,0,-3.7197552343335074,0.31942806564913434,1,L2
b975e126534f1ca,0,-2.100595619123139,1.5884977427686164,1,L2
b975f1328104f61,1,-2.0330601535804527,1.274719116099935,1,L2
b97b644a9b017c6,0,-3.6259106875787794,0.3145869285084106,1,L2
b98d0f3e5d00b6e,0,-3.7939437772979745,-4.472287793251941,1,L2
b99cdc4dab8e78f,0,-3.243313689271044,0.2948499847808443,1,L2
b9a25629aeaea8a,1,3.8325793064954077,1.6376406979510318,0,ADS
b9b7ee2401f7557,1,3.2821817404470948,1.7569805107646221,1,ADS
b9c4ac3757b3fa1,1,3.947752426384269,1.5636179463707953,0,ADS
b9dabec8bca0277,0,-3.272188934426345,0.2963395654395284,1,L2
b9dd6d9b3dc26fd,1,3.754866773615556,1.8997502507129844,0,ADS
b9e4e66469cee1f,0,-2.231466159262118,-4.936582191804739,1,L2
ba1fb00fc105f57,1,2.7412669167118757,1.963322029856613,1,ADS
ba294ab6068621d,1,3.969692785120059,1.8579401472133943,0,ADS
ba53a3baf1ec9e9,0,-3.3744143729372342,0.7490752982165488,1,L2
ba5709577f2b1d7,0,-1.0042782481341637,1.8535101325889136,1,L2
ba613f9f8debf4e,0,-1.1385593976895898,1.4966573455722003,1,L2
ba61904b2f60678,0,-3.303752362189034,1.4940510638651257,1,L2
ba6ff2626e5b676,1,4.697383380841349,-3.8581306015580856,1,ADS
ba7282020c2e5be,1,3.8926334763901527,1.3625691336605148,0,ADS
baa861d7b9de7c9,0,-3.2072196328269182,0.29298800895748894,1,L2
baaf053218a8a1e,0,-3.3515958586034222,0.3004359122509101,1,L2
bab3309c9707426,0,-0.2199957950805094,1.7870379270924983,1,L2
bab70714966d661,0,3.2643460493074072,-3.639410345014612,0,ADS
bab7b93dd89cc17,0,-0.7269449766808654,1.3923186359193702,1,L2
babc286c22f1f7d,1,2.671857256213826,1.6364247511649945,0,ADS
babe5ec05105edb,0,-3.5320661408240515,0.3097457913676868,1,L2
bad343affabf224,0,-2.1871956402591772,1.7999761171071862,1,L2
bae354f585c8696,0,0.2909537329533961,-3.6275975034464736,1,L2
bae9bf83a7c0536,0,-3.811087880254721,1.1760777514882612,1,L2
baeffc44f80381e,1,3.2369318058948884,1.6900552971476657,0,ADS
bb023a6834462f9,0,-3.4526592166469743,0.3056494445563051,1,L2
bb0867fccc0ec96,0,-3.439173870352201,-4.049020646935506,1,L2
bb0fc949a05a3ff,1,0.6616859408325955,-3.713319776670062,1,L2
bb1ec8d2c85745a,0,2.1916531285900236,-3.7152838986147128,0,ADS
bb63d9535ca23f2,0,-1.967411540087458,-4.107430791476891,1,L2
bb7242ab0c21676,1,3.969692785120059,1.8579401472133943,0,ADS
bb95da243599e74,0,-3.47431565051345,0.3067666300503182,1,L2
bb9a30cf149ffe9,1,3.07205141420907,1.7275026096881052,0,ADS
bb9fbccee00be26,0,-1.189880986838053,1.9146123482970665,0,L2
bbb0e2252e1f4dc,0,2.2557694223794282,1.4528463910024398,1,ADS
bbc64d97c10bd0b,1,3.88963584322274,1.7501919547465805,0,ADS
bbc963cac980d08,0,-2.057282751390188,1.58626337178059,1,L2
bbded825d0bf8d5,1,0.17902079497326226,-3.748622161165462,1,L2
bc190d0939f0fa4,0,-2.7225957953663573,1.125761582873219,1,L2
bc1adf02045f0a8,0,-1.3539616558870091,1.0603070000407069,1,L2
bc3218af1bd49cd,0,-3.1677560755099115,1.0877479198006847,1,L2
bc3ae4369651c8d,1,2.606523196174008,2.154774633416159,0,ADS
bc3cf43a88e0c67,1,2.6620995715916216,1.384208757092774,1,ADS
bc48a1958207dc5,1,2.346438832874551,0.9452362458663263,1,ADS
bc66a4923ec88b6,0,-1.9354948964202847,-4.951850393556253,1,L2
bc81845695d385c,0,-2.747111180299547,0.7948113674540804,1,L2
bc86c2d88543f19,1,3.784645423837121,1.768097115122226,0,ADS
bc9cd0dd950231d,0,-3.344377047314597,0.3000635170862391,1,L2
bcac0ea1ddcb5cf,0,-2.8787928921252126,-5.1527403762948465,1,L2
bcc71773aedf22a,0,-1.468482856301867,1.2187302051362534,1,L2
bcd03512755eab2,1,3.7678452053375224,1.7748741599990665,0,ADS
bcd28dcf9d05779,0,-3.103611283654946,0.5420216040050764,1,L2
bcd5c7d623b0294,1,3.900966878890799,1.5349540984628365,0,ADS
bcde99bebb83f48,0,-3.205463505156399,1.0321234038701101,1,L2
bd14d8f56591057,1,3.2771010205021343,-3.4742129885315975,1,ADS
bd1ce4d304e6e1c,0,3.2316475603928985,1.8304846954456209,1,ADS
bd215e19ce5072d,0,-2.3752452049662405,1.3423939405868248,1,L2
bd22902fc9dbe44,0,-1.7129673556047327,1.6195206519172345,1,L2
bd267c7684dae67,0,-3.88294123627523,1.440056521574264,1,L2
bd296dfc559887c,0,-2.151127298144916,1.591104508921314,1,L2
bd2c8797bd151be,0,-1.6603413661795823,1.639334599920797,1,L2
bd3cc12badc069e,0,-3.3588146698922476,0.3008083074155811,1,L2
bd417176f48c034,1,3.930461233394321,1.5680250168695704,0,ADS
bd466c870547afe,1,2.4141190227826987,1.4974603894481513,0,ADS
bd4f1d59062450f,1,3.5810560944051026,1.491930689493367,0,ADS
bd5d57b4a81664d,1,3.154317193815124,1.9625113289516407,0,ADS
bd6405178cf0ae3,0,-0.8214757151854193,1.9381920254946523,1,L2
bd67858336ce5c6,0,-1.7080747697996752,-3.9783006209809386,1,L2
bd71a63efa49efd,0,-2.920106257429179,1.0690787931155592,1,L2
bd75ea3d4b27d42,0,-1.9297784641110913,-4.85369860341513,1,L2
bd79ae148c5594c,1,-1.1108108279727864,1.4231435509437729,1,L2
bd819d91fc514ce,0,-1.8650337043936644,1.0084891791231314,1,L2
bd82ab1e1e8edb2,1,-1.1780227792334748,1.4970866782973729,1,L2
bd8b67e5227ce4b,1,0.047019907581397236,1.7928831720434892,1,L2
bdb04d1fc17d560,1,3.172760930435393,-3.993694949093038,0,ADS
bdb5ec9360c174d,1,3.9174828016723544,1.6929011075834886,0,ADS
bdbef5fb68c771f,1,3.7678452053375224,1.7748741599990665,1,ADS
bdc3fa454ba067e,0,2.294654893755639,1.8336631024336707,0,ADS
bdd452f395d1ea7,1,-0.00488834315778247,-3.6992749264984295,1,L2
bde66b9c66c03b6,1,3.964772334859174,-3.6688585845547075,0,ADS
be040e4724f444b,1,2.223398482717377,-3.7961347546065505,1,ADS
be217ae3a140621,1,0.10477039789199882,1.7899040107261208,1,L2
be320c266ab3c80,0,0.28869122493903965,1.7229633693391764,1,L2
be3cc655f68f919,1,0.3463681838424847,-3.933202960397275,1,L2
be3d629bd7d432c,1,3.147499740441339,2.111590606556795,0,ADS
be68f3428dbb168,0,-3.510409706957576,0.3086286058736735,1,L2
be6bfa2467a4094,0,-1.1035945032156589,1.6306856221426527,1,L2
be6d29d496e529f,0,-3.705317611755857,0.3186832753197923,1,L2
be7eac3aa1b0084,1,4.597578709652454,-3.7227568078252053,1,ADS
be9a4261e1e8663,1,2.534853420741093,1.5769078229498144,0,ADS
bea9823513bfbb7,1,-0.20404307604555935,1.722223194843412,1,L2
beba647dd5e99c4,1,-0.4772047577611099,1.3362873941903846,1,L2
bebc76614f72dd5,0,-3.1180489062325965,0.5427663943344186,1,L2
bec6cc413367f2b,1,-0.39819155728625005,1.2066700456872281,1,L2
becdd5ae0316729,0,-1.9490336062640146,1.6262622519606422,1,L2
bed27662740a5e4,1,3.7234783694567413,1.855661074497294,0,ADS
bed9a1515830ae3,0,3.6860785334580224,1.6100312159553427,0,ADS
bee279c62450c14,0,-2.097089043106861,1.4201444836906583,1,L2
bee574a8d841af6,0,-0.34271558699053867,1.7933686448919064,1,L2
bee5de889502f3f,0,-3.64034831015643,0.31533171883775263,1,L2
bf0af7f5d4c8d2a,1,4.463351639291617,-3.8183034675038074,0,ADS
bf412edd8c909c1,1,2.0956828102284075,1.5998469964960556,1,ADS
bf5f6af60448010,1,-0.5172860672859921,1.792455762098988,1,L2
bf6c4ac7c86369b,1,3.0984392146907216,1.887443904517563,1,ADS
bf7d8db865131f3,0,-2.396901638832716,1.3435111260808381,1,L2
bf82296e9d04fe2,1,0.03258228500374677,1.7936279623728313,1,L2
bf97343f1816f85,0,-0.5255044523435853,1.9229238237431387,1,L2
bf98198b8e3dc17,1,-2.0983826820814007,1.758386499735809,1,L2
bfa704d30ec76ce,1,3.7678452053375224,1.7748741599990665,1,ADS
bfae5bbf5396fee,0,-2.2254079455580715,-3.9864932167790883,1,L2
bfc20629d54eae2,1,3.800987068117755,1.7226016810748415,0,ADS
bfc23b58aba27de,1,4.196811252980154,-4.070114565624719,1,ADS
bfc8e9c863a3518,0,-3.2206091016112293,0.7352473086721469,1,L2
bfdc6bed2775421,1,3.1497166757727353,1.8339894033227169,1,ADS
bfe1f6e953a7063,1,2.9069324890575157,2.001336354627414,0,ADS
bfeac221b459a5d,0,-1.6221868355437377,1.2099758735273438,1,L2
bfff79e09b93c86,0,-2.11503324170079,1.5892425330979587,1,L2
c00f0598f8c3694,0,-2.349499218794554,0.9398612430574499,1,L2
c0116c0a104d5d3,1,2.9960885277861484,1.1089010802533101,0,ADS
c018ad0015a0f83,0,-1.7830009466210346,1.6176971631732078,1,L2
c056abb2e4a7249,0,-1.5744345835961913,1.4631967221654396,1,L2
c0570f549252ea1,0,-3.9695669717411324,1.4445252635503167,1,L2
c08d233638f4698,1,3.847947755195374,1.6989917401036758,0,ADS
c095dff241ff5c3,0,-2.322287692073327,1.7752273928781281,1,L2
c09789fe2ed9581,0,-3.853835528578649,0.7942841048449027,1,L2
c0a3bf56cacd0a0,1,3.5139752573335015,-4.3238072720748315,1,ADS
c0ab826dd6f7a39,1,3.2355589524330606,2.0242435326028008,0,ADS
c0aefb7adffb8c7,0,0.11775585569805508,1.1480516671850107,1,ADS
c0b1d399e638a0e,0,-2.6838849873269317,-5.162795045740965,1,L2
c0c43d13cf7fb56,0,-1.137177644094742,-4.123956571703447,1,L2
c0d44b7f3f41ac5,0,-1.309594979799571,-4.193624147214079,1,L2
c0e2eb53c180eeb,0,-3.6186918762899545,0.31421453334373955,1,L2
c0ee7d51a32a7da,0,3.6149909648484204,-3.584678287450392,0,ADS
c0f34afded1bc4d,1,3.6806740135073617,1.9204802577424176,0,ADS
c0f75be10837269,0,-0.42249507779484313,-3.550577078160279,1,L2
c1049009aa0ed7c,1,-0.8302168565392745,1.8027029404375121,1,L2
c11ef1833b15d5e,1,3.1521796783967857,1.8586298221552315,1,ADS
c131c5804d2499c,1,2.504028082808477,1.1790915258183157,0,ADS
c1366ff879b2e05,1,3.0270337182388003,2.2303303337321365,0,ADS
c13b2b48b76b198,0,-2.5468575997427747,0.5603448337940178,1,L2
c13b47e892af43d,1,3.662264041070513,1.751514990812809,0,ADS
c140494e858e145,0,-2.354636924893102,0.8997622457074962,1,L2
c1480c70fc2c870,1,3.51217024823851,-3.6597868655026042,0,ADS
c1484f80112c3f0,0,-3.3949087263363733,0.30267028323893647,1,L2
c152ca15493ffd7,0,-0.1330100400304294,1.5874722030807176,1,L2
c167556cb883b32,1,3.9843520422377914,1.5049464251227966,0,ADS
c16a7bfefae2ea5,1,4.577076015677561,-4.099342363184354,0,ADS
c16ad826f5e8c9f,0,-0.6556671416690456,1.5019197349837667,1,L2
c1757800e8b542e,0,3.330126651966514,1.799422617693042,1,ADS
c17b518119fb5b7,0,0.051421611778713905,1.805241613399914,1,L2
c1816d4e297b197,1,2.2470744523127637,-3.8783742472720513,1,ADS
c18e5fd85d60f24,0,-0.5882161286296309,1.8300788603889515,1,L2
c1b09c69986df2e,0,-3.181262080161505,1.285253345729079,1,L2
c1c73648661eb2b,1,2.6282995605807655,1.3881349843924768,0,ADS
c1d2833d2d90b7e,1,-1.9874648129533214,1.0147640317526496,1,L2
c1f065d1985e666,0,-2.0444366214499685,1.4621115300990395,1,L2
c1f0719cc1c549c,0,-1.7391036453231632,0.8257968164152913,1,L2
c1f6f34ad0dfe4b,1,3.986997360749348,1.6914386929281702,0,ADS
c22466ef43a2751,0,-0.706197191849699,1.8919947342769257,1,L2
c225db226c2ea4a,1,3.793297711651766,1.684846387979614,1,ADS
c23000d2e8b4e40,0,-0.8792519198258861,1.734161554449504,1,L2
c24139a7601a604,1,3.9607308581062353,1.4387418556568774,0,ADS
c24e10927c4b9cc,1,4.568423727862917,-4.016091636041741,1,ADS
c2519a0d511dd6b,0,-0.8831590693542894,1.325665182812143,1,L2
c2521c8f5d6ff57,0,-3.4717706593850317,0.5610137574033006,1,L2
c25a1c479bf22a6,1,-1.679061609461942,1.3592821175300513,1,L2
c26aa8dbe1df084,1,3.561092093243807,1.7144070095751138,0,ADS
c26d492ac568c12,1,2.0076652075510903,1.4392152011152965,1,ADS
c27c388f9261985,0,-3.322720613448122,0.298946331592226,1,L2
c280e0c880c9367,0,-3.322720613448122,0.298946331592226,0,L2
c2849c69eaf61bf,0,-3.2171256740643512,0.6428324854817573,1,L2
c29240f2dbc64e7,1,4.718218342769579,-3.89927512193032,0,ADS
c2a1eda74d77df9,0,-3.2399441883981637,1.0914718714473954,1,L2
c2bef3d02082eb1,1,2.073111801539039,2.062468827746472,0,ADS
c2cceca3c7e755a,1,1.9553615403424176,1.9227219042355372,1,ADS
c2d5c2d8fff61fc,0,-2.79216715665931,-5.157209118270899,1,L2
c2da30f87db9cc9,0,-2.6044780631498545,-5.166891392552347,1,L2
c2da3892f7c612c,0,-1.4761288717764767,1.4112083536278386,1,L2
c2dc91b14670eb8,0,-1.8767515113505222,1.5529047127655846,1,L2
c2dc942cb017fc5,1,-0.9968568713320707,1.4159907260965874,1,L2
c2e4e3535458682,0,-2.1173897343759585,-4.272526740003665,1,L2
c2fa81f70cd36e8,0,-3.7939437772979745,-4.472287793251941,1,L2
c2fb3fca34e403b,1,3.8793361593541884,1.7430809163193663,0,ADS
c2fe187142bd778,0,-1.2574103462049602,1.5056079389631634,1,L2
c3096366f7bac04,1,3.4547995073108777,1.4012562125837569,0,ADS
c311790f7d74673,1,3.26028047868051,1.5075735584980912,0,ADS
c3405078df05db2,0,-1.7754982287695995,1.3056107550230491,1,L2
c35095bb870c009,0,-0.83731626405259,1.300645507081181,1,L2
c362e6f27301e05,1,3.602429764918409,1.7432071055622216,0,ADS
c369d6bd72adf5e,0,-0.6051669102107958,1.7852448938439187,1,L2
c36f348e47b1a50,1,1.767677830920875,1.299742628113538,1,ADS
c388a5e94b7cb91,0,-1.5672767301264017,1.4868731068989973,1,L2
c38a1c64c446c4d,1,3.7678452053375224,1.7748741599990665,1,ADS
c38f64f33b4005d,0,-3.3570585422217283,1.0399437023282025,1,L2
c39062638c4bc4c,1,-1.8994709700807797,1.6678585381531386,1,L2
c396cfd34b7abca,0,0.5273605719797158,1.4693139750214839,1,L2
c397f44794adc7e,1,3.176054060517876,1.8719491672781403,0,ADS
c39af8f27983bc6,0,0.511115206846647,1.3619898305224312,1,ADS
c3a06da214f58c5,0,-0.9275152348565363,1.8731863820931576,1,L2
c3b19262bad7d45,1,2.5576706061945274,-3.770337486333504,0,ADS
c3b2045819f83ab,0,-1.1122859466546242,2.1311312571437573,1,L2
c3c78e18d1810f1,0,-1.0799920528439944,-3.8387189329493827,1,L2
c3d9f1e86e78128,0,-0.7172739642075617,1.461573777527303,1,L2
c3daad21ed40f8d,0,-2.021221719152267,1.6299862036073527,1,L2
c3f7e4251219033,0,-2.283610892472188,1.3435604945324107,1,L2
c3fbb9cf5e11d5e,0,-3.366033481181072,0.30118070258025237,1,L2
c3fe4e1c5ce3c13,0,-1.864709105888635,-4.9036309145271995,1,L2
c401d76937f281f,0,-1.454541181713125,-3.8736160297292446,1,L2
c40424e2e1b23a5,0,-3.5064433450263826,1.0417563096999847,1,L2
c40fe2d89b827ec,0,3.904534687446604,1.2434180923693927,0,ADS
c4116e1a8a8f3c2,0,-2.5828216292833788,-5.16800857804636,1,L2
c416875e1fa1f21,0,-3.2516945810272055,0.7427445804171408,1,L2
c42eee4ecf364e6,0,-1.61057853383901,1.6630213245638588,1,L2
c45f2c70a983af7,0,-3.4569598197979445,0.5976350341619725,1,L2
c461f97ecc467d2,1,-0.31223430702392146,-3.517925906940238,1,L2
c47c84c328a8485,1,-0.0276813643103688,1.751028366815825,1,L2
c48b2f551caf9a7,0,-3.775590684868909,1.237709958505146,1,L2
c48c470762385d9,1,2.9725883389802883,1.8742016913904966,0,ADS
c48db78db6a7f16,0,-1.958764384475053,1.3268027121222128,1,L2
c49c24770dd5ae0,1,3.2100095116716045,1.9566741974178283,0,ADS
c4a5c024a7d1a59,0,-3.491440503039709,0.6569835017392578,1,L2
c4ab9ae97b993ab,0,-0.820931581556773,-4.430650949393941,1,L2
c4c819e1ee7ceb0,0,-3.380753266602503,1.4370452473943673,1,L2
c4d48e1286fc58a,0,-2.6044780631498545,-5.166891392552347,1,L2
c4d5edfdb26fd2a,1,3.8793361593541884,1.7430809163193663,1,ADS
c4edae09c5eac62,1,3.189011502059922,1.6884058734065635,1,ADS
c4f364218483f68,0,-2.2426272641498444,1.0790548758540948,1,L2
c50a0a0ffe92c13,1,3.8096393559323993,1.6393509539322295,0,ADS
c526dfdcc262071,1,3.8312322994478403,1.600158932409601,0,ADS
c5359ad30f053de,0,-1.4822031394954687,-3.9096136659604577,1,L2
c540122a7151606,0,1.8300750356514985,1.3914516383815014,1,ADS
c54390a9bf59cbd,0,0.0223998342092718,2.0053587623222158,1,L2
c548615e4cd4ee2,1,3.08321527957406,1.3556209965189698,0,ADS
c567f6216700e57,1,2.6079566726998267,2.071896301438218,0,ADS
c56a405e1e55dd9,1,3.336913556991253,-3.8992095148847663,1,ADS
c5793998cd6826f,0,-2.158346109433741,1.591476904085985,1,L2
c5a332fdcd82cec,0,-0.808441018897289,1.299155926422497,1,L2
c5aa7f7fd1399f9,0,-4.165857787200494,0.752810605171828,1,L2
c5c19520202b3e5,0,-0.978046913878313,1.875793148245855,1,L2
c5d0bde1a4f83ed,1,3.793528463521487,-3.557532798303584,1,ADS
c5dde17f2aed8f4,1,3.550840854761354,-3.552935588303057,1,ADS
c5de22c22ec7353,0,-3.322720613448122,0.298946331592226,1,L2
c5f5bd03bf07daf,0,-3.3936622506540655,1.5796350827411152,1,L2
c5f64104850ecf3,0,-3.647567121445255,0.31570411400242365,1,L2
c5f8fa6d5d00ebb,0,-3.7939437772979745,-4.472287793251941,1,L2
c600faae8e2c77b,0,-1.149598342414829,1.8963134551623015,1,L2
c62e18b0c868058,1,0.35001270719379945,1.740987382840276,1,L2
c63e1b5b53fc169,0,-2.6044780631498545,-5.166891392552347,1,L2
c64589b500c4428,1,4.513195623847812,-3.7888796367207127,1,ADS
c65deb7d73ffd40,1,3.333878718436407,1.5577288061228274,0,ADS
c677b3d3d232b9f,0,-1.5441957405248827,0.8157421469691726,1,L2
c6793ca68886b4d,1,-0.9149367881514794,1.4574731361595805,1,L2
c67c88cd4010b4a,0,-2.086157996545489,1.5877529524392744,1,L2
c67cb74b0d18b4e,0,-2.266963035633862,1.336808013116759,1,L2
c68189b365cab72,0,-0.8062051443126202,0.9579375738417456,1,L2
c68689fc617a685,1,3.8577054398175776,1.9512077341758964,0,ADS
c68bf3df2aa3e5a,1,3.0050774653897,1.7478602215528674,0,ADS
c68e8513eb8aa59,1,3.388073766383834,1.5420712688372549,0,ADS
c6ae52e1a1ebf88,1,4.71901410037796,-4.0662574194146135,0,ADS
c6b8a8e596a099a,0,-3.128588540466046,0.9875892615655656,1,L2
c6b8e69937446c8,1,4.486087755635787,-3.6909635641455045,1,ADS
c6c54114de17435,0,-3.4506416170954974,1.4719744570367568,1,L2
c6cd13b48bf96c9,0,-3.4598780279357997,0.30602183972097613,1,L2
c6e76cfadfdf63a,1,4.420547283342237,-3.7534842842586844,0,ADS
c6f18c2e0a93840,0,-0.7472726365783805,1.289450126227382,1,L2
c7002845e831b27,0,-3.165068845561303,0.738275838441088,1,L2
c70c8cbc3da027f,0,-3.2072196328269182,0.29298800895748894,1,L2
c714ced1a160ae6,0,-3.322720613448122,0.298946331592226,1,L2
c71e48e321bbe2d,0,-0.2417131867660203,1.8122038924847406,1,L2
c72113210ff5fc9,0,0.07238241996441586,1.8759105009899097,1,L2
c72bb89e9df24eb,0,-1.8984689030360336,1.5780706781578269,1,L2
c72ce6a7a0b9747,0,-0.6148424729345835,1.727652788167781,1,L2
c73a1df8892573b,0,-2.011527072664888,-4.133735587956194,1,L2
c76d6795391ffe0,0,0.060202422700147196,1.7804587714830251,1,L2
c77181c8a4d3c7d,0,-0.6988835693681554,1.868630113684881,1,L2
c7849923039aaaa,0,-3.634885110890156,0.861192040631731,1,L2
c78626dd832e68d,1,3.2355589524330606,2.0242435326028008,0,ADS
c78ef448f1fb07d,0,-2.069523051924349,-4.543731768556811,1,L2
c79b9403b17b7ad,0,-2.2211775474453526,1.3082617026919896,1,L2
c7b2b7547ace394,0,1.6674493905275738,1.5330115146343448,0,ADS
c7bad32bef2673c,0,0.2839855726537285,1.7689145213782222,1,L2
c7be59d34abcd76,0,-0.7644709706465735,1.6597253717465066,1,L2
c7ca79c67fa49fe,0,2.386405832344355,1.9261433784690387,1,ADS
c7e36d5fe485dd7,1,3.4502040195247408,-4.4416053576425,0,ADS
c7fa39803a013cd,0,-0.1262452303510219,1.8518303775001215,1,L2
c7faec9b1dc383d,0,-3.7096897653434247,1.4311190376221585,1,L2
c805013f3f897fb,1,-0.5216069748770519,1.2847868365706452,1,L2
c80d863997ae201,1,3.9595611231644665,-3.566097887091018,1,ADS
c81082eafda6733,1,3.7702883589998097,1.6982536280845961,0,ADS
c82737ce9140d5e,1,3.8674723705546,1.4453390176040544,0,ADS
c8389cc4f01995e,0,-3.575379008557003,0.3119801623557132,1,L2
c84613fb780bcfa,0,-1.3041099596653192,-4.0874295012838715,1,L2
c849a0142da5979,0,2.7971523363158988,2.038299599902293,1,ADS
c85332a3a18d741,1,-0.6872030765936338,1.919191549854643,1,L2
c856754888df4ef,0,-3.2505325005598693,0.2952223799455153,1,L2
c85775ae7e7c0b0,0,-1.3203712309193643,1.4210332902486247,1,L2
c85a8da9c33c57c,0,-3.416565160202848,0.30378746873294976,1,L2
c8630e8f67864e3,0,-3.3134842026078184,1.4648989489080066,1,L2
c878271d7629530,0,-2.1641519578988233,0.8781978934436616,1,L2
c87a6ad3649b111,0,-2.787765602222615,0.9221059555877597,1,L2
c882936e5c7827a,1,2.0360974854769465,1.5369976073508824,0,ADS
c8943643d3340d1,0,-0.2975360976622604,-3.999559876270008,1,L2
c8a5a27f041e61f,0,-2.9253842599011968,0.5843042236247276,1,L2
c8b6a7d02e6feb7,0,-2.864355269547562,-5.153485166624188,1,L2
c8bb4c6e5bf4622,1,4.558350251493099,-3.9383987825776545,1,ADS
c8c095f2afca1be,0,-1.3793251613492399,1.254699258653363,1,L2
c8d02782f3ff12d,1,0.43665362912830824,1.8257867835092063,1,L2
c8d218ce5b694a6,0,-2.122252052989615,1.5896149282626297,1,L2
c8e72f1dc00071e,1,4.163725211032586,-3.9380709045941957,0,ADS
c8ed63832239a02,0,-2.9253842599011968,0.5843042236247276,1,L2
c8fc5852e372cc1,1,4.647944548992449,-3.9750366511458366,1,ADS
c8fcc5b3980c1e4,0,-1.1943985660985004,1.5168242952662996,1,L2
c9071aa23149df4,1,3.8576797254877127,1.7441981018133796,1,ADS
c91a254086d42a2,0,-3.615845218588697,1.4262779004814345,1,L2
c91c64b514e62f5,0,2.7262037964619865,1.334395472968856,0,ADS
c92893635f8a32b,1,2.82441081653039,1.3467118858256395,0,ADS
c93e0df1235feeb,0,-2.8354800243922615,-5.154974747282872,1,L2
c945bf9a7866541,1,3.635268754528084,1.7510054650418692,0,ADS
c95045c26c83df5,0,-2.553946384128078,-5.169498158705044,1,L2
c956f70c7f82c2f,0,-1.926532158938488,1.029901409094179,1,L2
c961e0fa66063ae,1,3.689678358445885,1.8595873017969968,0,ADS
c98837773286e03,0,-2.346662662253985,1.6099288828290252,1,L2
c989ea2a212f067,1,1.4755359333861104,2.0069175186308574,0,ADS
c99da23cd09c7df,0,-0.33085208123543747,1.7710938775864185,1,L2
c9aafa9842b1bd0,1,-0.9376188220412554,1.8616338097465697,1,L2
c9afaa2e056c5e9,0,-2.6838849873269317,-5.162795045740965,1,L2
c9b65c53b9372e9,0,-1.286195737981318,-3.8697303196017034,1,L2
c9b668922c6913c,1,2.7095941338565375,-3.658786601606419,1,ADS
c9c409822917b0f,0,-3.8324095572534533,1.4374497554215666,1,L2
c9d008901061a07,0,-3.9262541040081813,1.4422908925622904,1,L2
c9e915eb3fc6a8e,0,-3.4526592166469743,0.3056494445563051,1,L2
ca1fb2fe6f42cdf,0,-0.39697229513957116,1.84722720758172,1,L2
ca227b3ff33d817,0,-0.17939944118829296,1.7687452435212476,1,L2
ca36360670f04f7,0,-3.1374170172257365,0.9445757647597851,1,L2
ca43a334d62a95f,0,-3.6547859327340806,0.3160765091670947,1,L2
ca46961b61f690a,1,2.969462181381999,1.9649639889590353,0,ADS
ca49a6b2d74e2c0,1,1.8278945718968371,1.6519695795731664,0,ADS
ca4f0e7d11723c8,1,-1.1593840928453896,1.6444266286050613,1,L2
ca5b70038725f89,0,-3.165068845561303,0.738275838441088,1,L2
ca755a883e7d54b,1,3.8436216112880515,1.7406171036749818,0,ADS
ca841a9f6911534,1,1.9175949027878978,1.6107870960131367,0,ADS
ca8758320652e65,0,-3.43425523213813,1.0380323580532742,1,L2
ca8c63af9d4185b,1,3.05009791430123,1.939325183897665,0,ADS
ca943ae2bc7924b,0,-3.7733804506082333,1.2317022674188365,1,L2
cab2fa2cbb583cf,1,2.7481380192940454,1.4424432854325262,1,ADS
cabb06e9dfffc05,0,-3.2738597427693934,1.0935358663230454,1,L2
cac5c7803ecc55f,0,-2.313730076923759,0.9586300380016094,1,L2
cac9330325230a9,0,-3.9334729152970063,1.4426632877269614,1,L2
cae61104c1806fc,0,-3.2390125704721062,1.2882325070464475,1,L2
cafc5585c9bde4c,0,-2.691103798615757,-5.162422650576294,1,L2
cb12e77624194b9,0,2.6838734792874464,-3.5579367502753207,1,ADS
cb29a083da839a5,1,2.3763298469682588,-3.851338848201871,1,ADS
cb2a64fdc00a0b6,0,-1.8037196232765105,1.520924145264982,1,L2
cb2e4a728559bae,1,0.5254493883518198,-3.752015929627185,1,L2
cb31f26832c6c32,0,3.7099864834835183,-3.7790467581156135,1,ADS
cb41dbf00e8f9c3,0,-3.322720613448122,0.298946331592226,1,L2
cb5a5eff5901617,0,-2.8352007288943244,0.9409626838123483,1,L2
cb65db4627bc7ca,0,-3.332857117226834,1.2930736441871713,1,L2
cb70187275e567d,0,-2.6671131054525534,1.316299780791364,1,L2
cb765b797ef691e,0,-0.7859719492991688,1.5342999545214033,1,L2
cba21992c5010f7,0,-3.2557337122972165,1.461919787590638,1,L2
cba65cc1ce20d39,0,-0.7662383838783315,1.889634107302909,1,L2
cbc9bcd98044093,0,-3.322720613448122,0.298946331592226,1,L2
cbced37750fd98c,0,-2.0500639401013627,1.585890976615919,1,L2
cbfd0be0e1acb5a,0,-3.059473906177533,1.082161992330619,1,L2
cc02aef098e5b01,0,-3.615845218588697,1.4262779004814345,1,L2
cc0cf723491b7fa,0,-3.3732522924698976,0.3015530977449234,1,L2
cc1882af285f71b,0,-3.439173870352201,-4.049020646935506,1,L2
cc2bde7b7ec8c56,0,-0.9406962453481129,1.141077136108805,1,L2
cc481aacc385417,0,-3.615845218588697,1.4262779004814345,1,L2
cc4b8fb6634a6e2,1,-0.85187329040575,1.8038201259315254,1,L2
cc552c9eaa2f637,0,-3.579751162144571,1.4244159246580794,1,L2
cc641826176439e,1,2.9105318977013623,1.7542032742549427,0,ADS
cc65e1264726157,1,3.839295467380729,1.7822424672462878,0,ADS
cc6f7f92106966f,0,-3.6615641060852564,1.4896144347516012,1,L2
cc79f550f5c99e2,1,2.1565499976088343,1.5083282420031427,1,ADS
cc82f331009482a,0,-3.322720613448122,0.298946331592226,1,L2
cca6853125aa31d,1,0.03259081912187772,1.7997294026167494,0,L2
ccb2e26d0e2b199,1,2.1726400342534262,1.4552256943837687,1,ADS
ccbfa7e868515c5,1,-2.3763492232815695,0.7780068460085043,1,L2
cce97df1005f101,1,4.602789921347162,-3.825517505288895,1,ADS
ccf5df807abe76c,1,2.815758528715745,1.4299626129682514,0,ADS
cd0f4c4a7e6f2e0,1,3.9339782370539225,1.8554763345690097,0,ADS
cd1243a40e602aa,0,-2.5395087615504277,-5.170242949034386,1,L2
cd345b235d689ce,0,-3.23681524842862,-4.8425074236202965,1,L2
cd3887bc88d4461,0,-2.563982452269033,0.9105617054829567,1,L2
cd46839f7e32cc9,1,3.220625580428217,1.5132850793338894,0,ADS
cd53a87e66fbfb2,0,-2.5685140336092505,0.5614620192880309,1,L2
cd66eb3a1b6a758,1,2.753888445322925,1.4806489511311192,0,ADS
cdac9942b26c34e,0,-3.615845218588697,1.4262779004814345,1,L2
cde8bb8d0471d98,0,-1.6818339665934596,1.5931984869283111,1,L2
cdfe07af14c61c9,0,-2.4988831237660847,-4.823005238662815,1,L2
ce06fd6c3b261cd,0,-2.9004493259916884,-5.151623190800833,1,L2
ce09ccc85ab6872,0,-1.9561584355275996,1.5570010595769663,1,L2
ce116499f099aeb,0,-0.9157877103768068,-4.619419518989713,1,L2
ce18a305202dd11,1,-0.20450033956221483,1.7617175547072497,1,L2
ce3c7847dc30f02,0,-2.539398546564685,0.9555512084252075,1,L2
ce612b3607697d1,1,2.992670204361857,1.9386085888620037,1,ADS
ce6ceb08d0c8253,0,-0.3694091403036131,1.7483154345772591,1,L2
ce790f1a393e1af,1,3.839295467380729,1.7822424672462878,0,ADS
ce79b7b49bec748,0,-0.784029856906161,1.7741368002313243,1,L2
ce7c3a577443cbf,0,-3.7457838217875508,1.4329810134455139,1,L2
ce7cc3f092cf1bf,1,2.6324889432830156,-3.9010651031936656,1,ADS
ce835234a7e3939,1,3.1056580259795465,1.887071509352892,1,ADS
ce972fc6332dca6,1,0.9369400746082941,1.8924773125497885,1,ADS
ce9d1bef8afa339,0,-1.014140970322439,1.8776551240692103,1,L2
cea21be3268f475,0,-1.1811077797090348,1.7215231498675023,1,L2
cea7e775b1891cd,0,-1.281972011631006,1.880897702849933,1,L2
ceb95e222e5d644,0,0.07238241996441586,1.8759105009899097,1,L2
cec0101b3b497e3,0,-3.3588146698922476,0.3008083074155811,1,L2
cecddedec7fe69a,1,4.521847911662456,-3.872130363863324,0,ADS
ced5c821a5041ed,0,-3.760221444365201,1.433725803774856,1,L2
cee51edc6bfaf71,0,-2.4539211574553756,1.3347587241818282,1,L2
ceeab43629938c3,1,3.988477977634172,-3.815566337084455,0,ADS
ceedaf1e659d839,0,4.0938866746330795,-3.6378888994274035,1,ADS
cef4a04f7709b2e,0,-1.0646726493442156,1.8802618902219077,1,L2
cef5d5503d13b04,1,-0.328922000788655,-4.114546471013999,1,L2
cef783847363573,0,-3.322720613448122,0.298946331592226,1,L2
cf0812da576b298,0,-3.3833887962486107,1.2956804103398687,1,L2
cf1261fc877f1e0,0,-2.7778595609851813,0.5722614790634917,1,L2
cf2d602b19ed2dd,0,-2.9253842599011968,0.5843042236247276,1,L2
cf34b270bacafa4,1,2.106908816764948,1.8355773124142971,0,ADS
cf62b93c4cc4608,0,-3.71690857663225,1.4314914327868296,1,L2
cf7fad3cdabde9d,0,2.963123509507839,-4.031300359176858,0,ADS
cf8abe11383c4be,0,2.423450423401593,1.6353684044687464,1,ADS
cf8d54e7d395e9b,0,-2.527888395824907,0.9086997296596016,1,L2
cf90d7cea3fca44,0,0.5045865690543451,1.6499590442804875,1,L2
cf999e76768d191,1,2.229326589397365,1.50546222403954,0,ADS
cfa4755b290daa2,0,-3.438221594069324,0.30490465422696283,1,L2
cfa9cbb0323fac7,1,3.711048315574609,1.6662729424297844,0,ADS
cfab9a682f56766,0,-1.4493030399768165,1.252415519213764,1,L2
cfb231f0edaaaef,1,-1.4093207723991499,1.2425817697168997,1,L2
cfb8dd6c5c8fdec,0,-2.2304732645029577,1.5711520758344668,1,L2
cfbfb7ef9b9b790,0,-3.0424912924714644,1.3356643293542592,1,L2
cff0eb3cf70a23a,1,3.2926884748064436,1.9752080753643018,0,ADS
cff39c1cd4b78d6,0,-2.747349087779411,1.3746577729455023,0,L2
cff615a5412e888,1,-2.294706113855078,1.0450064698055594,1,L2
cffa9b29e287864,0,-1.8054534144310863,1.6274911863598596,1,L2
d005635bb5159a0,0,-2.1803373001679596,1.3323392711407063,1,L2
d009bc2b819df8c,0,-3.3524044303246385,1.3172037359861108,1,L2
d00b320794bb6ab,1,2.8067065492378487,-3.8656183324838445,0,ADS
d00fab0f8ffb207,1,2.6172770416908255,1.9835780863895653,1,ADS
d01df3691917979,1,3.168480442257708,1.7916192494220686,0,ADS
d03b4dcbf3cd3bd,1,3.9094440271212947,1.503977160199349,0,ADS
d03b66d1142a2bf,1,4.629509113057615,-3.9237725872545206,0,ADS
d04b1f372271b29,0,-1.568130840432638,-3.850469918717777,1,L2
d053a329dfaa4c7,0,-0.6322073658956735,-4.212628046149893,1,L2
d0545cd0c264343,0,-1.587508608257834,0.817976517957199,1,L2
d063c6e57c47f74,0,-3.3975959562849813,0.652142364598534,1,L2
d06741c4ad24c60,1,-0.3489375231577549,1.7932142378988998,1,L2
d06de901f3c18cb,1,4.486087755635787,-3.6909635641455045,1,ADS
d06e75451f0c0ce,0,-3.4310027827804985,0.3045322590622918,1,L2
d07e0403dc7c070,0,-2.6044780631498545,-5.166891392552347,1,L2
d084a4daa4b6b54,0,-1.8891203828043595,1.244065458378983,1,L2
d088b81d0aea602,1,3.4354828672030777,1.7487074514494598,0,ADS
d08e1d5385394ce,0,-0.9375964966200072,1.280237107864875,1,L2
d0a96ec36eb04a6,1,2.7330114459369863,1.932490676720585,1,ADS
d0bda2653193751,0,-1.4898473507614869,1.5330251626243527,1,L2
d0bde125282f4f7,1,1.518731593675101,-3.9163028471781676,1,L2
d0d078f3fdff177,1,-1.3510313264015532,-3.5651343458271083,1,L2
d0d33333ba895d5,1,3.094429188086184,1.8616089834726,0,ADS
d0d430d61079055,0,-2.194440165877867,1.5933388799093404,1,L2
d0fc94d6374ada4,1,3.7638719501830233,-4.314857553649544,0,ADS
d10124589978630,0,-0.9826218142676881,1.8523929470949005,1,L2
d1097c7706589a9,0,0.46243862950779446,1.8895833721440631,0,ADS
d112b9f733d7830,1,2.403041601804874,-3.896154622383877,0,ADS
d11fd80d3c10c22,0,-2.411339261410366,1.3442559164101802,1,L2
d12c87d1e1ad132,1,3.8533792959102553,1.9928330977472024,0,ADS
d1371d88b136942,0,-1.630821475990785,0.8202108889452253,1,L2
d13b625868eb7b9,1,3.8923145910761545,1.6182048256054484,1,ADS
d1423a26b3142a5,0,-3.322720613448122,0.298946331592226,1,L2
d14dbf18a145982,1,0.11268483486159792,1.7177455424774408,1,L2
d14f713cd6ed648,0,-3.416565160202848,0.30378746873294976,1,L2
d163009271a19f0,0,-3.409346348914023,0.30341507356827874,1,L2
d1819d029053243,0,-2.6595925615021905,1.621767011716103,1,L2
d18a0a297f90dc8,0,2.338836257820727,1.656964905398893,0,ADS
d1947812657c02d,0,-1.580953590524878,1.098058566355144,1,L2
d19af670c688241,1,3.7678452053375224,1.7748741599990665,1,ADS
d19c689fa950e02,0,-2.691103798615757,-5.162422650576294,1,L2
d1a6990388a8f75,1,3.122608807560711,1.9319054758979246,1,ADS
d1e925d9bc19ba0,0,-2.61169687443868,-5.1665189973876755,1,L2
d1f79f914a3c5bf,0,-1.0374350818270017,1.4673950333685766,1,L2
d21db1ed92eadcf,0,-1.4685407729086801,1.7166262257342175,1,L2
d22473979c1cdfe,0,-0.35167366052432675,1.6501440141722032,1,L2
d22f3c0f546b64e,1,4.697383380841349,-3.8581306015580856,1,ADS
d23ce59f22e299f,1,4.6738515068887985,-3.8184882074320923,1,ADS
d255c89929a41d5,1,3.4491811669436245,-4.370897256087039,1,ADS
d26cb4aeeb8c44b,0,1.9332218652298938,-3.5610761708622785,0,ADS
d294fc7bca2c459,1,3.9709975099673303,-3.6116238737421082,0,ADS
d2a75c9977faf36,1,-1.8259358865376654,1.3273439956393187,1,L2
d2b91431230e17e,0,-2.0465392449973088,1.6605652567465803,1,L2
d2cee6f88a19600,0,-3.06400548751775,0.7330623061356932,1,L2
d2df3d4f49feeec,1,-0.8637307499777267,1.915850814426772,1,L2
d2f25a83458c8e5,0,-0.8065403635117139,-3.7329333207412847,1,L2
d2f4663563a3280,0,-3.178344387671617,0.2914984282988046,1,L2
d2f7b36421fccad,0,-0.8913602205933746,1.8472756263715735,1,L2
d3012e172ec954c,1,3.4126864943795527,1.7735656076751427,0,ADS
d30b891a050e077,1,3.169533615559583,1.5026010690519898,0,ADS
d32a992f8de6930,0,-2.6477909308828056,-5.16465702156432,1,L2
d33e7390d7deb73,0,-3.890160047564055,1.440428916738935,1,L2
d35bd0a494facfa,1,2.623668633555413,1.5991126198261443,0,ADS
d35e179dd4a79c7,0,0.114016983271439,1.7060303242192802,1,L2
d36b6a688f38307,0,-3.510409706957576,0.3086286058736735,1,L2
d37a50a0de8a2df,0,-0.7976467231276319,-3.834967075850149,1,L2
d3815b7967bf80c,0,-2.4387176692305865,1.158478115036531,1,L2
d3825fdba7cadca,0,-0.17632891847545987,1.6165773667017183,1,L2
d39aa144d22a00d,0,-2.618915685727505,-5.166146602223004,1,L2
d3a6aa3d9645334,0,-0.07921261710091357,1.8837307994480021,1,L2
d3b411fa6beef41,1,3.906390453761807,1.9270455222319445,0,ADS
d3b6e70784619a7,0,-0.655570701635204,1.8663957426968547,1,L2
d3c2c9bdbea334a,0,-3.1304999385984487,0.6383637435057046,1,L2
d3cd9fab8c74525,1,-0.9588895836249736,-4.294541223481408,1,L2
d3d08e0a9d73e7c,0,-2.0067510723684117,1.5836566056278927,1,L2
d3dfc77224865c3,1,4.513195623847812,-3.7888796367207127,1,ADS
d3e57c95a79d6bc,0,-2.7292174567395406,2.2496519415027074,1,L2
d3f5444d4ecee6c,0,-2.585638886135509,0.91167889097697,1,L2
d3f68872d101dae,0,-1.1266667662403576,1.2416654278898758,1,L2
d4088f4adfa67a4,1,-1.9775309236029943,1.3351642940974109,1,L2
d40963f83336275,1,3.8306596557718096,1.7776719661938247,0,ADS
d40b01f9dbfb402,0,-2.6046203019700447,-4.563172183839766,1,L2
d42f320f6f44668,1,1.5153717236630946,-4.226641477246264,0,ADS
d440d4eb28923f8,0,-2.8455160925332166,0.9250851169051281,1,L2
d45366878e96d46,0,-3.168580585254373,0.545373160487116,1,L2
d45444f557d6838,0,-2.186008067216082,1.5554792678547709,1,L2
d45c46c9116c522,0,-3.455417997032181,1.4755716986126017,1,L2
d467f1a99590b12,1,4.597578709652454,-3.7227568078252053,1,ADS
d470944e83ae37e,0,2.5567267197367674,-3.939887605026092,0,ADS
d473ef345e8cf30,0,-2.474539459951001,-5.173594505516426,1,L2
d47748c82ed906a,1,3.3942107548587135,-3.596459860461671,1,ADS
d48b8655a2a347a,1,3.683462119532881,1.7087513311035587,0,ADS
d49861da8e9590f,1,3.9115123552775093,1.7184378611763422,0,ADS
d4af8db7f189396,0,-3.322720613448122,0.298946331592226,1,L2
d4b6a3297c7a63c,1,-0.12149332222288126,1.4927470571028234,1,L2
d4bb529ca131d16,0,-2.452353941364945,1.7186993118318443,1,L2
d4c09da0782938d,1,3.7234783694567413,1.855661074497294,0,ADS
d4ca2026cb5040c,0,-2.0469060057222084,0.9877148289815058,1,L2
d4ca737f3388712,0,-2.600076508713159,0.912423681306312,1,L2
d4ee4ae77cedc9d,0,-4.165857787200494,0.752810605171828,1,L2
d4ef241504dec8f,1,-0.5053703485421395,1.7859451580273145,1,L2
d4efdee447f55c4,0,-3.107318355250701,0.7352966771237196,1,L2
d4f95ba33497578,1,3.839295467380729,1.7822424672462878,0,ADS
d4fbdca94b68b42,0,-1.6570026546679741,-4.1234437835577475,1,L2
d4fcc664779fc2a,0,-1.1079317967594755,-4.494068885586209,1,L2
d501e7edc4b411b,1,2.78439456660653,1.1998021424319043,0,ADS
d504caa3104fdd6,1,3.9539780367423507,1.4691665229475785,0,ADS
d52496957ff39de,1,2.807915381148822,1.1841366588401183,0,ADS
d52a1349e78f93a,0,-3.322720613448122,0.298946331592226,1,L2
d52a6807444d3bf,1,1.6480837118248688,1.4708588142031866,0,ADS
d530055cea21898,0,-3.6186918762899545,0.31421453334373955,1,L2
d530d75eeff9250,0,-2.61169687443868,-5.1665189973876755,1,L2
d534a0b3f29bd39,0,-2.32724887804877,1.6794032682065725,1,L2
d53ae17f7ba7e1f,0,-0.5396480540123999,1.2597224999670003,1,L2
d5467fe65a028e3,1,3.841990691439869,1.5624341099100807,0,ADS
d54f3de7649b381,0,1.5883367265573474,1.657217088022885,0,ADS
d55bc4a0d82cc43,0,-2.3904619830688962,-4.513241875497759,1,L2
d55ed8e4cc6558b,1,3.855484765698222,-4.406729019916602,0,ADS
d5770d65e2e965b,1,3.805991847655689,1.7246943512631887,0,ADS
d57af261d876f4e,0,-2.4961958938174766,-5.172477320022413,1,L2
d582818dfc3c40d,1,3.5959458455971585,1.6845164641679975,0,ADS
d58c377552971db,0,-3.236094877982219,0.29447758961617326,1,L2
d58d380762e5280,0,-2.4587189267122693,-4.47256996802116,1,L2
d58f8df68cf7b2b,0,-3.2439635813641337,1.095087542975605,1,L2
d5901cab90a4303,1,3.5559949933859683,1.4823076635837866,0,ADS
d5ace6c48f831a4,1,4.5326013932118,-3.8369194892263287,1,ADS
d5b60c1f14a57ba,0,-0.19840031903306868,1.8099695214967142,1,L2
d5b83b180b8e66e,0,2.977172671021084,-3.794951045527231,0,ADS
d5cad46c6a28edd,0,-3.825190745964628,1.4370773602568954,1,L2
d5de86f17304363,1,3.863146226647278,1.4869643811753603,1,ADS
d5e4b8ccb482068,0,-2.411339261410366,1.3442559164101802,1,L2
d5f55612400e5a8,0,-1.6746151553046342,1.59282609176364,1,L2
d5feb0c367dfe00,0,-1.8479372240142569,1.5754639120051293,1,L2
d603bcd3eabeafd,0,-2.2045387251628537,1.0792093292817369,1,L2
d60f0a7874550b0,1,2.5530988497707283,2.1161284311622213,0,ADS
d60f282760e4cfc,0,3.0447613971683833,-3.732722652491479,0,ADS
d617550cd42287d,1,3.8793361593541884,1.7430809163193663,1,ADS
d624ad27f53c2c6,1,3.4314751617738946,-4.354934932627176,0,ADS
d62b1a61bfcc776,1,3.0116450182560865,1.9918392462335333,0,ADS
d634ba398045cda,0,-2.6044780631498545,-5.166891392552347,1,L2
d63b77ecc314557,1,4.40112656609457,-3.873273076446574,0,ADS
d63f31812ff4a0f,0,-1.6091650421243096,0.819093703451212,1,L2
d64a3cf639ce313,1,-1.2626899406632066,-4.546207364792376,1,L2
d64f2f7824d7f5f,1,-0.18597029604953588,1.7068364288683537,1,L2
d655fed0ea53171,0,-3.911816481430531,1.441546102232948,1,L2
d661e871193e4cf,0,-0.8148767047099785,1.273906390065467,1,L2
d666effc8a7c449,0,-2.897972827874771,0.7244972173482588,1,L2
d668aa19d4b4a74,0,-2.9223164916898554,1.0750864842018688,1,L2
d66b66133ac8cdf,0,0.14446404424628592,-3.636503654084962,1,L2
d67503382bbf356,0,0.14909513165994379,1.4560797387508437,0,ADS
d675674fb48469d,0,-3.186664321608743,0.7153442440368721,1,L2
d67766755374650,0,2.717015342067679,-3.610209229199546,1,ADS
d68bb745c78737c,0,-3.1027867739104846,1.0843963633186453,1,L2
d68c0da94f8b88d,0,-0.9514143183842734,1.9448951384587314,1,L2
d6961ff52ac2e77,1,1.0111477232254575,1.8076310537315903,1,ADS
d6a987c7a05b960,1,4.687544117113111,-4.060427505308592,0,ADS
d6ba83005d45c1c,0,3.4244806839862787,-3.525319154908907,1,ADS
d6c12d2584bbe99,0,-2.261613941128218,1.2310685117480202,0,L2
d6e9c363a6c7f32,0,0.2598159797837389,1.7244529499978607,1,L2
d6f40a1ebd09055,1,3.8923066252322807,1.7164548917310298,0,ADS
d6fa1a7e4780b0a,0,-2.0550854293466987,-4.544476558886153,1,L2
d6ff38e0f616a07,0,-2.129805621146183,1.3297325049880087,1,L2
d6ff7c26c42f9f3,1,3.930461233394321,1.5680250168695704,0,ADS
d7086c1ebf51a3c,0,-1.2964685130389515,1.4525446434428426,1,L2
d7151fd2c7be9ee,0,-3.3299394247369465,0.299318726756897,1,L2
d71a01c6c3e464a,0,-2.4311355913882027,1.3556032390936466,1,L2
d73829489cfc07f,0,-2.792214370895688,1.2953568722813693,1,L2
d7397a577eefe45,0,-1.5113007230850048,1.6031226722161802,1,L2
d73f2321a5bbc07,0,-2.9606077507529616,1.2967654829713537,1,L2
d742f9536e7d155,1,3.6992471678427954,-3.5143712608769375,1,ADS
d75ae4055667434,0,-3.439173870352201,-4.049020646935506,1,L2
d760c9121ae32bb,0,-2.3174947146556386,1.3394147792694564,1,L2
d77abe99da43b38,1,0.19887822508247563,-4.251642458445487,1,L2
d795a865dea0cd7,0,-3.2444757697383806,0.7423721852524697,1,L2
d79d6f7be18d89f,1,3.493107179395137,1.6330589807050857,1,ADS
d7ae72170706591,0,-1.7797224465780028,-4.117113065758339,1,L2
d7b4e5ecc64679c,0,-3.159605646295029,1.2841361602350658,1,L2
d7c3a14284da01d,0,-0.8264518768129832,1.8679728497877628,1,L2
d7d1744036db763,0,-1.8994008399761586,-4.953712369379608,1,L2
d7d97ff4b2b411a,0,2.638000938680484,-3.7456014112780243,0,ADS
d7e1e03dde19594,0,-2.6671131054525534,1.316299780791364,1,L2
d7ff0ca7969d88d,0,-2.5460708420269085,1.7867716429829312,1,L2
d8025580a39d95a,0,-3.0712242988065754,0.7334347013003643,1,L2
d80d880335f5018,0,-3.1830182078320233,0.5461179508164581,1,L2
d81511d50345f41,0,-1.4364823492488206,1.626774301483041,1,L2
d8172af2d0c0f96,1,3.8620315837248995,1.9095823706045905,0,ADS
d81c6a7d3c2f7e9,1,3.9556089565905332,1.6473495167124796,0,ADS
d81f932ce6ef29a,0,-1.8404294786344215,1.0535019226848725,1,L2
d8201c7479ac160,0,-3.4887532730911004,0.30751142037966045,1,L2
d8217fb75609518,1,3.809821600277195,1.7445433309746847,0,ADS
d822c663bab3dd9,1,3.0642871465559858,1.8690123606200746,0,ADS
d827a618d04f24a,1,3.8836623032615103,1.7014555527480604,0,ADS
d82c454e5560cf1,0,-2.91918755172031,-4.858892810865823,1,L2
d84a74415abe495,1,3.8923145910761545,1.6182048256054484,0,ADS
d856285c0e6e371,0,1.520071400372634,1.7690242995633512,0,ADS
d85643698bf7ec2,0,-0.9272410576396941,1.413306530467019,1,L2
d86114e6b27035d,0,-2.719979043771058,-5.1609330699176095,1,L2
d8658d11ce22465,1,2.809255151632119,1.8220975834259332,1,ADS
d86b5e4edebab1b,1,3.471963352055263,1.7074663554163103,1,ADS
d86bb89a325523a,0,-3.322720613448122,0.298946331592226,1,L2
d8701f3edcd773a,0,-2.381248491766399,1.2278129583650603,1,L2
d8732d1063b7d5b,0,0.022727274898812877,1.758318178910458,1,L2
d877dc9952ead25,1,3.6015053670627464,1.4546389808533495,0,ADS
d87a11756f04480,0,-2.018875910857235,1.5968521948722103,1,L2
d882789ee7a4ca1,1,2.8676927871384468,2.041135826497639,0,ADS
d8a1882e8ad9c50,0,-3.214438444115743,0.29336040412215997,1,L2
d8a760a6febcac2,0,-2.6405721195939806,-5.165029416728991,1,L2
d8af64fa1b07c8b,0,-3.5248473295352265,0.30937339620301557,1,L2
d8b6f7f5b4b77bf,1,4.494740043450432,-3.774214291288117,0,ADS
d8bf17e48204af3,1,3.892139451492006,1.670478614484573,0,ADS
d8c4fb5df9f0cc9,0,0.2030166488440432,1.7974213149418217,1,L2
d8c8430f633d7ac,0,-2.061481310412848,0.843903130456795,1,L2
d8d0486f7bb5b43,0,-2.086157996545489,1.5877529524392744,1,L2
d8f12e4eff62b02,1,1.1384460335479691,-3.8820015087595894,1,L2
d903c3a7e6079c6,0,-1.073564381760298,1.7003154214526777,1,L2
d9055ac7ecd8320,1,3.9327923456021487,1.6007949146834777,0,ADS
d91c576aa55da63,1,3.6748098317182367,1.7920020582461706,0,ADS
d91d586ead95b16,1,2.94223424185092,0.9277734306449527,1,ADS
d92b1cca4d554fc,1,3.740303030005939,1.6628127352997968,1,ADS
d946481a91afad1,0,-2.5611651954169035,-5.169125763540373,1,L2
d94e225a5cfd76e,1,3.9167868002491106,1.4097234510684347,1,ADS
d95454d92c5037c,1,4.083182419875807,-3.622625179830709,1,ADS
d9550aa70b90958,1,4.326360904954859,-3.888192494864209,0,ADS
d95796e5efbb323,0,-0.2138475849476448,-3.616051543202368,1,L2
d96bfa0f2eff186,0,-1.6105455096328054,1.6174365169137408,1,L2
d973d757e5d1631,0,-2.8546599601418197,0.7222628463602324,1,L2
d9762ced04cb74e,0,-2.455700282936655,0.9049757780128909,1,L2
d977b50f4d37e80,1,4.6918702610204335,-4.102052868879899,1,ADS
d981ccc34e7a091,0,-2.0717203739678385,1.5870081621099323,1,L2
d98530e655f957d,0,-2.65873738160397,1.5296903135515458,1,L2
d985331ad732285,1,2.8943788820786285,1.9559352052436865,1,ADS
d986b52d2039193,0,-1.5707830870168995,1.8083012423672864,1,L2
d990778d5401ad9,0,-2.0550854293466987,-4.544476558886153,1,L2
d9a9e1065671caf,0,-0.1911815077442435,1.809597126332043,1,L2
d9cb51370e7a246,0,-3.6547859327340806,0.3160765091670947,1,L2
d9ce64a922ea4f1,0,-1.1046435716489835,1.9133986701609376,1,L2
d9d71baf6b968ae,0,-3.0450362835998828,1.081417202001277,1,L2
d9e2a5e4e144ca6,0,-0.6300801588858268,1.7162356059594288,1,L2
d9ef2eb5a3957bb,0,1.401550106277163,1.6704984597810901,0,ADS
d9f1dce22a59e61,1,2.8151535085225525,1.941354290351318,0,ADS
da3505d533e20a5,1,2.914709424849578,2.0766343654965755,1,ADS
da37ed084b7182d,1,3.8879804813249588,1.758080255302336,0,ADS
da531f2774855c3,0,-2.751671545778489,0.9202439797644043,1,L2
da598bd9ec64853,0,-0.9359795013083598,-3.8768135351933184,1,L2
da6879ca878bde7,0,-1.8999847888172856,1.2345140530410665,1,L2
da8340cc27778be,1,1.6577335026218696,1.8258342967729573,0,ADS
da95260e755d3de,0,1.6177642456588113,1.6224916784966497,0,ADS
daa0c6e71de2c87,1,4.566190305493639,-3.766845984040896,1,ADS
daa10713b34a31e,1,2.5711065929838295,1.4117158089990474,1,ADS
daacd88110763e5,0,0.1877516372917197,1.6116182282762215,1,L2
dad1f5a24a58be6,0,-0.9159407921224165,1.4210998388537779,1,L2
dadd18ab4cc4fcb,1,4.607842610885868,-3.8310204524419316,1,ADS
daf6fc69e10975d,0,-2.494200359144389,0.9679399171183861,1,L2
db05f7f5c3e3c6e,0,-0.6822747771580605,1.7063639258173058,1,L2
db066c40f5d29ac,0,-3.1883357893959574,1.101739927031385,1,L2
db08959fb1aa3cb,1,-0.27964118208336813,-3.6938864616755107,1,L2
db12432e9705683,0,-3.680814520188124,1.4296294569634742,1,L2
db822920fda66b7,1,2.8441061906558613,1.935612528131399,0,ADS
db826b33afb50c4,0,-1.7147531449785758,-4.120464622240378,1,L2
db8a31384ad0ae7,1,3.754866773615556,1.8997502507129844,0,ADS
db8ad4a77a26bd8,1,0.7834298070783821,2.051778572412203,0,ADS
db92a83d83ae8fa,0,-2.122252052989615,1.5896149282626297,1,L2
dbb909437c286e0,0,-1.4612640450130419,1.2183578099715824,1,L2
dbc8e046f3d8ada,0,2.485460341317038,1.7881535720406927,0,ADS
dbf589ec0b61ee6,1,-0.96798162617677,1.4145011454379033,1,L2
dbf9246e7842ff5,0,-2.2228072218826305,1.2596756641538667,1,L2
dc0129a4cfa3733,1,2.8871736227467393,1.7620210045709543,1,ADS
dc017bff8a79a22,0,-3.5609413859793526,0.3112353720263709,1,L2
dc1151c6d47ce8b,0,-1.832661041213041,1.3501999858189215,0,L2
dc166aecd5b4265,1,4.2299214120520485,-3.8630084472223714,1,ADS
dc1fa3d36e797ce,1,-0.8205455283375402,1.8503852494283826,1,L2
dc282220b0999f2,1,3.381997483787669,-4.089517267607554,1,ADS
dc32ba868571ed7,0,-2.734416666348708,-5.160188279588268,1,L2
dc36c40a6be7a25,1,2.636769604050614,1.1996918802074097,0,ADS
dc40c9a3b3492c6,0,-0.023975285793826157,1.8351728812562589,1,L2
dc483010a5408f4,0,-3.4670968392246246,0.30639423488564715,1,L2
dc4dbf9cb5940a6,0,-0.7206974010875078,1.5293200713640354,1,L2
dc54b81a445d6d0,0,1.5938012036139249,1.584111920390481,1,ADS
dc57e0dc1c2928f,1,4.620856825242972,-3.840521860111909,1,ADS
dc5ba5348409c1b,0,-1.3317604319840612,-3.903995527426882,1,L2
dc6d8c46bcd03fe,0,-2.4961958938174766,-5.172477320022413,1,L2
dc71eada641c2eb,0,-1.1107824424316228,1.5933802146474825,1,L2
dc7717912a8b4b2,0,-3.4021275376251983,0.3030426784036077,1,L2
dc7aadd6cbadd7b,0,-2.655009742171631,-5.164284626399649,1,L2
dc7fb5b0ec6313a,1,4.163750925362451,-3.7310612722316794,0,ADS
dcae9422f8bb3d2,1,3.867649876526418,1.639500366266186,0,ADS
dcb1c53bc2b1c07,0,-0.7952412751263975,1.8278924939512302,1,L2
dcb7ce0fe5bee99,0,-1.5232031002142763,1.0950794050377755,1,L2
dcbb9f51d668572,0,-1.2719129000061768,1.3961934152638327,1,L2
dcbd8c394fe1c63,1,3.0869199738244393,2.1364512956160575,0,ADS
dcbe1bea0b66e11,1,2.8208804302314476,1.2213549519126492,0,ADS
dccceebf91fa2be,0,-1.2861444081503817,1.5303125650752558,1,L2
dcdc0f9cfeb8580,1,3.827126175906484,1.5780418766894606,1,ADS
dcdca0e10263757,0,-3.724127387921075,1.4318638279515006,1,L2
dce56604874de52,0,-3.06400548751775,0.7330623061356932,1,L2
dcf1a1dcdee8ce1,1,-1.9260973778911143,-4.248927541763001,1,L2
dd026462f6b1f3b,0,-1.7336929791627418,1.7063533564574758,1,L2
dd0a202e2133371,0,-0.1550874513001176,1.8077351505086878,1,L2
dd0c7eff015543b,0,-0.9931044165051083,1.1415039309954407,1,L2
dd24bba56c0cc2c,0,-2.461870940432143,1.3468626825628776,1,L2
dd2b2de3e21074d,1,2.5582979740409457,1.4537572938677015,1,ADS
dd4766b757801d0,0,-3.4048863180104045,1.4729649324599043,1,L2
dd5219b5551b7cc,0,-3.438221594069324,0.30490465422696283,1,L2
dd5b0798ee5a994,0,-3.7939437772979745,-4.472287793251941,1,L2
dd60301d1790d57,1,4.718218342769579,-3.89927512193032,0,ADS
dd68cdd3f460d19,1,-0.6161656768780315,1.7459523286230056,1,L2
dd7979d22b5c160,1,3.181889778129672,1.735073192588319,1,ADS
dd8db24c9e417fb,0,-1.1083023989394412,-4.125446152362131,1,L2
dd9acb6ce18d849,0,-3.445440405358149,0.3052770493916341,1,L2
dd9bdf3842a1996,1,3.7271014843516226,1.7771580897137875,0,ADS
dd9ce4e15764e8f,0,-3.384479093802795,1.3154500402812566,1,L2
ddaecb0b2388089,0,0.23108977971218883,-3.640972396061015,1,L2
ddb12f10efe25db,1,1.0116895839020807,-3.767887168802581,1,L2
ddb20e9658b9e8c,1,4.073432381911064,1.2284110615317922,1,ADS
ddd36e3c35a0cb8,1,4.638606429268669,-4.083521740517764,0,ADS
ddd7ca810af9fd2,1,0.9950153560039088,1.813018832838905,1,ADS
dddd801cc7734cb,1,3.090840895023907,1.892142088149974,0,ADS
dde57cd8b982acf,0,-1.9901708379792096,1.0011250616883542,1,L2
ddfa237edc9bb3b,0,-3.079478232247046,0.5061019189395397,1,L2
ddfddee93e67fc1,0,3.4027519925468392,1.7300327521419596,1,ADS
de0d0f7284af426,0,-3.0582518205499416,1.4573408483680808,1,L2
de1e4b6864f40ef,1,3.2689351311668453,1.7680899949673836,0,ADS
de2ba59b0d7a304,1,-0.8739130801551153,1.3423537691784662,1,L2
de2c2b7e4180a02,1,-2.677812247074854,1.0736826769822894,1,L2
de2cefe32ddb0ed,1,3.059882155622545,1.8646654615084037,1,ADS
de321c956ec5a61,1,3.9094440271212947,1.503977160199349,0,ADS
de32aa8341fc037,0,-2.1571328220607815,1.5539896871960868,1,L2
de3e2e2c33228bc,1,-0.9157847590645332,1.7825961003576583,1,L2
de414de5169608a,0,-2.9845985633406733,0.7289659593243115,1,L2
de46b02d08252ae,1,3.8167977417063432,1.4800521732723522,0,ADS
de6893d4278e92f,1,2.726105032367612,-3.9903673307422456,0,ADS
de689fa954ac60d,0,-0.9992046611584221,-4.641158093223294,1,L2
de693def5440138,1,2.6829496041243743,1.4022803365165386,0,ADS
de9adc7835033c6,1,2.414668966256455,-3.511717424025152,0,ADS
dea57789ab043a0,0,-3.0924390226521155,-4.849955326913718,1,L2
deaf26be97627ce,0,-3.5031908956687507,0.3082562107090025,1,L2
deb21057d4770b8,1,2.6239304799834255,2.3825520321387215,0,ADS
dec49adcfacb27c,0,-3.1232811273096237,0.6379913483410335,1,L2
ded401a445ecb83,1,3.3282097695897312,1.601837759521099,1,ADS
deefb8eb3fc008a,0,-3.1451680237173787,1.2833913699057236,1,L2
df0e18d70ba7e9e,0,-1.9971937626608944,1.8027446417407138,1,L2
df242ae7d3f8981,1,-0.7666100007707113,1.9232878966660247,1,L2
df2bf3c9c85e2ef,1,3.717606884606698,-3.935242580963547,0,ADS
df322c129346f66,1,3.901286343415374,1.7383978217558194,0,ADS
df39ff28d8dfe06,1,-1.9862420853296412,0.5263879811965747,1,L2
df3c60e566d896b,0,-2.47092064200175,1.5832392332804612,1,L2
df4cd7fa084bc3e,0,-0.5390442941779497,1.4425070960686373,0,ADS
df7fd992b9a1fac,0,-3.47431565051345,0.3067666300503182,1,L2
df8b95ac4152a51,1,3.783100867548374,-3.5309530869292782,1,ADS
df94ef1fab818f4,1,4.458545580304204,-3.8030249888447742,1,ADS
df951538661dc8e,1,3.1422576418330688,1.8283999881048933,0,ADS
dfa3d9b4699e2b5,1,-0.8679892174093284,1.6369191104782643,1,L2
dfa3f852fbadbd9,0,0.029069552231464457,1.8781448719779361,1,L2
dfa7cebb30de052,1,3.8793361593541884,1.7430809163193663,0,ADS
dfaedd8b7b219f2,0,-1.6036962511505477,2.415606558036905,1,L2
dfb3b8ba4b25e97,0,-3.318419494649184,1.292328853857829,1,L2
dfc0817bc7bd5fb,0,-2.2814006582115125,1.337552803446101,1,L2
dfc3628b216077c,1,2.331680652049755,-3.8017206820766165,1,ADS
dfcbfef586a2761,1,3.731427628258945,1.7355327261424816,0,ADS
dfdd19231c02d44,1,3.739174370054802,-4.197562913791422,1,ADS
dfeb383872cc1e3,1,3.629739966825015,1.8359113515321979,0,ADS
dfec882ab1b2635,0,-3.582597819845828,0.3123525575203842,1,L2
dff9c90874679bc,0,-3.7517240167417576,1.2305850819248232,1,L2
dffa2f99e3df433,1,2.6929163228580357,-4.0475271905078785,1,ADS
e002b64f0353456,1,1.9553166110564406,1.6331298208344398,1,ADS
e00539d9dd3e204,1,4.646263723596682,-3.7469190197691566,0,ADS
e0129414742e8ac,0,-3.322720613448122,0.298946331592226,1,L2
e0191bd1f8c9e7e,1,3.951282812683211,1.6889748802837856,0,ADS
e02ac2db7471ebc,1,2.125830878623271,1.5488498433516524,0,ADS
e02f4347e0da017,0,-3.2407686981426247,0.5490971121338267,1,L2
e0375902ad574c0,0,-2.1624069863434117,0.9936731516162426,1,L2
e0384c8ae960c01,0,-3.7939437772979745,-4.472287793251941,1,L2
e0436a21652855a,1,0.7225789868007816,1.5338873879483734,1,L2
e043b3cdb95c37f,0,-3.1361936004060023,0.7367862577824037,1,L2
e0524fd03e3e381,0,-2.9253842599011968,0.5843042236247276,1,L2
e0563b63e1a8347,1,3.8836623032615103,1.7014555527480604,0,ADS
e057ba607ad10d1,0,-3.322720613448122,0.298946331592226,1,L2
e07fa8de83ffb74,1,0.6745604667825191,1.5820729109754457,1,L2
e08017843a726a2,0,-3.5291479326861963,0.601358985808683,1,L2
e082b654f3adb87,0,-2.6044780631498545,-5.166891392552347,1,L2
e0b451f6768818c,0,-2.8907540165859458,0.7241248221835878,1,L2
e0baa0a141153cf,0,-2.979856250168767,-5.147526843989452,1,L2
e0bb2790e9f6bd8,0,0.5045865690543451,1.6499590442804875,1,L2
e0bc411d260b6f7,0,-1.2388582700196367,1.7245023111848707,1,L2
e0be3a975963fd5,0,-0.1543068431093666,-4.195647751828346,1,L2
e0bebc67eb3924e,0,-2.9253842599011968,0.5843042236247276,1,L2
e0bffbd404714fd,0,-2.6622285534604564,-5.163912231234978,1,L2
e0c2fb9c75134d4,0,-1.4983600444983638,1.6204733001838696,1,L2
e0c5c77ad2a2c50,1,3.939113521208965,1.4847742897269585,0,ADS
e0cdab99aaf1a1f,0,0.7736999131878395,0.8819770821159165,0,ADS
e0d4d01de38df67,0,-1.310847256786307,1.8823872835086173,1,L2
e0d690170f9260a,0,-2.2305342223219933,1.5952008557326955,1,L2
e0fc71044000875,0,-0.23550401881412056,-3.6149343577083553,1,L2
e10205eeaf6b85c,0,-3.4021275376251983,0.3030426784036077,1,L2
e10c6ac31937fdd,0,-1.5654854136664595,1.4897097602282603,1,L2
e11fa1ed0a55cec,0,-0.657999975164613,1.3052322371779568,0,L2
e140f8251380f94,0,-2.780981983439293,-4.424453809609258,1,L2
e145596dfc65b0d,0,-1.2484035566024085,1.8766944031374575,1,L2
e1522db7f4400ac,1,3.827126175906484,1.5780418766894606,1,ADS
e153cfa25f9616c,0,-2.5828216292833788,-5.16800857804636,1,L2
e157e68cd3e1a57,0,-1.9969771624372654,1.2415137264931955,1,L2
e1651692dce7650,0,-3.4021275376251983,0.3030426784036077,1,L2
e1661e8cdf75312,0,-2.0873674051305304,1.2468683640815472,1,L2
e1693ec5f464608,0,-3.439173870352201,-4.049020646935506,1,L2
e172260edc70c18,0,-2.864355269547562,-5.153485166624188,1,L2
e1733c89d4f6cac,1,-0.7886905880104127,1.5713012301981537,1,L2
e1a078add1d307e,1,3.4440491842085024,1.6106451515283164,0,ADS
e1ab24dcb78a119,0,-0.13148317611166319,-4.0431395905275656,1,L2
e1abfb7b9ed3566,0,-2.370542102117239,0.9561109910910793,1,L2
e1be7aae5a358ab,0,-2.158346109433741,1.591476904085985,1,L2
e1c30ccd1f8a18c,1,-0.9070707386833181,1.4702029780869135,1,L2
e1c5fb10a692a65,1,0.7436060240131875,-3.671837366607069,1,L2
e1e1bd78dd82e10,1,2.3048249426233656,-3.8813534085894195,0,ADS
e1f17288c6c20ca,1,3.9603801288942644,1.529225727020543,0,ADS
e1f3e7fe553b30b,1,2.2470744523127637,-3.8783742472720513,1,ADS
e20daec8f0f160e,0,-2.36554977613599,1.30721904585063,1,L2
e2162a1d8c7fbdd,0,-2.0044382882795846,1.596107404542868,1,L2
e22c0313be6e4af,1,-1.7955315497253452,-3.8909201289875472,1,L2
e24854d9a00e99c,0,-3.4670968392246246,0.30639423488564715,1,L2
e25dd6e0c11c934,1,2.6885177858084575,1.3352936251726761,0,ADS
e262251c73e8b66,1,3.9434396651162875,1.4431489261556525,0,ADS
e274a76a60b4767,0,0.8836514773842075,1.7103140963036172,1,L2
e2990e065f7e3f7,0,-3.2171256740643512,0.6428324854817573,1,L2
e29bbae958db9ac,1,-0.6526292930185448,-3.2403028684051582,1,L2
e2b6c219520915c,1,3.96938314592088,1.3554911285142655,0,ADS
e2bb33f022e4ab9,1,4.513195623847812,-3.7888796367207127,1,ADS
e2bc89b5e8b7784,0,1.9922236585689268,1.5230472480624124,0,ADS
e2c8bd4464bb738,0,-3.1218982166485416,1.3397606761656409,1,L2
e2cd08c58059a0f,0,-3.681746138114181,1.2328688213644223,1,L2
e2d1fb0db303f75,1,4.401704669831146,-3.757086393041012,1,ADS
e2d92dee1c5155b,1,3.7234783694567413,1.855661074497294,0,ADS
e2e4488c02b1aa4,0,-0.028808584171901935,1.8178928392849416,1,L2
e2f1997a31f1bc9,0,-0.06490264061602816,1.819754815108297,1,L2
e2fc2997c47d090,0,-1.5382964389255178,1.5896637853688014,1,L2
e304edcffc7b7c1,0,0.3472765698272274,1.5979171591135795,1,L2
e31618acd1737c2,1,3.2410069640580086,-3.472351012708242,0,ADS
e3252ba5b16a3d3,0,-2.7170933751156148,0.5748253788242896,1,L2
e3310f3c3380475,1,2.5949525266479956,1.9897627597896188,1,ADS
e338e867dca2386,1,2.5637449589844192,1.7447457644856044,0,ADS
e33ba7d16dd5729,0,-2.7416354776375336,-5.159815884423597,1,L2
e33dedc92964e01,0,-0.6460516860623019,-3.8427873743082417,1,L2
e33f02ba21bbc82,1,3.421338782194197,1.6903148805325308,0,ADS
e34e71fe5858742,0,-2.72431218640444,0.5751977739889607,1,L2
e351b05f7582ca9,0,-3.0151588227407076,1.3029879206522608,1,L2
e36a60aa70541f5,0,-0.11781983254855385,1.8400140183969826,1,L2
e3735a4436407e9,1,3.034381134600257,2.1191791495918366,0,ADS
e37c75f6c8f7824,0,-1.6503660287430026,1.5759191098336223,1,L2
e3b1ffa6477128d,0,0.22863752387960626,1.6247932937821017,0,L2
e3bd842f3d0ff71,1,2.566077281492695,1.991252340448303,1,ADS
e3cbcb976972c02,0,-3.5248473295352265,0.30937339620301557,1,L2
e3ccd79e710f9ee,1,-0.23945757333403192,-4.097163949534228,0,L2
e3ecd7ee1e377c3,0,-3.7745875165062532,0.6140204214074991,1,L2
e3f21ec5fa9a3da,0,-4.193684878562457,1.1958146952158275,1,L2
e3f4bd8560d9a95,0,-0.7227190341262174,1.4512394348740552,1,L2
e3f948feabc1ec0,1,3.9115123552775093,1.7184378611763422,0,ADS
e41b32d53ecba3c,1,3.6107317779456896,1.5566548879876967,0,ADS
e42070f58e9d454,1,3.6179939048122947,-3.608004110566474,1,ADS
e423bc4178f2b48,0,-1.8764794468520003,1.1836929375349448,1,L2
e430464f01f529b,0,-0.027804404122963672,1.7609249450631554,1,L2
e446bcdc9f6474d,0,-2.474539459951001,-5.173594505516426,1,L2
e44896eb7f3d084,1,2.6088347363307753,2.2095051345396737,0,ADS
e45068dd539185e,1,4.486087755635787,-3.6909635641455045,0,ADS
e4608ed0f7e2519,1,2.1433010867969453,1.490940134873054,0,ADS
e463422622cae83,0,-2.452353941364945,1.7186993118318443,1,L2
e47c21644877050,0,-3.439173870352201,-4.049020646935506,1,L2
e492ceaa28f9a3b,1,3.3926020011233375,-3.480171311166334,1,ADS
e4a702ec9aac629,1,1.5159561337375587,1.963430179236196,0,ADS
e4b3555b35a51cb,1,3.750540629708234,1.9413756142842906,0,ADS
e4b7e3a121c5e7b,1,1.6273373460787732,1.540035084814439,1,ADS
e4d6f9665974a4a,1,-2.0379964919750977,1.017370797905347,1,L2
e4d887e9d6cd39f,0,-2.756073100215184,-5.159071094094254,1,L2
e4f2f47a06c4211,0,-2.3896828275438904,1.343138730916167,1,L2
e50c2bf2e2ca222,1,3.8510093514089676,-4.025774394733203,1,ADS
e50d79123ba136a,0,-2.411339261410366,1.3442559164101802,1,L2
e51745388141caf,0,-2.9437621937246408,-5.149388819812807,1,L2
e5297d66f8ee1f3,1,3.023189973452234,1.9498414874975563,0,ADS
e52ca9f0f786e23,0,-2.914886948569339,-5.150878400471491,1,L2
e537827d2d65439,0,-2.249323703136831,1.430561377270827,1,L2
e546747f8848f04,1,4.5905233538500365,-4.0373149933120525,1,ADS
e548477da9e6b54,0,-3.262952523586042,1.462292182755309,1,L2
e54992c01abf95d,0,1.476732818309818,1.5642490381888605,0,ADS
e54c2b17798111a,0,-3.0015126840352426,-5.146409658495438,1,L2
e551068a5df5221,1,3.800033547750767,-4.1900477568955,0,ADS
e5598fc11cedbd3,1,3.8149284311883767,1.4767195701230842,0,ADS
e55e0dbe712106f,1,3.0776176354018316,1.7664940411033478,1,ADS
e5600c859fc110c,1,1.570461987435323,1.749063284398233,1,ADS
e56a1be6d43f7a8,0,-1.0240698797091852,-4.613833591519647,1,L2
e56b821797ec16c,0,-2.9775219908720376,1.3323127728722197,1,L2
e571c23328df7d0,0,-3.378714976088204,1.0410608878222156,1,L2
e57b604ec513988,1,3.7418883418935898,2.024626341426903,0,ADS
e5834db4d946bfa,0,1.480272502713449,1.5832092515037197,1,ADS
e58a01665236bc5,0,-3.702021395869761,1.2822399611148823,1,L2
e58f9c1ddfb6571,1,3.2791205562310455,-3.5553352957030846,1,ADS
e595a8ac06b65c8,0,-3.322720613448122,0.298946331592226,1,L2
e595e6578d1b3cc,0,-2.546727572839253,-5.169870553869715,1,L2
e5968e6ffdbb083,1,2.703771183413264,1.5232301999307538,0,ADS
e5989c0c5a1aece,1,2.685385653026015,1.1681936386804885,0,ADS
e598b1e9fd4534e,0,-3.5031908956687507,0.3082562107090025,1,L2
e59a15746951989,1,-2.5692704489554328,1.6701970732531775,1,L2
e5a2ddfac7db0c2,0,-0.6846033446433818,1.52745809554068,1,L2
e5a2e417751e7a9,1,2.961017669454276,1.7091898177639568,0,ADS
e5b17f8f3ffd170,0,-1.0187158707118142,1.8542549229182559,1,L2
e5b7b3e3441914f,0,-2.590040440572204,-5.167636182881688,1,L2
e5ba340558470c4,0,-2.5149183278937417,0.9635588943845007,0,L2
e5bfa5112083dd7,1,3.4730796186408375,1.7210909202735403,1,ADS
e5c8717f01238d6,1,-0.8851419180484783,1.316891243298174,1,L2
e5d5c33940fa14b,0,-3.2649701231375197,0.29596717027485736,1,L2
e5e48c43e15e12c,0,-2.7640254204186228,0.8303586573549462,1,L2
e5e7fbb48fed3ea,0,3.5128560132807847,-3.6801265134791694,0,ADS
e5ece9ed52c6255,1,4.330543610965743,-3.7567953327664734,0,ADS
e5ee7f692625784,0,-2.6477909308828056,-5.16465702156432,1,L2
e5f39a5ea2542a0,0,-0.8146335371867603,-3.873296995410645,1,L2
e609823b8f408d2,0,-0.17218062989946778,1.7683728483565766,1,L2
e60b1911a5ec847,1,3.799606454805882,1.7508730194837778,0,ADS
e60b29907e64039,1,3.4190635523288275,-3.666037987255814,0,ADS
e60cc1a2c30ce30,0,-2.151127298144916,1.591104508921314,1,L2
e6117906eb3b0ba,0,-0.7734571951671567,1.89000650246758,1,L2
e6132d9a0851a02,0,-3.8612132519721563,0.6184891633835519,1,L2
e626044e3dadbce,0,-0.3593244308069301,-3.9161117534002496,1,L2
e62997987f4883e,1,4.455508491724694,-4.064129421631941,0,ADS
e632384f394f027,0,-3.2072196328269182,0.29298800895748894,1,L2
e654a0924139f97,0,-2.6766661760381067,-5.163167440905636,1,L2
e65533d2253e434,1,3.830643179566085,1.8654931943889,0,ADS
e6591dfdcc2f4ce,1,3.8180775647694656,-3.5173970153909617,0,ADS
e65e983024a6b24,1,3.645372282366572,-3.589749855395747,1,ADS
e673785753a80ae,0,-1.3576687274827643,1.2535820731593499,1,L2
e67b7f9cd19c53f,1,3.2663491365157937,1.8403632170390016,0,ADS
e6833dd1c2bf233,0,-3.520387298631608,1.4789232550946414,1,L2
e683d7bf6a6f8f1,0,-2.93806575480833,1.3241844088666903,1,L2
e687e94baac80f7,0,-2.274200895368859,0.806356401132337,1,L2
e6ab23dde26e260,1,2.82441081653039,1.3467118858256395,0,ADS
e6be4528538ba28,1,3.875002049602992,1.882956346016254,0,ADS
e6bea3e50eaf542,0,-0.6793871215730999,1.832658460538283,0,L2
e6c3d99b7c7b734,0,-1.464912416851979,-4.202902251801207,0,L2
e6c8558386723f1,0,-0.9820955140582666,1.7155077193244495,1,L2
e6c86729df05a62,1,0.477040063107684,1.694507966177979,1,L2
e6cd1b8aa3ce75c,0,-2.5716364560633616,-4.435253269384718,1,L2
e6d505cf21ea0ea,0,-2.9253842599011968,0.5843042236247276,1,L2
e6d6549b5ceb9f4,0,-2.454652129143318,1.3464902873982065,1,L2
e6e94b9e10d5c39,0,2.5267854808894303,1.6253515446488562,0,ADS
e6fdd97cb301d10,1,3.5453171628428417,1.7980980203349914,1,ADS
e718ccce31ac7b2,0,2.9458089403007732,2.1053061387334107,0,ADS
e73fc98909dc9c9,0,-0.10723098402543943,1.2661438223141839,1,L2
e755fc3c3a7211c,0,-3.27940774571517,0.29671196060419963,1,L2
e76027a3400d129,0,-1.3970809196961524,1.4671046902175386,1,L2
e76177e9f5850c5,0,-2.202311618608882,1.157865658631797,1,L2
e76a5d4dfb91614,0,-3.2686087017217753,-5.132631037402609,1,L2
e77696cb7c077c5,0,2.815916102800871,1.9959294460016448,0,ADS
e7773de4d188cd2,1,3.832552864092456,-3.6620169419342914,0,ADS
e77ec1fc1728e57,0,0.584811532864624,-3.659219759129896,0,L2
e78248466b99ed6,0,-0.539318665807235,1.7881553274803679,1,L2
e783ee2dd906a7f,0,-1.9417817707689848,1.5803050491458532,1,L2
e7860f4e249fa50,1,2.7938906083842405,-3.9815214089471946,1,ADS
e7881f1eaeed590,0,-2.621732942579635,0.9135408668003253,1,L2
e7957b516f1678c,0,-2.122252052989615,1.5896149282626297,1,L2
e7a58e8088170cb,0,-1.5541535072505785,1.611327958294471,1,L2
e7bd1ea6542b009,1,1.8347341870449974,1.6993109158959157,1,ADS
e7bf60f9e5a76ca,0,1.2633360362135349,1.740619679063728,0,ADS
e7d89f3ede4ca17,0,-4.1814574902454815,1.201077595972795,1,L2
e7dea37dff6bbd9,0,-1.7188276789651837,1.6230224443838068,1,L2
e7f220da1d447d6,0,-1.062412588027736,-3.8812745697065067,1,L2
e7f2628e5d3fd13,0,-1.264487974283906,1.5291953795812425,1,L2
e80329d73fcc36b,1,-0.37449455865244613,1.9183295690168816,1,L2
e816ac95c609413,1,0.4061341938696335,1.6967115269835957,1,L2
e8337b6f5242075,0,-2.6044780631498545,-5.166891392552347,1,L2
e843a4ae0904525,0,-3.1639067650939667,0.2907536379694626,1,L2
e844eaa358f8c73,0,-3.0567866762289246,0.7326899109710222,1,L2
e8460e10a7bd7a8,0,-0.9887009553160657,1.5493158096242645,0,L2
e856cba9a39d8d1,1,3.122608807560711,1.9319054758979246,1,ADS
e867078196b9ad6,1,0.06132121345982622,1.7318344095288896,1,L2
e8787d98d3f284c,0,3.4654235524656145,-3.6301849656456455,0,ADS
e88d31f4ffebe73,0,-2.3391511485221144,1.3405319647634695,1,L2
e890366425f92f4,1,3.8620315837248995,1.9095823706045905,0,ADS
e8aa41fded38ec7,1,4.570309811674336,-3.9068233121072047,0,ADS
e8b5fd2b72c75e9,0,-1.2624604242221906,1.1536391162664403,1,L2
e8d578c0cf75302,0,-3.615845218588697,1.4262779004814345,1,L2
e8db4ff944a1cc3,1,3.1229506391933604,2.0714548236441725,0,ADS
e8e125bb73beca7,0,-0.12426436482283801,-4.043511985692236,1,L2
e8e2e51ebce016a,1,3.215323705874044,1.860055945594408,0,ADS
e8ea7e3d7fa6522,1,3.759192917522878,1.8581248871416784,0,ADS
e8f9632ff89eabc,1,3.0825047245120474,1.9079325306763169,1,ADS
e907d663a4da0ab,0,-0.9225390732289724,1.943405557800047,1,L2
e917ceda262e294,0,-0.2705884319213215,1.8136934731434247,1,L2
e92f3d967af315e,0,-0.9297578845177978,1.9437779529647181,1,L2
e9322b299bac2dc,1,2.838494645059916,1.5573025163265541,0,ADS
e9363c2a9b9dc42,0,-1.8906986823884924,0.8336171148733835,1,L2
e9495a324d5bb3d,0,-3.322720613448122,0.298946331592226,1,L2
e95298e89e7f7b9,0,-3.1218982166485416,1.3397606761656409,1,L2
e96092613d9dd35,1,3.4498345189715085,1.6931510883415863,0,ADS
e97daa6b4275a56,1,4.476330071013583,-3.943179558217726,0,ADS
e994365318af0a9,1,2.8511620702177054,2.0942095118322164,0,ADS
e99bd9851a415e6,0,-3.5963696123071447,1.0720023727037349,1,L2
e99d329ebb924d2,0,-1.620908598223848,-4.125305759381103,1,L2
e9cfb8ca0bc6a3a,1,3.947057123998907,-3.847134886120383,0,ADS
e9d6934d6023298,1,2.650776501767438,1.5011965472509365,0,ADS
e9de337c9b164e2,0,-3.1307304011397283,1.2826465795763815,1,L2
e9ea1e1c6f5c17a,0,-3.5858502692034597,1.0458526565113664,1,L2
e9fffa5a3e1bdde,1,3.8695784747319846,1.490864922247146,0,ADS
ea05533d496102d,0,-2.3901056061484085,-4.705525140365381,1,L2
ea0749fade5c167,1,3.7678452053375224,1.7748741599990665,0,ADS
ea07ec69059e9f6,0,-3.3455391277819335,0.7475857175578645,1,L2
ea11ad2f69fa240,1,3.2511184427283366,-3.4314704394662776,0,ADS
ea1360533f4d639,0,-3.8785690826876618,0.32762075927189777,1,L2
ea30cf5cdb08d00,0,-2.7640254204186228,0.8303586573549462,1,L2
ea30ed683298259,0,-2.100595619123139,1.5884977427686164,1,L2
ea3595c54f936b5,0,-3.322720613448122,0.298946331592226,1,L2
ea43ae9eed8d13b,0,1.575926971230795,2.154038613421352,0,ADS
ea49a8e52656e93,0,-2.129805621146183,1.3297325049880087,1,L2
ea62cd0a21f6a7a,1,4.7225444866769015,-3.940900485501625,0,ADS
ea640166d0e943a,1,3.6698956692846854,-3.7566237048456426,0,ADS
ea64f82e23169bd,1,3.7803192799297993,1.8097224786935322,0,ADS
ea78ae3b98e2cc5,0,-1.9322951590833604,1.3864152947456687,1,L2
ea7ac92c48fddb3,1,-0.8374356678280996,1.8030753356021831,1,L2
eaa1d9e59fe25e3,0,-3.2505325005598693,0.2952223799455153,1,L2
eaaa32d19d1c43f,1,1.6921002720508667,1.9957456636907254,0,ADS
eaac53a89a70836,1,0.6648284964901798,1.536866549265742,1,L2
eab918a6776da16,0,-3.2751066269162328,1.2900944828698027,1,L2
eacd38d082d8a4d,1,4.632179895067156,-3.957509650270071,0,ADS
eae4ddcd39b27ad,0,-3.542537401470508,1.04361828552334,1,L2
eaef72b3191f510,0,-3.650325901830462,1.4856263680587205,1,L2
eafe4773700b0b5,0,-3.853835528578649,0.7942841048449027,1,L2
eb2183a6b8f6863,0,-1.6519940776398245,-4.117808487636108,1,L2
eb39ceb42011204,0,-3.5291479326861963,0.601358985808683,1,L2
eb3d44f85a20bc7,0,-0.30197683608013653,1.7696042969277341,1,L2
eb41f5ed6435ed8,1,1.6671791573402768,1.5532293559050634,1,ADS
eb467aa8498b63a,0,-2.1641519578988233,0.8781978934436616,1,L2
eb525e8cb7c728c,0,-2.2449718448996436,1.5959456460620378,0,L2
eb68371ddb259fc,1,-2.504852942617562,0.7919027342984646,1,L2
eb7c32388e7e039,0,-3.438221594069324,0.30490465422696283,1,L2
eb863fe1feb1ee4,0,-1.551414551813708,0.8161145421338436,1,L2
eb89a7c26f836d3,1,2.2888623548852682,1.5844909310275397,0,ADS
eb8af5ac9dd70cf,0,-2.9156204574839526,0.8381789558130386,1,L2
eba6b0accc8693e,1,3.272164616347102,1.814117349790646,1,ADS
eba897229a84611,1,2.8322221398083216,1.9074845157288811,0,ADS
ebabd665837263a,0,-3.2649701231375197,0.29596717027485736,1,L2
ebac54fbefe37c2,0,-2.979856250168767,-5.147526843989452,1,L2
ebe7eecae352458,1,-1.6634473631059672,1.0522678946852084,1,L2
ebfb454aa0fde34,1,2.7439798972996825,-3.932858346873367,1,ADS
ec072be87c1b410,1,3.8232964232849773,1.5581928969779646,1,ADS
ec088198aaf9286,0,-2.4269250944043836,0.9500669519842361,1,L2
ec13b10cc6b02b8,0,-0.688542027048052,-3.8195115050857344,1,L2
ec148f36c2a7bf1,1,-1.1718196045872444,-4.3080319888785885,1,L2
ec16e97ff7ff78c,1,2.805475321052918,1.3350303463459623,0,ADS
ec207689881d11a,1,2.1178003927112097,1.6269984221900293,0,ADS
ec246513f5a48c7,0,-3.0636103658226745,0.7407323890937747,1,L2
ec25755718a0c9f,1,3.202711357418562,1.8560230560025341,1,ADS
ec44f3c24ef9817,1,-1.0682101296427366,1.2976476288350698,1,L2
ec555e86560e8c0,0,-1.3190296799102201,1.505967224688977,1,L2
ec61f9ef6a43c95,1,-0.805734993871401,1.3127948964867924,1,L2
ec68eb1eab1b37e,1,3.864565488015613,-3.8703625728343036,0,ADS
ec72f29fe65a97f,1,3.309510084261421,1.9947641561999319,0,ADS
ec79e1ab6b41a8f,0,-2.520523743968145,0.7552999517145831,1,L2
ec7b46b5097bc64,1,3.815176882546736,-3.6761642216807604,0,ADS
ec81fff184de2d6,0,-3.553722574690527,0.3108629768616999,1,L2
ec953a6550373da,0,-3.258913392316031,0.7431169755818118,1,L2
ec99784e63579d6,0,0.2598159797837389,1.7244529499978607,1,L2
ec9bee002df6c84,0,0.20682129813791286,1.7024192973180434,1,L2
ec9c220400951a9,0,-2.9175741785179476,-4.801406319111893,1,L2
ecc8371e01450b8,1,2.8873126794444106,1.6950640565347153,1,ADS
ecd64db6925b56f,0,-2.9888991664916436,1.0209515489299783,1,L2
ecde7079815be99,1,1.853628949622511,1.7335084462241561,0,ADS
ecee4223d579f8b,0,-0.6621177332026188,-4.438843643016705,1,L2
ecfccac6035ba69,0,-3.611473065001129,0.3138421381790683,1,L2
ed1e98a150df5af,1,2.695928035846341,1.2774042458026205,1,ADS
ed38cb58ec4a1f5,1,2.9333681249378727,1.9668259647823907,1,ADS
ed409718b1d4e24,1,3.364481332005675,1.7941371323598754,0,ADS
ed56ea2b32094e1,0,-3.47431565051345,0.3067666300503182,1,L2
ed5d298f9a73ee7,1,2.622563236747853,1.2636458986113117,0,ADS
ed5ea8318fbe7e9,0,-2.331932337233289,1.3401595695987985,1,L2
ed65f29970c4f80,1,1.459145445813127,1.680368434677326,0,ADS
ed90a2780572f50,1,3.74078294508603,1.6891596202120698,0,ADS
eda02ba93e65efa,0,-2.984286880223259,0.8746741332799484,1,L2
edaa26f10eca5bc,0,-2.1627192229668637,1.1402583348451396,1,L2
edc100851347ddf,0,-3.2171256740643512,0.6428324854817573,1,L2
edcc53966f2dc75,1,4.697383380841349,-3.8581306015580856,1,ADS
edd0dfe2ad6011c,1,3.8503453008971293,1.8060018205514101,0,ADS
edd7e50363a5b35,1,3.898065017105034,1.6564104913040412,0,ADS
ede1289722aae9c,0,-2.5034147051063016,-5.1721049248577415,1,L2
ede37373b4ba5e5,1,1.7941681138096648,1.734614104478892,0,ADS
edec9e54071c6ad,1,3.55210141225168,-4.36935886294584,0,ADS
edf8d3d403680f0,0,-3.322720613448122,0.298946331592226,1,L2
edfdc94cff68bcc,0,0.12077599448361782,1.9028651437938402,1,L2
ee045d8e97bdb9c,0,-2.6044780631498545,-5.166891392552347,1,L2
ee10576b5a497f1,0,-3.354354638988628,1.470358166307207,1,L2
ee163e4d9226a93,1,3.8695784747319846,1.490864922247146,0,ADS
ee1f1ecc421f0e5,0,-1.2140076250930658,-3.873454271248414,1,L2
ee2c2f62011d1fd,1,4.734834021736272,-4.191488066809016,1,ADS
ee3530ef1c1d0eb,1,3.785149780966811,1.6083727057138424,0,ADS
ee36582e410af4e,1,-3.513906070073697,1.1638581608732395,1,L2
ee4ac7ef4aac9d9,0,3.469830502722192,1.9626570353226915,0,ADS
ee6b0dea6b8e1a9,0,-2.1655649207225665,1.591849299250656,1,L2
ee7410fb0a17f2e,1,3.5417191894583038,1.6664477628833447,0,ADS
ee751fc67308df6,0,0.3954765266703944,1.737121277698522,1,L2
ee7b4bbad8b4c29,1,3.0261668082356685,1.643514774019249,0,ADS
ee7e9be4e651ad9,1,1.819464149987792,1.498859111759526,0,ADS
ee7ebbf628c0746,0,-2.6173003278315115,0.659718391319659,1,L2
ee8ba81d3fa62f8,0,-1.5631581079132462,-4.128284920698472,1,L2
ee8bc049ffeaa52,0,2.500409945364535,1.9399288916637136,1,ADS
ee9d961192b3381,0,-2.9253842599011968,0.5843042236247276,1,L2
eeac3c1607d06cd,0,-3.344377047314597,0.3000635170862391,1,L2
eebcd6121d12599,1,-2.2153066861868624,0.9270049770382454,1,L2
eecbe9408b95fe9,1,3.8182916437470436,1.5561002267896176,0,ADS
eecde59f7eca951,0,-3.322720613448122,0.298946331592226,1,L2
eedecf666e8415c,0,-3.8107531233869776,1.4363325699275533,1,L2
eee334907e74058,0,-2.2717052293812623,1.3023779087099063,1,L2
eef2e20236cd2db,1,-1.4887960708600239,-3.5384219112637725,1,L2
ef00a78fea4249f,0,-3.510409706957576,0.3086286058736735,1,L2
ef022148e6892b5,1,3.5669478823794525,1.5899712024784614,0,ADS
ef081ba91c7438a,0,-2.50347685181971,1.74803199172632,1,L2
ef0962cc3b93fcf,0,-2.914886948569339,-5.150878400471491,1,L2
ef3d49aff09519c,0,0.3247852813831658,1.721101393515821,1,L2
ef3eb63e2167b65,1,-1.6089315431550058,1.0473326056501049,1,L2
ef4200310e24064,1,2.2287316542306472,1.630886539456495,1,ADS
ef4290890970796,1,3.8103046089236705,1.8451633714783315,0,ADS
ef4ee437cff079c,0,2.6736614162963397,1.930991407711608,1,ADS
ef50e523c1ceea9,1,4.611344933138925,-3.9163651298978377,1,ADS
ef60947707014ad,0,-2.529744959133184,-4.916368216846075,1,L2
ef640dbe91eb562,1,3.4695863648528444,1.6487244642968715,0,ADS
ef6cd0fbf7d9642,0,-3.438221594069324,0.30490465422696283,1,L2
ef893cb78e8bc9d,1,0.06867634144787299,1.7917659865494762,1,L2
efa090c7d2e991a,0,-3.128974789117177,0.7364138626177327,1,L2
efa786af6b17452,0,-0.9643443149226965,1.8645123156044061,1,L2
efa7a0893492745,0,-1.293974568191333,1.9037613584557227,1,L2
efaea9d26730376,1,3.884547371048896,1.6403202188556771,0,ADS
efbe2046c0d5dea,0,-2.249170403922303,0.8535854047382427,1,L2
efd2f737fa169f8,1,3.0991584400518475,2.1634718859368967,0,ADS
efd5a15b7a1f5a1,1,-0.5151023188344787,1.7407387963176106,1,L2
efdb9800e4febb9,0,-3.209992223262433,1.1028571125253983,1,L2
f00785b18231751,0,-0.830328742673625,1.899247653903437,1,L2
f00c4a40bea0a33,1,-0.04951816364509484,-3.7120650970634728,1,L2
f01a80e6bb1f437,0,-3.322720613448122,0.298946331592226,1,L2
f0252c0264b68ef,0,2.5889055285980436,1.7059659092605208,1,ADS
f029f2d76455525,0,0.17332027122135799,-4.00129369568982,1,L2
f03811a5fa03016,0,0.1829222146101758,1.774128053683617,1,L2
f03e00708d24ea5,0,-0.021462126790312036,1.8807516381306335,1,L2
f041208dd66032b,0,-2.958410548133981,1.0769484600252242,1,L2
f051b25cda689f2,1,0.9136687709611041,-3.6343902246749633,1,L2
f051ff34dee722a,1,3.774614502907132,1.6566282645132901,0,ADS
f055ebc4395a187,0,2.333590188921538,1.4590348302919165,0,ADS
f0565ea7fcd398a,1,3.778904960648766,1.7218156974464023,0,ADS
f064c116d4f4a08,0,-0.8986399897012354,1.8716968014344735,1,L2
f076b0802eed284,0,-3.5465037634017023,0.31049058169702887,1,L2
f07c6e04be2dc5f,0,-2.61169687443868,-5.1665189973876755,1,L2
f08de1c32b25d04,0,-2.734416666348708,-5.160188279588268,1,L2
f094c379022a57b,1,3.594734826364805,1.8011658929635925,0,ADS
f09bd29db509674,1,-2.144393578624104,1.3348053677441556,0,L2
f0a33666b249515,1,-0.85187329040575,1.8038201259315254,1,L2
f0ae0f1d67d9a27,0,1.5607891501452291,2.061278328734517,0,ADS
f0b79a05106b90e,0,-0.9106146096548364,1.8970820105963302,1,L2
f0c6869dc89207d,0,-1.7853021817115577,-4.907727261338581,1,L2
f0db79f526667dc,0,-2.9253842599011968,0.5843042236247276,1,L2
f0f2c4070b02a6f,0,-2.7127602324822324,-5.161305465082281,1,L2
f0f4e41a385cf83,0,-3.2465661386286744,1.0283500837718265,1,L2
f0f6af394e1e0df,0,-0.9771511706052698,1.4749800034554612,1,L2
f0fe9d6fed93696,0,-0.1250386438373791,1.8403864135616537,1,L2
f110e2392e5e442,1,3.683462119532881,1.7087513311035587,1,ADS
f115f56ccbe3776,0,-0.7578388971238348,2.2013633283461376,1,L2
f122c32354332e4,0,-3.2300381471607302,0.7416273949231277,1,L2
f13094149ab8ab4,0,-2.86038890761637,-4.420357462797876,1,L2
f13238029214383,0,-1.6091650421243096,0.819093703451212,1,L2
f151a7b6709a3d0,0,-0.647538052503788,1.3882222891079885,1,L2
f17a40002756ada,0,-1.0331534932894646,1.854999713247598,1,L2
f1abee80f02591e,0,-1.7102284001678625,0.824307235756607,1,L2
f1aff313f9385a8,1,3.5453171628428417,1.7980980203349914,1,ADS
f1baa2ab064373d,1,-0.9412464956743061,-4.066788357931429,1,L2
f1cfe336ab9946d,1,4.486087755635787,-3.6909635641455045,1,ADS
f1da35bb5b83bb0,0,-2.4817582712398263,-5.173222110351754,1,L2
f1e1c14b07f4e55,0,-0.7348499797195167,1.9337232835185996,1,L2
f1ec18cb75ea63a,1,3.479043580918232,1.7136966175459858,0,ADS
f1f2a0e533ba2ed,0,-3.2928495145055923,-3.7387272400357054,1,L2
f1f769709b16a09,1,3.5981036210110866,1.7848324691335276,0,ADS
f2115d84fedd8fe,0,-2.618915685727505,-5.166146602223004,1,L2
f22b28a692883a0,1,4.25756967416128,-4.100181755766301,0,ADS
f23075bf3ae4c1d,1,2.4502415440037484,1.7369558446437479,1,ADS
f23a6e25a67b19d,1,3.710499937734775,1.980537165211212,0,ADS
f24c75a9830cf37,0,-0.8995116233714682,1.3744571647275559,1,L2
f24f67ac77d6dae,0,-2.3642617559455354,0.961236804154307,1,L2
f255676f86827ca,0,-3.0851047493179498,1.2928630075033305,1,L2
f272eba5da04cc5,0,-2.4135494956710417,1.3502636074964898,1,L2
f27767e2f6fb2d3,0,-2.4915617527009837,-4.572355352885677,1,L2
f2792c77e77c962,0,3.3756441243348148,1.8279488247171676,0,ADS
f281769e4f9cdd6,0,-1.7204751189323204,-4.30735960910804,1,L2
f285742e6381c0f,1,3.830643179566085,1.8654931943889,0,ADS
f28c3fe08136617,1,2.5536591946439557,1.9108748236061575,1,ADS
f29c87eb6a86904,0,-4.165857787200494,0.752810605171828,1,L2
f2a20666d5c8db3,0,-0.7847564248105028,1.4193465771349678,1,L2
f2adf333774e8a2,1,1.2555741289004232,-3.899257344497009,1,L2
f2c094c8182c9f2,1,-0.3916683716781982,1.2780837236065659,1,L2
f2d7f1223fe613e,1,-0.3361408120774804,-4.114174075849328,1,L2
f2e0606b20a817f,1,4.454699351476973,-3.735052740361195,1,ADS
f2f89e362f89b55,0,-0.9045896173315113,1.2778989840207338,1,L2
f30598e0ac1d25a,0,-3.366033481181072,0.30118070258025237,1,L2
f319999233e20bd,1,1.0943052927634456,-3.7981908318235975,1,L2
f31d8764389d7db,0,-0.6115508669220348,1.6635502401003615,1,L2
f3229844cd19940,0,-0.8647885829183706,1.9404263964826787,1,L2
f3245ceb593b999,0,-0.33751525501371465,1.83161294241064,0,L2
f32ca2070e13d04,0,-3.6673085155365306,1.23212403103508,1,L2
f33492b4c98bb33,0,2.7985858128417176,1.9554212679243521,0,ADS
f33dc91f5c1350d,0,-2.5034147051063016,-5.1721049248577415,1,L2
f3409635e47bcff,0,-0.13388196881999245,1.7972714505453733,1,L2
f3447bc156fea89,0,-3.322720613448122,0.298946331592226,1,L2
f34a3693cd38653,0,0.4202034832497038,1.5838362153849797,1,L2
f3593eb7f389b3f,1,3.8793361593541884,1.7430809163193663,0,ADS
f3693ea3bd83276,0,-1.5679003016606463,-4.162715025105323,1,L2
f38b77c4839ff34,0,-2.8387324737498947,-4.421474648291889,1,L2
f38cdb44c4b243a,0,-1.1081131631699315,1.8192650671995712,1,L2
f3a47e6d37a70d2,0,-3.991223405607608,1.4456424490443298,1,L2
f3a49aef616d2a9,0,-3.3588146698922476,0.3008083074155811,1,L2
f3be331dac590fb,0,-3.103920288190731,1.1032788761416419,1,L2
f3c82301c7d4d32,0,-2.5972592518610296,-5.167263787717018,1,L2
f3e5d2d35b79a77,1,2.365285822683347,1.4818233677422643,0,ADS
f3f7d49a496c366,0,2.991052857754964,1.7469140031811716,1,ADS
f401d574a66f68f,0,-2.9253842599011968,0.5843042236247276,1,L2
f418bc9fbd99eee,0,-3.4237839714916736,0.3041598638976208,1,L2
f41f1630738f1f1,1,3.178588498207435,-3.5672958355658153,0,ADS
f423f59614d8fee,1,3.414170586144606,-4.188433478341952,1,ADS
f42a0de8300f52e,1,1.9354731620937733,1.5470428858827723,0,ADS
f452d1b991ce56f,0,-3.3155018021592966,0.29857393642755475,1,L2
f4620abf7e65afd,0,2.3497060873419566,1.8322682163351114,0,ADS
f4a8cdbd01e2ca1,0,-0.8466259776818239,1.5618581053730776,1,L2
f4b1381f000d682,0,-3.0495678649400997,0.732317515806351,1,L2
f4b402d882467ef,0,0.4243193800845409,-3.8186728712897366,1,L2
f4b60326d9f0521,0,-3.5858502692034597,1.0458526565113664,1,L2
f4c74c5f46b77e2,1,3.809821600277195,1.7445433309746847,0,ADS
f4d487ba374fe26,1,2.562624117948268,1.4121319302963953,0,ADS
f4dc06a171aeed2,0,-2.828261213103436,-5.155347142447543,1,L2
f4e66fc9d21a5b9,0,1.3193781608113475,1.6965730321961998,1,ADS
f4f27c5638aca9e,1,2.7221811558501123,1.6921954668603623,0,ADS
f4fb046183441b0,0,-4.165857787200494,0.752810605171828,1,L2
f50874c1cccc440,0,-3.2390455946783114,1.3338173146965653,1,L2
f51452bbc933808,0,-3.6186918762899545,0.31421453334373955,1,L2
f51c99d483dff4c,1,-2.4051126343957727,1.1769558751439821,1,L2
f52aa20067618fb,1,-1.771419766014819,1.646303926672492,1,L2
f52b37f18c501f5,1,4.566190305493639,-3.766845984040896,1,ADS
f5343b2a2c58c2b,1,3.924490786999476,1.593561770462424,1,ADS
f5399b04ffda41f,1,3.7152831647659386,1.5874773491719696,0,ADS
f53c6133138c165,1,3.8230542874003843,1.2346526134394356,1,ADS
f53d5bab3d70bf4,1,3.8793361593541884,1.7430809163193663,1,ADS
f54df4d20d34fd6,1,3.506430693222665,1.6780238546700799,0,ADS
f5572d3137450d7,1,2.7167496151352304,1.3983541092168357,0,ADS
f55fb6e48522863,1,3.2196272302656,1.8565567514328896,0,ADS
f569d4f9a3d9b18,1,2.9390417745617943,1.7875106964546124,0,ADS
f58278190b8c12a,0,-2.410004203098423,-3.5659806390682522,1,L2
f588d60f31452e1,0,-3.669223555311731,0.31682129949643695,1,L2
f58d325bece78b3,1,3.225215026551971,-4.136926282830747,0,ADS
f598c388a4187ea,0,0.22223675222398245,-3.6799167676522297,1,L2
f5a328bf18fba9b,1,3.8695784747319846,1.490864922247146,0,ADS
f5ae0620dc7354f,1,1.846990159013499,2.638249692535995,0,ADS
f5c0c24f9798703,0,-0.8214757151854193,1.9381920254946523,1,L2
f5d8d03a92c3466,0,-3.125687147073232,0.6990935116231736,1,L2
f5e8e3a508861e0,0,0.6766793515654734,1.581170632017517,1,L2
f5e9cbd9caedfc5,1,3.9100562292579784,1.4734550113251752,0,ADS
f5ef8226f63632b,1,3.4311624128119877,-4.087332594639231,1,ADS
f5f3a134e670e0d,0,-2.0428451288125378,1.585518581451248,1,L2
f5fd54d443a806a,0,3.5074049472158078,-3.5408046390676997,1,ADS
f60a017b3090dc4,0,-3.2156005245830794,0.7408826045937854,1,L2
f615c017d4c3424,1,2.611087489192591,1.4698270994884264,1,ADS
f6223253045ded5,1,4.545368726204749,-3.8877958474551106,1,ADS
f6229ea9faa4204,1,2.4236585772091557,1.9841323309565484,1,ADS
f64123facf1cd4d,1,3.1312610953753555,1.8486547487553127,0,ADS
f645212ba14f9bf,1,3.7673408482078328,1.9345985694074501,0,ADS
f6570b43815ddf0,0,-2.354636924893102,0.8997622457074962,1,L2
f657f0409ac3100,0,-0.3848944512441012,-3.576353481238111,1,L2
f6717c777b1d250,1,3.892139451492006,1.670478614484573,0,ADS
f67979c4cdb10d7,0,0.18623654941599066,-3.95518436318352,0,ADS
f679c76737067e0,0,-2.7632919115040093,-5.158698698929583,1,L2
f68620b65cc51a1,1,4.867159937681167,-4.264425830860951,0,ADS
f6891896f3deeb6,1,3.4858715531619273,-3.5495840318210172,1,ADS
f6954e78e03182a,0,-3.7939437772979745,-4.472287793251941,1,L2
f6c34d57b306684,1,4.481378943636561,-4.054432329620327,0,ADS
f6c690a2cf3e216,0,-1.7001431062294436,1.5612893698339618,1,L2
f6c932890dbe956,0,-2.1404525498218696,1.482653325995184,1,L2
f6da13c63c665a6,0,-2.384674250515741,1.3487740268378055,1,L2
f6de4eae2f1319d,1,4.601904853559776,-3.7643821713965107,0,ADS
f700288ccb3ad35,1,3.794953073549547,1.6769580874238585,1,ADS
f707b183cb045db,0,-0.49972377156840153,-3.96508403176099,1,L2
f715dfdc1dbf222,0,-3.8685036136975794,1.4393117312449217,1,L2
f72001a87258c7e,1,3.5789638654088853,1.516891500239746,0,ADS
f73e7dccf40f38d,0,1.8329934173628666,1.6397142391506532,0,ADS
f73ff5f1775ce5a,0,-1.9441268327135575,1.6173584325297643,1,L2
f74a055fc8d39ca,0,-2.2814006582115125,1.337552803446101,1,L2
f74e21010620462,0,-3.359976750359584,0.7483305078872068,1,L2
f76f598e5f5f3af,0,2.312234584715098,2.004100688355315,0,ADS
f76fac43be95392,0,-2.6256049393930727,0.5299749595159238,1,L2
f7733ca07456cea,1,-3.1659229527825428,1.2343119804594533,1,L2
f77bbcf2d392fac,0,-0.9106146096548364,1.8970820105963302,1,L2
f7a0ddbfdeb6188,0,1.2789322461300343,1.5330507392283443,0,ADS
f7ab315b25da243,0,-3.1722876568501284,0.738648233605759,1,L2
f7ae98bd348c81e,0,-3.161889165542489,1.4570786504499142,1,L2
f7c0fa588971e0d,0,0.5889860302381916,-3.9273453726839906,0,ADS
f7cf904127f755d,1,3.847947755195374,1.6989917401036758,0,ADS
f7fc9fc0899a229,1,0.23234488717108914,-3.6292927858298927,1,L2
f802f62cd29d5f7,1,1.4597719459396343,-3.946706491754507,1,L2
f82bda5d6e11582,0,-1.6910832190224638,1.6350539058035547,1,L2
f83f7c37e14f52b,1,3.6704836878109144,1.8336274218174766,0,ADS
f846a6ef8254ef7,1,3.198410927841105,2.104658051936358,0,ADS
f854b00656fd5cc,0,-3.861284802408754,1.4389393360802507,1,L2
f8574b2b4cf0a32,0,-3.8468471798311037,1.4381945457509087,1,L2
f85e5620c2b93d8,0,-2.6044780631498545,-5.166891392552347,1,L2
f868890e4cda7fe,1,3.827126175906484,1.5780418766894606,1,ADS
f868e3683212511,1,3.835778463721128,1.4947911495468487,0,ADS
f88817d67c48f6b,0,-1.79848395568962,1.5722803358447233,0,L2
f89464c14a7e660,0,-2.9253842599011968,0.5843042236247276,1,L2
f89783fa0a0903f,0,-2.864355269547562,-5.153485166624188,1,L2
f8ac25e98e1379a,0,-3.4237839714916736,0.3041598638976208,1,L2
f8b63962464df67,0,4.160480436489328,-3.8267667525168387,0,ADS
f8ca086cbf98d46,0,-3.748630479488808,0.32091764630781866,1,L2
f8d731799928e9f,1,-0.8435966461762809,1.7788721487109478,1,L2
f8df332c8a22bd8,0,-3.085804160204416,1.3378987003422855,1,L2
f8e33ead61bd6c0,1,3.158677149674972,1.7230338677120525,0,ADS
f8f8385729a3819,1,2.928105146609857,1.8921806822424132,0,ADS
f9037f784500b95,1,0.14637193703980414,-3.967350043395815,1,L2
f903f611eabcd37,0,-3.338320316493108,0.7472133223931935,1,L2
f90c1db7893a4db,1,3.109984169886869,1.845446145781586,0,ADS
f9157c5d45140f4,0,-1.8559850934528628,1.630097952512557,1,L2
f91f501cceb2bff,1,4.402926804188126,-3.982244577024733,1,ADS
f948905f2385492,1,4.368143302053727,-3.893878483404415,0,ADS
f94f2001ca04639,1,-1.9192238321011974,1.5289912887115564,1,L2
f954a67865eecaa,1,4.542928666108845,-3.736902159949267,1,ADS
f95b4d1b403e689,1,2.928942716972115,1.7888837483031441,0,ADS
f95e95e04341298,0,-0.48300226046183176,1.3994010361499658,0,L2
f96aa95fcd96be5,1,3.0112397955482324,1.7891554023387564,0,ADS
f976fa0a6769f43,1,3.834762685746782,1.7255158663225914,0,ADS
f97dd2677bb2b60,1,3.8556193145438145,-3.6507458901114913,0,ADS
f98ea3bf322c0ff,0,-0.7340757007049757,-3.95017511573529,1,L2
f9978aff6461f6f,0,-1.035666652292979,1.809420956373223,1,L2
f99fa6b678a0254,0,-2.3474181136042764,0.8993898505428252,1,L2
f9a3b48f77fe995,0,-2.9437621937246408,-5.149388819812807,1,L2
f9a556959b284d5,0,-1.6741343437237364,0.8224452599332517,1,L2
f9a6ac4388708a4,0,-3.2171256740643512,0.6428324854817573,1,L2
f9aa6814a8a22df,1,2.6611366402429675,1.5052147773306133,0,ADS
f9ac60f561cdde2,0,-1.9200643790834735,1.555139083753611,1,L2
f9b9d257da1c7b1,0,-1.991425490184835,1.4489518949898221,1,L2
f9ce00c7d13ada9,1,3.372574396489662,1.632078424570371,0,ADS
f9d5189db0a4978,1,3.9139373447688914,1.5083280738745,0,ADS
f9e1838d2821741,0,-1.9353920176299402,1.6341942993239387,1,L2
f9e9b87d440f746,1,3.867649876526418,1.639500366266186,0,ADS
f9f2c224be8a261,1,2.674676944447786,1.410007845001566,0,ADS
f9f9d87c9476c1a,0,-2.6838849873269317,-5.162795045740965,1,L2
fa006b887a507a5,0,0.010408203303501559,-3.871738360144359,1,L2
fa0b8153dd7383c,0,-0.39897239818859415,1.3246720841712143,1,L2
fa0b9ec0d310ffb,0,-1.9791756988436644,1.4991010512049354,1,L2
fa12f323cc031d6,0,-0.9557077226675541,-3.659141339066378,1,L2
fa194d70fbd9972,1,3.7764974931521667,1.6916234328564543,0,ADS
fa32834b311d779,1,3.7197006033892532,1.5830222152871725,0,ADS
fa3e81cf4dec04e,1,4.67466064713652,-4.147564888702837,0,ADS
fa508bba5e0241b,0,-0.4441746597208695,1.5623761386562383,1,L2
fa6f0b9dcf1eda3,1,2.9054732982018314,1.877205054242838,0,ADS
fa872bc0a5be40f,1,3.7023047330439725,1.7123534398858875,0,ADS
fa8eb0357a82255,1,3.7678452053375224,1.7748741599990665,1,ADS
fa9251e74622ecb,0,-1.7583562410051554,1.2254696300117998,1,L2
faa92eb82158909,0,-3.741411668199983,0.3205452511431474,1,L2
fad7a8b5823c7b8,0,-2.1953721028179918,-4.938444167628094,1,L2
faea5d06090201b,0,-2.6044780631498545,-5.166891392552347,1,L2
faf7e465c02fa73,1,-1.7742217467345518,1.6466059848132575,1,L2
fafbadbfaa69a69,1,4.713892198862258,-3.8576497583590132,0,ADS
faffa0b6f6edeb6,0,-0.47333611594564645,1.7780642418330843,1,L2
fb0eb70a2bb73a6,0,0.37783011940845634,1.7640733842374985,1,L2
fb21c8dbc9a660d,1,3.0894331328279527,2.1820300524904326,0,ADS
fb2544818a66537,1,2.6724072213040486,1.2930697293944065,0,ADS
fb2bed70b257f39,0,-3.2083817132942545,0.7405102094291144,1,L2
fb2bf03e843c5ef,0,-2.2233154110331683,1.5948284605680245,1,L2
fb2c80a503c061d,1,-0.8344025966531821,1.4433273995173814,1,L2
fb301554dcdedb3,0,-3.0017234158669317,1.0791828310132505,1,L2
fb4ea910520b2d9,1,4.30905632932557,-3.7216910405789836,1,ADS
fb538e019210fa3,0,-3.322720613448122,0.298946331592226,1,L2
fb7c3ec7e4513d8,0,-2.7127602324822324,-5.161305465082281,1,L2
fb946bdabf49687,1,1.4593946015933053,1.6247330363419903,0,ADS
fbb0b4e7ac9e1d9,1,4.45037320756965,-3.6934273767898893,0,ADS
fbc024b48e3512d,0,-1.7075343336897506,-4.120837017405049,1,L2
fbd141f7a5bdbb3,0,-2.319704948916314,1.345422470355766,1,L2
fbd3aaf3ba0e312,1,2.6214954492950207,1.741766603168236,0,ADS
fbd559f89d3323e,0,-2.3102759033668137,1.3390423841047854,1,L2
fbdbd5db2c5ef0a,0,-2.546727572839253,-5.169870553869715,1,L2
fbdc37bae192753,0,-1.1566393412409495,1.5877136314209752,1,L2
fbe6478d5c0c171,1,3.8577054398175776,1.9512077341758964,0,ADS
fbeb84b33d5532b,0,-3.262952523586042,1.462292182755309,1,L2
fc05e9c78c43b3d,0,-2.7705107227928343,-5.1583263037649125,1,L2
fc07e1236c3e5d3,1,2.964281621453077,1.849650310869563,1,ADS
fc0ce22394303ee,0,-2.2112927526804143,-4.3903788447780325,0,L2
fc3846e1d9236f3,0,-0.2813300455505861,-3.658278743594702,1,L2
fc3f6183eff4d86,0,-1.9236261523626101,1.4912050128877137,1,L2
fc6663cf20b3260,0,-3.3299394247369465,0.299318726756897,1,L2
fc6ff844b94f122,1,4.653029927599908,-3.939438070846307,1,ADS
fc7eec2d8b4d9a8,1,2.331680652049755,-3.8017206820766165,1,ADS
fc91b1d99e67db9,0,-1.5038595733619444,-3.908496480466444,1,L2
fcb161eb05b3dca,0,-3.322720613448122,0.298946331592226,1,L2
fcb6e958bf26981,0,-4.3607656919987745,0.7628652746179467,1,L2
fcb91cd54806278,0,-2.5591696607438164,0.9712914736004256,1,L2
fcbf7f3b607c02b,1,3.006142558210297,1.9687425141303656,0,ADS
fcc4271cfaaed9a,0,-0.6883377612332252,1.4360354169703897,1,L2
fcca00e7f30e6ce,0,-3.4581951852520656,1.2120920337621357,1,L2
fcceb6e7fd1f8d0,0,-3.039430845513419,1.0235583150826757,1,L2
fcd366a5f59f9d9,0,-3.4842216917508835,0.6566111065745868,1,L2
fce5563a6bf0b5e,0,-3.853994440683331,0.6181167682188808,1,L2
fceacfe6e4d9d1c,0,-3.036824896565965,1.2537566625374288,1,L2
fd06c3ae588ed0d,1,-0.4573933017553062,1.1653628917647778,1,L2
fd1b27730ca7ee1,0,-2.1187389795020817,1.6413135312807279,1,L2
fd2808a42e30ceb,1,3.754866773615556,1.8997502507129844,0,ADS
fd33b37b7e1cb0f,1,3.76214885946583,1.4638791952883363,1,ADS
fd409bce4522b88,1,2.28316850875689,-3.8802362230954066,1,ADS
fd4169ff9deb5d1,0,-1.630921911628545,-4.26572166264783,1,L2
fd462c604311b17,1,4.583288243396303,-4.031699402821122,0,ADS
fd63b45b89e60d1,1,3.8801239511186947,1.6743486849606517,0,ADS
fd82ce347e5535b,0,-2.1439084868560907,1.5907321137566428,1,L2
fd92b0f3985c4b4,1,4.597578709652454,-3.7227568078252053,1,ADS
fd9c83ee91a9042,0,-2.5367305307719725,1.011717085204115,1,L2
fda383c29b4eb58,0,-3.479778334131757,1.0462744201276104,1,L2
fda3ff4121e0be7,0,-1.9611254205466333,1.5938730335548417,1,L2
fda83a1431231c5,0,-2.0067510723684117,1.5836566056278927,1,L2
fdbe2fe03e28cce,0,-3.1469241513878976,0.5442559749931027,1,L2
fdceba88754ba36,1,3.131841810840666,1.7764804194538364,0,ADS
fde7a6f2f67092e,1,2.7611164510160116,1.3175671947186083,0,ADS
fdeea2db5165786,0,-2.9102848888758133,1.1354438571546666,1,L2
fdef87fd085685c,0,-3.322720613448122,0.298946331592226,1,L2
fdf5dff21c3b9d1,1,2.5464403833551303,1.9112472187708285,1,ADS
fdf7cea0641af7a,1,3.9740189290273813,1.8163147836420883,0,ADS
fdfb4492e094763,0,-0.8284499624545343,1.4144672766012014,0,L2
fe051bc946e7741,1,3.9387494093576536,1.737352544877073,0,ADS
fe0fd9933f671b3,1,3.3823247211366825,-3.9739769719763287,0,ADS
fe1703e2c778a2a,1,3.792333870828329,-3.6863781433733664,1,ADS
fe1e8c9e04546cb,0,-3.5898166311346533,0.31272495268505524,1,L2
fe2041afd055599,1,-1.0424907309265135,1.0966717306129181,1,L2
fe2407fd3ee875d,1,4.545368726204749,-3.8877958474551106,1,ADS
fe2fc458d749c2d,1,-1.4093891466829462,-3.542518258075154,1,L2
fe37ae63b23aa68,0,-1.2851138538696139,1.922708549277714,1,L2
fe3cdeb659a12c6,0,-3.4526592166469743,0.3056494445563051,1,L2
fe401a0077fd15d,1,3.7678452053375224,1.7748741599990665,1,ADS
fe63eedaba9ae4b,1,4.561864161586317,-3.7252206204695892,0,ADS
fe7397555a27f7e,0,-2.7376691157063413,-4.426688180597284,1,L2
fe761d5cc9ce585,0,-1.04929910110199,1.9715216721257092,1,L2
fe81c0d7d986184,1,0.21487546022637072,1.7024826203412284,1,L2
fe930c19e478e34,0,-3.6085654494808366,1.4018567254185346,1,L2
fe972d0186a8be5,0,-3.0557668345817777,0.8888869192119764,1,L2
fe9c3f8e42bc643,1,3.032079929876495,1.9308476027561643,1,ADS
fea63b8a53ec793,1,3.8151848973879625,-3.5586499837975967,1,ADS
fea7e0ad7519a39,1,2.6366470652773795,1.4742365291122264,1,ADS
fedae81e127458a,0,-3.491512053476307,1.477433674435957,1,L2
fee4741c2a23928,0,-4.3607656919987745,0.7628652746179467,1,L2
fee5201a113cebe,1,1.893593770886641,1.4663989248928577,0,ADS
ff04499cc6315c0,1,-0.220863830723203,-4.052826159365353,1,L2
ff1071262c08973,0,-1.100268019201975,-4.635944560917899,1,L2
ff135c51a84aa8d,0,-3.6259106875787794,0.3145869285084106,1,L2
ff1a507d0b6117d,0,0.5410857587712342,-3.7676840514948844,1,L2
ff1fb0799a4f9e8,1,2.7117458918359305,1.88357185616452,0,ADS
ff4b2addf99ef23,0,-2.2697767519056296,1.6016576728238656,1,L2
ff585b9292bca1c,0,-2.551041667026464,1.097084297185948,1,L2
ff6aa67d1a305a2,0,-2.5221854703173343,0.5647707093781711,1,L2
ff875c233d0a732,1,0.21539410558992456,-3.6741267523749244,1,L2
ffa7fe31f8c8d1a,1,3.5892032423088853,-3.759742945012581,0,ADS
ffaee496513b6b3,0,-2.0441018645822258,1.7223663485383316,1,L2
ffb0b4a124f0450,0,-3.5970354424234787,0.31309734784972626,1,L2
ffc0176dfa7fa44,0,-1.2846934924687536,1.2612088383987672,1,L2
ffd4525ad4b2419,0,2.4876542197053535,-4.13878266049755,0,ADS
ffd4d1aeb85b487,0,-1.7853021817115577,-4.907727261338581,1,L2
ffe0fbae98334b9,0,-2.0654334996191386,-4.945147280592173,1,L2
ffe24b5d8c95415,1,-1.0206534198513832,-4.062692011120047,1,L2
