incident_key,Report ID,Report Version,Reporting Entity,Report Type,Report Month,Report Year,Report Submission Date,VIN,VIN Decoded,Serial Number,Make,Make - Unknown,Model,Model - Unknown,Model Year,Model Year - Unknown,Same Vehicle ID,Driver / Operator Type,Automation Feature Version,Automation Feature Version CBI,Automation System Engaged?,Engagement Status,Operating Entity,Operating Entity - Unknown,Source - Complaint/Claim,Source - Telematics,Source - Law Enforcement,Source - Field Report,Source - Testing,Source - Media,Source - Internal Process Review,Source - NHTSA VOQ,Source - Other - See Narrative,Source - Other Entity,Source - State or Other Agency,Incident Date,Incident Date - Unknown,Incident Time (24:00),Incident Time - Unknown,Same Incident ID,Latitude,Latitude - Unknown,Longitude,Longitude - Unknown,Address,Address - Unknown,City,City - Unknown,State,Zip Code,Zip Code - Unknown,Roadway Type,Roadway-Degraded Surface,Roadway-Missing/Degraded Marking,Roadway-No Unusual Conditions,Roadway-Other-See Narrative,Roadway-Traffic Incident,Roadway-Unknown,Roadway-Wet Surface Condition,Roadway-Work Zone,Weather - Clear,Weather - Snow,Weather - Cloudy,Weather - Partly Cloudy,Weather - Fog/Smoke/Haze,Weather - Rain,Weather - Severe Wind,Weather - Dust Storm,Weather - Severe Hurricane,Weather - Structure-Indoor,Weather - Unk - See Narrative,Crash With,Highest Injury Severity Alleged,CP Pre-Crash Movement,CP Contact Area - Rear Left,CP Contact Area - Left,CP Contact Area - Front Left,CP Contact Area - Rear,CP Contact Area - Top,CP Contact Area - Front,CP Contact Area - Rear Right,CP Contact Area - Right,CP Contact Area - Front Right,CP Contact Area - Bottom,CP Contact Area - Unknown,SV Pre-Crash Movement,Any Air Bags Deployed?,Was Any Vehicle Towed?,Were All Passengers Belted?,SV Precrash Speed (MPH),SV Pre-crash Speed - Unknown,SV Contact Area - Rear Left,SV Contact Area - Left,SV Contact Area - Front Left,SV Contact Area - Rear,SV Contact Area - Top,SV Contact Area - Front,SV Contact Area - Rear Right,SV Contact Area - Right,SV Contact Area - Front Right,SV Contact Area - Bottom,SV Contact Area - Unknown,Data Availability - EDR,Data Availability - Police Rpt,Data Availability - Telematics,Data Availability - Complaints,Data Availability - Video,Data Availability - Other,Data Availability - No Data,Data Availability - Unknown,Investigating Agency,Investigating Agency - Unknown,Within ODD?,Within ODD? - CBI,Narrative,Narrative - CBI?,automation_level,era,Mileage,Mileage - Unknown,ADAS/ADS System Version,ADAS/ADS System Version - Unk,ADAS/ADS System Version CBI,ADAS/ADS Hardware Version,ADAS/ADS Hardware Version - Unk,ADAS/ADS Hardware Version CBI,ADAS/ADS Software Version,ADAS/ADS Software Version - Unk,ADAS/ADS Software Version CBI,Other Reporting Entities?,Other Reporting Entities? - Unk,Other Reporting Entities? - NA,Federal Regulatory Exemption?,Other Federal Reg. Exemption,Federal Reg. Exemption - Unk,Federal Reg. Exemption - No,State or Local Permit?,State or Local Permit,ADS Equipped?,Source - Other,Source - Other Text,Notice Received Date,Roadway Surface,Roadway Description,Posted Speed Limit (MPH),Posted Speed Limit - Unknown,Lighting,Weather - Other,Weather - Other Text,Property Damage?,CP Any Air Bags Deployed?,CP Was Vehicle Towed?,Law Enforcement Investigating?,Rep Ent Or Mfr Investigating?,Investigating Officer Name,Inv. Officer Name - Unknown,Investigating Officer Phone,Inv. Officer Phone - Unknown,Investigating Officer Email,Inv. Officer Email - Unknown,injury_rank,airbag_flag,towed_flag,injury_flag,severe,severity_known,Report Month__is_missing,Report Year__is_missing,VIN Decoded__is_missing,Make - Unknown__is_missing,Model__is_missing,Model Year__is_missing,Driver / Operator Type__is_missing,Automation Feature Version__is_missing,Automation Feature Version CBI__is_missing,Engagement Status__is_missing,Operating Entity__is_missing,Source - Internal Process Review__is_missing,Source - NHTSA VOQ__is_missing,Source - Other - See Narrative__is_missing,Source - Other Entity__is_missing,Source - State or Other Agency__is_missing,Incident Date__is_missing,Incident Time (24:00)__is_missing,Latitude__is_missing,Longitude__is_missing,City__is_missing,State__is_missing,Zip Code__is_missing,Roadway-Degraded Surface__is_missing,Roadway-Missing/Degraded Marking__is_missing,Roadway-No Unusual Conditions__is_missing,Roadway-Other-See Narrative__is_missing,Roadway-Traffic Incident__is_missing,Roadway-Unknown__is_missing,Roadway-Wet Surface Condition__is_missing,Roadway-Work Zone__is_missing,Weather - Partly Cloudy__is_missing,Weather - Dust Storm__is_missing,Weather - Severe Hurricane__is_missing,Weather - Structure-Indoor__is_missing,CP Pre-Crash Movement__is_missing,CP Contact Area - Rear Left__is_missing,CP Contact Area - Left__is_missing,CP Contact Area - Front Left__is_missing,CP Contact Area - Rear__is_missing,CP Contact Area - Top__is_missing,CP Contact Area - Front__is_missing,CP Contact Area - Rear Right__is_missing,CP Contact Area - Right__is_missing,CP Contact Area - Front Right__is_missing,CP Contact Area - Bottom__is_missing,CP Contact Area - Unknown__is_missing,SV Precrash Speed (MPH)__is_missing,Investigating Agency__is_missing,Within ODD?__is_missing,Mileage__is_missing,Mileage - Unknown__is_missing,ADAS/ADS System Version__is_missing,ADAS/ADS System Version - Unk__is_missing,ADAS/ADS System Version CBI__is_missing,ADAS/ADS Hardware Version__is_missing,ADAS/ADS Hardware Version - Unk__is_missing,ADAS/ADS Hardware Version CBI__is_missing,ADAS/ADS Software Version__is_missing,ADAS/ADS Software Version - Unk__is_missing,ADAS/ADS Software Version CBI__is_missing,Other Reporting Entities?__is_missing,Other Reporting Entities? - Unk__is_missing,Other Reporting Entities? - NA__is_missing,Federal Regulatory Exemption?__is_missing,Other Federal Reg. Exemption__is_missing,Federal Reg. Exemption - Unk__is_missing,Federal Reg. Exemption - No__is_missing,State or Local Permit?__is_missing,State or Local Permit__is_missing,ADS Equipped?__is_missing,Source - Other__is_missing,Source - Other Text__is_missing,Notice Received Date__is_missing,Roadway Surface__is_missing,Roadway Description__is_missing,Posted Speed Limit (MPH)__is_missing,Posted Speed Limit - Unknown__is_missing,Lighting__is_missing,Weather - Other__is_missing,Weather - Other Text__is_missing,Property Damage?__is_missing,CP Any Air Bags Deployed?__is_missing,CP Was Vehicle Towed?__is_missing,Law Enforcement Investigating?__is_missing,Rep Ent Or Mfr Investigating?__is_missing,Inv. Officer Name - Unknown__is_missing,Inv. Officer Phone - Unknown__is_missing,Inv. Officer Email - Unknown__is_missing,y_pred_tuned,y_prob_tuned
015a78523465889,30270-13079,1,Waymo LLC,5-Day,7.0,2024.0,NOV-2025,SADHW2S18R1,Y,[MAY CONTAIN PERSONALLY IDENTIFIABLE INFORMATION],JAGUAR, ,I-PACE, ,2024.0, ,4eac2ea7846f880,Unknown,"5th Generation ADS, Version 10", ,ADS,Verified Engaged,Waymo LLC, , ,Y, , , , , , , , , ,NOV-2025, ,04:20, ,015a78523465889,[MAY CONTAIN PERSONALLY IDENTIFIABLE INFORMATION], ,[MAY CONTAIN PERSONALLY IDENTIFIABLE INFORMATION], ,[MAY CONTAIN PERSONALLY IDENTIFIABLE INFORMATION], ,Los Angeles, ,CA,[MAY CONTAIN PERSONALLY IDENTIFIABLE INFORMATION], ,Intersection, , ,Y, , , , , ,Y, , , , , , , , , , ,Passenger Car,Property Damage. No Injured Reported,Proceeding Straight, , , , , , , , ,Y, , ,Stopped,"No Subject Vehicle, No Crash Partner","Yes Subject Vehicle, No Crash Partner",Subject Vehicle - No Passenger In Vehicle,0.0, , , , , , , ,Y, , , , , , ,Y, ,Y, , , ,Unknown, ,Yes, ,"On November 8, 2025 at 4:20 AM PT a Waymo Autonomous Vehicle (""Waymo AV"") operating in Los Angeles, California was in a collision involving a passenger car on Maple Avenue at 7th Street. 
The Waymo AV was traveling northeastbound on Maple Avenue when it proceeded to enter the intersection with 7th Street on a yellow light. As the Waymo AV was approaching the intersection, a bus was completing a left turn from southwestbound Maple Avenue onto southeastbound 7th Street in front of the AV. As the AV entered the intersection and the bus completed its turn, a cyclist traveling northwestbound on 7th Street entered the intersection against a red light and emerged from behind the bus, crossing in front of the Waymo AV. The Waymo AV braked and came to a stop within the intersection to yield to the cyclist, and a passenger car that was traveling northeastbound on Maple Street behind the Waymo AV approached the Waymo AV from behind and the front of the passenger car made contact with the rear of the stationary Waymo AV. At the time of the impact, the Waymo AV's Level 4 ADS was engaged in autonomous mode. Both vehicles sustained damage.

Waymo is reporting this crash under Request No. 1 of Standing General Order 2021-01 because a vehicle involved was towed away. Waymo may supplement or correct its reporting with additional information as it may become available.", ,ADS,current,26669.5,Unknown,Unknown,Unknown,Unknown,Unknown,Unknown,Unknown,Unknown,Unknown,Unknown,Unknown,Unknown,Unknown,Unknown,Unknown,Unknown,Unknown,Unknown,Unknown,Unknown,Unknown,Unknown,Unknown,Unknown,Unknown,45.0,Unknown,Unknown,Unknown,Unknown,Unknown,Unknown,Unknown,Unknown,Unknown,,Unknown,,Unknown,,Unknown,0.0,0.0,1.0,0.0,1,1,1,1,0,0,0,0,1,0,0,0,0,0,0,0,0,0,0,0,0,0,0,0,0,0,0,0,0,0,0,0,0,0,0,0,0,0,0,0,0,0,0,0,0,0,0,0,0,0,1,0,1,1,1,1,1,1,1,1,1,1,1,1,1,1,1,1,1,1,1,1,1,1,1,1,1,1,1,1,1,1,1,1,1,1,1,1,1,1,1,0,0.21677385951928962
0368ea25cf26444,30270-12060,1,Waymo LLC,5-Day,7.0,2024.0,NOV-2025,SADHW2S15R1,Y,[MAY CONTAIN PERSONALLY IDENTIFIABLE INFORMATION],JAGUAR, ,I-PACE, ,2024.0, ,924d835e7fa4380,Unknown,"5th Generation ADS, Version 10", ,ADS,Verified Engaged,Waymo LLC, , ,Y, , , , , , , , , ,NOV-2025, ,22:05, ,0368ea25cf26444,[MAY CONTAIN PERSONALLY IDENTIFIABLE INFORMATION], ,[MAY CONTAIN PERSONALLY IDENTIFIABLE INFORMATION], ,[MAY CONTAIN PERSONALLY IDENTIFIABLE INFORMATION], ,San Francisco, ,CA,[MAY CONTAIN PERSONALLY IDENTIFIABLE INFORMATION], ,Street, , ,Y, , , , , ,Y, , , , , , , , , , ,Passenger Car,Property Damage. No Injured Reported,Backing,Y, , , , , , , , , , ,Stopped,"No Subject Vehicle, No Crash Partner","Yes Subject Vehicle, No Crash Partner",Subject Vehicle - No Passenger In Vehicle,0.0, , , , , , , , , ,Y, , , , ,Y, ,Y, , , ,Unknown, ,Yes, ,"On November 1, 2025 at 12:05 PM PT a Waymo Autonomous Vehicle (""Waymo AV"") operating in San Francisco, California was in a collision involving a passenger car on 8th Street near Howard Street. 
The Waymo AV was traveling southeastbound on 8th Street in the designated right turn lane when it slowed to a stop in a queue of traffic for a red light at the intersection with Howard Street. While the Waymo AV was stopped, a passenger car that was stopped directly in front of the Waymo AV reversed, and the rear right side of the passenger car made contact with the front of the Waymo AV. At the time of the impact, the Waymo AV's Level 4 ADS was engaged in autonomous mode. The Waymo AV sustained damage.

Waymo is reporting this crash under Request No. 1 of Standing General Order 2021-01 because a vehicle involved was towed away. Waymo may supplement or correct its reporting with additional information as it may become available.", ,ADS,current,26669.5,Unknown,Unknown,Unknown,Unknown,Unknown,Unknown,Unknown,Unknown,Unknown,Unknown,Unknown,Unknown,Unknown,Unknown,Unknown,Unknown,Unknown,Unknown,Unknown,Unknown,Unknown,Unknown,Unknown,Unknown,Unknown,45.0,Unknown,Unknown,Unknown,Unknown,Unknown,Unknown,Unknown,Unknown,Unknown,,Unknown,,Unknown,,Unknown,0.0,0.0,1.0,0.0,1,1,1,1,0,0,0,0,1,0,0,0,0,0,0,0,0,0,0,0,0,0,0,0,0,0,0,0,0,0,0,0,0,0,0,0,0,0,0,0,0,0,0,0,0,0,0,0,0,0,1,0,1,1,1,1,1,1,1,1,1,1,1,1,1,1,1,1,1,1,1,1,1,1,1,1,1,1,1,1,1,1,1,1,1,1,1,1,1,1,1,0,0.07232181556842728
0444203bbe1ac87,30270-11499,1,Waymo LLC,5-Day,7.0,2024.0,AUG-2025,SADHW2S15M1,Y,,JAGUAR, ,I-PACE, ,2021.0, ,c4c1d30bed93b05,In-Vehicle (Commercial / Test),"5th Generation ADS, Version 10", ,ADS,Verified Not Engaged,Waymo LLC, , ,Y, , , , , , , , , ,AUG-2025, ,11:16, ,0444203bbe1ac87,[MAY CONTAIN PERSONALLY IDENTIFIABLE INFORMATION], ,[MAY CONTAIN PERSONALLY IDENTIFIABLE INFORMATION], ,, ,Houston, ,TX,Unknown, ,Intersection, , ,Y, , , , , , , ,Y, , , , , , , , ,Other Fixed Object,Property Damage. No Injured Reported,Unknown,Unknown,Unknown,Unknown,Unknown,Unknown,Unknown,Unknown,Unknown,Unknown,Unknown,Unknown,Proceeding Straight,"No Subject Vehicle, No Crash Partner","Yes Subject Vehicle, No Crash Partner",Subject Vehicle - All Belted,12.0, , , , , , , , ,Y, , , , , ,Y, ,Y, , , ,Unknown, ,Yes, ,"On August [XXX], 2025 at 11:16 AM CT a Waymo Autonomous Vehicle (""Waymo AV"") operating in Houston, Texas was in a collision involving a roadside curb on [XXX] at [XXX]. 
The Waymo AV was traveling westbound on [XXX] when a passenger car that was traveling northbound on [XXX]  made a left turn onto westbound [XXX] into the Waymo AV's lane of travel. As the passenger car approached the left of the Waymo AV, the test driver transitioned to manual mode and manually maneuvered the Waymo AV to the right, and the front right and rear right tires of the Waymo AV made contact with the curb. At the time of the impact, the Waymo AV's Level 4 ADS was not engaged and a test driver was operating the Waymo AV in manual mode. The Waymo AV sustained damage.
Waymo is reporting this crash under Request No. 1 of Standing General Order 2021-01 because a vehicle involved was towed away. Waymo may supplement or correct its reporting with additional information as it may become available.", ,ADS,current,26669.5,Unknown,Unknown,Unknown,Unknown,Unknown,Unknown,Unknown,Unknown,Unknown,Unknown,Unknown,Unknown,Unknown,Unknown,Unknown,Unknown,Unknown,Unknown,Unknown,Unknown,Unknown,Unknown,Unknown,Unknown,Unknown,45.0,Unknown,Unknown,Unknown,Unknown,Unknown,Unknown,Unknown,Unknown,Unknown,,Unknown,,Unknown,,Unknown,0.0,0.0,1.0,0.0,1,1,1,1,0,0,0,0,0,0,0,0,0,0,0,0,0,0,0,0,0,0,0,0,1,0,0,0,0,0,0,0,0,0,0,0,0,1,1,1,1,1,1,1,1,1,1,1,1,0,1,0,1,1,1,1,1,1,1,1,1,1,1,1,1,1,1,1,1,1,1,1,1,1,1,1,1,1,1,1,1,1,1,1,1,1,1,1,1,1,1,0,0.4291355787254256
06d315f5d5b5e61,30270-13092,1,Waymo LLC,5-Day,7.0,2024.0,NOV-2025,SADHW2S14R1,Y,[MAY CONTAIN PERSONALLY IDENTIFIABLE INFORMATION],JAGUAR, ,I-PACE, ,2024.0, ,f54ae3007c3f10e,Unknown,"5th Generation ADS, Version 10", ,ADS,Verified Engaged,Waymo LLC, , ,Y, , , , , , , , , ,NOV-2025, ,21:20, ,06d315f5d5b5e61,[MAY CONTAIN PERSONALLY IDENTIFIABLE INFORMATION], ,[MAY CONTAIN PERSONALLY IDENTIFIABLE INFORMATION], ,[MAY CONTAIN PERSONALLY IDENTIFIABLE INFORMATION], ,Phoenix, ,AZ,[MAY CONTAIN PERSONALLY IDENTIFIABLE INFORMATION], ,Street, , ,Y, , , , , ,Y, , , , , , , , , , ,Passenger Car,Property Damage. No Injured Reported,Stopped, , , , , , , , ,Y, , ,Stopped,"No Subject Vehicle, No Crash Partner","Yes Subject Vehicle, Yes Crash Partner",Subject Vehicle - All Belted,0.0, , , , , , , ,Y, , , , , , ,Y, ,Y, , , ,Phoenix Police Department, ,Yes, ,"On November 12, 2025 at 9:20 PM MT a Waymo Autonomous Vehicle (""Waymo AV"") operating in Phoenix, Arizona was in a collision involving a passenger car at 3400 Sky Harbor Boulevard, Terminal 3 at the Phoenix Sky Harbor International Airport.
The Waymo AV was traveling westbound in the right lane on 3400 Sky Harbor Boulevard, Terminal 3 when it slowed to a stop in a queue of traffic. A passenger car that was traveling westbound in the right lane of 3400 Sky Harbor Boulevard slowed to a near stop directly behind the Waymo AV. While the Waymo AV was stopped and the passenger car slowly proceeded a second passenger car approached the first passenger car from behind, and the front of the second passenger car made contact with the rear of the first passenger car, and the front of the first passenger car then made contact with the rear of the stationary Waymo AV. At the time of the impact, the Waymo AV's Level 4 ADS was engaged in autonomous mode. All three vehicles sustained damage.

Waymo is reporting this crash under Request No. 1 of Standing General Order 2021-01 because a vehicle involved was towed away. Waymo may supplement or correct its reporting with additional information as it may become available.", ,ADS,current,26669.5,Unknown,Unknown,Unknown,Unknown,Unknown,Unknown,Unknown,Unknown,Unknown,Unknown,Unknown,Unknown,Unknown,Unknown,Unknown,Unknown,Unknown,Unknown,Unknown,Unknown,Unknown,Unknown,Unknown,Unknown,Unknown,45.0,Unknown,Unknown,Unknown,Unknown,Unknown,Unknown,Unknown,Unknown,Unknown,,Unknown,,Unknown,,Unknown,0.0,0.0,1.0,0.0,1,1,1,1,0,0,0,0,1,0,0,0,0,0,0,0,0,0,0,0,0,0,0,0,0,0,0,0,0,0,0,0,0,0,0,0,0,0,0,0,0,0,0,0,0,0,0,0,0,0,0,0,1,1,1,1,1,1,1,1,1,1,1,1,1,1,1,1,1,1,1,1,1,1,1,1,1,1,1,1,1,1,1,1,1,1,1,1,1,1,1,0,0.13278304306585592
090cb98f8f58358,30270-13573,1,Waymo LLC,5-Day,7.0,2024.0,JAN-2026,SADHW2S17R1,Y,[MAY CONTAIN PERSONALLY IDENTIFIABLE INFORMATION],JAGUAR, ,I-PACE, ,2024.0, ,3a591fe755ab2be,Unknown,"5th Generation ADS, Version 10", ,ADS,Verified Engaged,Waymo LLC, , ,Y, , , , , , , , , ,JAN-2026, ,07:56, ,090cb98f8f58358,[MAY CONTAIN PERSONALLY IDENTIFIABLE INFORMATION], ,[MAY CONTAIN PERSONALLY IDENTIFIABLE INFORMATION], ,[MAY CONTAIN PERSONALLY IDENTIFIABLE INFORMATION], ,Phoenix, ,AZ,[MAY CONTAIN PERSONALLY IDENTIFIABLE INFORMATION], ,Street, , ,Y, , , , , , , , ,Y, , , , , , , ,Passenger Car,Property Damage. No Injured Reported,Proceeding Straight, , , , , , , , ,Y, , ,Stopped,"Yes Crash Partner, No Subject Vehicle","Yes Subject Vehicle, Yes Crash Partner",Subject Vehicle - No Passenger In Vehicle,0.0, , , , , , , ,Y, , , , , , ,Y, ,Y, , , ,Unknown, ,Yes, ,"On January 6, 2026 at 7:56 AM MT a Waymo Autonomous Vehicle (""Waymo AV"") operating in Phoenix, Arizona was in a collision involving a passenger car on N. 38th Street at E. Van Buren Street.
The Waymo AV was traveling southbound on N. 38th Street when it slowed to a stop for a stop sign at the intersection with E. Van Buren Street. While the Waymo AV was stopped, a passenger car traveling southbound on N. 38th Street approached the Waymo AV from behind, and the front of the passenger car made contact with the rear of the stationary Waymo AV. At the time of the impact, the Waymo AV's Level 4 ADS was engaged in autonomous mode. Both vehicles sustained damage.

Waymo is reporting this crash under Request No. 1 of Standing General Order 2021-01 because a vehicle involved was towed away. Waymo may supplement or correct its reporting with additional information as it may become available.", ,ADS,current,26669.5,Unknown,Unknown,Unknown,Unknown,Unknown,Unknown,Unknown,Unknown,Unknown,Unknown,Unknown,Unknown,Unknown,Unknown,Unknown,Unknown,Unknown,Unknown,Unknown,Unknown,Unknown,Unknown,Unknown,Unknown,Unknown,45.0,Unknown,Unknown,Unknown,Unknown,Unknown,Unknown,Unknown,Unknown,Unknown,,Unknown,,Unknown,,Unknown,0.0,0.0,1.0,0.0,1,1,1,1,0,0,0,0,1,0,0,0,0,0,0,0,0,0,0,0,0,0,0,0,0,0,0,0,0,0,0,0,0,0,0,0,0,0,0,0,0,0,0,0,0,0,0,0,0,0,1,0,1,1,1,1,1,1,1,1,1,1,1,1,1,1,1,1,1,1,1,1,1,1,1,1,1,1,1,1,1,1,1,1,1,1,1,1,1,1,1,0,0.09166269764407373
090f9ef63da3e2b,30270-13190,1,Waymo LLC,5-Day,7.0,2024.0,NOV-2025,SADHW2S11R1,Y,[MAY CONTAIN PERSONALLY IDENTIFIABLE INFORMATION],JAGUAR, ,I-PACE, ,2024.0, ,da5e9f4ad5d7a66,Unknown,"5th Generation ADS, Version 10", ,ADS,Verified Engaged,Waymo LLC, , ,Y, , , , , , , , , ,NOV-2025, ,12:18, ,090f9ef63da3e2b,[MAY CONTAIN PERSONALLY IDENTIFIABLE INFORMATION], ,[MAY CONTAIN PERSONALLY IDENTIFIABLE INFORMATION], ,[MAY CONTAIN PERSONALLY IDENTIFIABLE INFORMATION], ,Tempe, ,AZ,[MAY CONTAIN PERSONALLY IDENTIFIABLE INFORMATION], ,Street, , ,Y, , , , , , , ,Y, , , , , , , , ,Passenger Car,Minor W/O Hospitalization,Proceeding Straight, , , , , , , , ,Y, , ,Stopped,"No Subject Vehicle, No Crash Partner","Yes Subject Vehicle, No Crash Partner",Subject Vehicle - Not Belted - see Narrative,0.0, , , , , , , ,Y, , , , , , ,Y, ,Y, , , ,Unknown, ,Yes, ,"On November 21, 2025 at 12:18 PM MT a Waymo Autonomous Vehicle (""Waymo AV"") operating in Tempe, Arizona was in a collision involving a passenger car on E. Baseline Road at S. McClintock Drive.
The Waymo AV was stopped facing west in the third from the right lane on E. Baseline Road for a queue of traffic at a red light at the intersection with S. McClintock Drive. While the Waymo AV was stopped, a passenger car that was initially stopped directly behind the Waymo AV proceeded forward, and the front of the passenger car made contact with the rear of the Waymo AV. At the time of the impact, the Waymo AV's Level 4 ADS was engaged in autonomous mode. Both vehicles sustained damage. A passenger in the Waymo AV was not belted at the time of collision.

Waymo is reporting this crash under Request No. 1 of Standing General Order 2021-01 because a vehicle involved was towed away. Waymo may supplement or correct its reporting with additional information as it may become available.", ,ADS,current,26669.5,Unknown,Unknown,Unknown,Unknown,Unknown,Unknown,Unknown,Unknown,Unknown,Unknown,Unknown,Unknown,Unknown,Unknown,Unknown,Unknown,Unknown,Unknown,Unknown,Unknown,Unknown,Unknown,Unknown,Unknown,Unknown,45.0,Unknown,Unknown,Unknown,Unknown,Unknown,Unknown,Unknown,Unknown,Unknown,,Unknown,,Unknown,,Unknown,1.0,0.0,1.0,0.0,1,1,1,1,0,0,0,0,1,0,0,0,0,0,0,0,0,0,0,0,0,0,0,0,0,0,0,0,0,0,0,0,0,0,0,0,0,0,0,0,0,0,0,0,0,0,0,0,0,0,1,0,1,1,1,1,1,1,1,1,1,1,1,1,1,1,1,1,1,1,1,1,1,1,1,1,1,1,1,1,1,1,1,1,1,1,1,1,1,1,1,0,0.1851548608691038
09531ba31a1bd07,30270-11508,1,Waymo LLC,5-Day,7.0,2024.0,AUG-2025,SADHW2S16R1,Y,,JAGUAR, ,I-PACE, ,2024.0, ,7b8954cd5cbc3bf,Unknown,"5th Generation ADS, Version 10", ,ADS,Verified Engaged,Waymo LLC, , ,Y, , , , , , , , , ,AUG-2025, ,11:21, ,09531ba31a1bd07,[MAY CONTAIN PERSONALLY IDENTIFIABLE INFORMATION], ,[MAY CONTAIN PERSONALLY IDENTIFIABLE INFORMATION], ,, ,Los Angeles, ,CA,Unknown, ,Street, , ,Y, , , , , ,Y, , , , , , , , , , ,Pickup Truck,Property Damage. No Injured Reported,Passing, ,Y, , , , , , , , , ,Parked,"No Subject Vehicle, No Crash Partner","Yes Subject Vehicle, No Crash Partner",Subject Vehicle - No Passenger In Vehicle,0.0, , , , ,Y, , , , , , , , , ,Y, ,Y, , , ,Unknown, ,Yes, ,"On August [XXX], 2025 at 11:21 AM PT a Waymo Autonomous Vehicle (""Waymo AV"") operating in Los Angeles, California was in a collision involving a pickup truck on [XXX] near [XXX]. 
The Waymo AV was stopped in-lane facing west on [XXX] for a passenger pick-up with hazard lights activated. A pickup truck hauling a flatbed trailer was traveling northbound on [XXX] and made a right turn onto eastbound [XXX]. As the pickup truck completed the turn and proceeded to pass the Waymo AV, the left side of the pickup truck made contact with the rear left side of the stationary Waymo AV. At the time of the impact, the Waymo AV's Level 4 ADS was engaged in autonomous mode. The Waymo AV sustained damage.
Waymo is reporting this crash under Request No. 1 of Standing General Order 2021-01 because a vehicle involved was towed away. Waymo may supplement or correct its reporting with additional information as it may become available.", ,ADS,current,26669.5,Unknown,Unknown,Unknown,Unknown,Unknown,Unknown,Unknown,Unknown,Unknown,Unknown,Unknown,Unknown,Unknown,Unknown,Unknown,Unknown,Unknown,Unknown,Unknown,Unknown,Unknown,Unknown,Unknown,Unknown,Unknown,45.0,Unknown,Unknown,Unknown,Unknown,Unknown,Unknown,Unknown,Unknown,Unknown,,Unknown,,Unknown,,Unknown,0.0,0.0,1.0,0.0,1,1,1,1,0,0,0,0,1,0,0,0,0,0,0,0,0,0,0,0,0,0,0,0,1,0,0,0,0,0,0,0,0,0,0,0,0,0,0,0,0,0,0,0,0,0,0,0,0,0,1,0,1,1,1,1,1,1,1,1,1,1,1,1,1,1,1,1,1,1,1,1,1,1,1,1,1,1,1,1,1,1,1,1,1,1,1,1,1,1,1,0,0.18122754915784534
09904a03b2631e9,30270-13365,1,Waymo LLC,5-Day,7.0,2024.0,DEC-2025,SADHW2S19R1,Y,[MAY CONTAIN PERSONALLY IDENTIFIABLE INFORMATION],JAGUAR, ,I-PACE, ,2024.0, ,811501f21ba41ae,Unknown,"5th Generation ADS, Version 10", ,ADS,Verified Engaged,Waymo LLC, , ,Y, , , , , , , , , ,DEC-2025, ,15:03, ,09904a03b2631e9,[MAY CONTAIN PERSONALLY IDENTIFIABLE INFORMATION], ,[MAY CONTAIN PERSONALLY IDENTIFIABLE INFORMATION], ,[MAY CONTAIN PERSONALLY IDENTIFIABLE INFORMATION], ,San Francisco, ,CA,[MAY CONTAIN PERSONALLY IDENTIFIABLE INFORMATION], ,Street, , ,Y, , , , , ,Y, , , , , , , , , , ,Van,Property Damage. No Injured Reported,Passing, , , , , , , ,Y, , , ,Stopped,"No Subject Vehicle, No Crash Partner","Yes Subject Vehicle, No Crash Partner",Subject Vehicle - All Belted,0.0, , ,Y, , , , , , , , , , , ,Y, ,Y, , , ,Unknown, ,Yes, ,"On December 11, 2025 at 3:03 PM PT a Waymo Autonomous Vehicle (""Waymo AV"") operating in San Francisco, California was in a collision involving a van on Geary Street near Hyde Street. 
The Waymo AV was stopped facing west on Geary Street in a queue of traffic when a van traveling westbound on Geary Street proceeded to pass between vehicles that were parked at the south curb facing west and the left of the Waymo AV. As the van passed the Waymo AV, the right side mirror of the van made contact with the left side mirror of the stationary Waymo AV. At the time of the impact, the Waymo AV's Level 4 ADS was engaged in autonomous mode. Both vehicles sustained damage.

Waymo is reporting this crash under Request No. 1 of Standing General Order 2021-01 because a vehicle involved was towed away. Waymo may supplement or correct its reporting with additional information as it may become available.", ,ADS,current,26669.5,Unknown,Unknown,Unknown,Unknown,Unknown,Unknown,Unknown,Unknown,Unknown,Unknown,Unknown,Unknown,Unknown,Unknown,Unknown,Unknown,Unknown,Unknown,Unknown,Unknown,Unknown,Unknown,Unknown,Unknown,Unknown,45.0,Unknown,Unknown,Unknown,Unknown,Unknown,Unknown,Unknown,Unknown,Unknown,,Unknown,,Unknown,,Unknown,0.0,0.0,1.0,0.0,1,1,1,1,0,0,0,0,1,0,0,0,0,0,0,0,0,0,0,0,0,0,0,0,0,0,0,0,0,0,0,0,0,0,0,0,0,0,0,0,0,0,0,0,0,0,0,0,0,0,1,0,1,1,1,1,1,1,1,1,1,1,1,1,1,1,1,1,1,1,1,1,1,1,1,1,1,1,1,1,1,1,1,1,1,1,1,1,1,1,1,0,0.0809388374868626
0ab0e26462d346b,30270-13539,1,Waymo LLC,5-Day,7.0,2024.0,JAN-2026,SADHW2S10R1,Y,[MAY CONTAIN PERSONALLY IDENTIFIABLE INFORMATION],JAGUAR, ,I-PACE, ,2024.0, ,5d8931f5e09598f,Unknown,"5th Generation ADS, Version 10", ,ADS,Verified Engaged,Waymo LLC, , ,Y, , , , , , , , , ,DEC-2025, ,13:21, ,0ab0e26462d346b,[MAY CONTAIN PERSONALLY IDENTIFIABLE INFORMATION], ,[MAY CONTAIN PERSONALLY IDENTIFIABLE INFORMATION], ,[MAY CONTAIN PERSONALLY IDENTIFIABLE INFORMATION], ,San Francisco, ,CA,[MAY CONTAIN PERSONALLY IDENTIFIABLE INFORMATION], ,Intersection, , ,Y, , , , , , , ,Y, , , , , , , , ,First Responder Vehicle,Property Damage. No Injured Reported,Making Left Turn, ,Y, , , , , , , , , ,Stopped,"No Subject Vehicle, No Crash Partner","Yes Subject Vehicle, No Crash Partner",Subject Vehicle - All Belted,0.0, , , , ,Y, , , , , , , , , ,Y, ,Y, , , ,San Francisco Police Department, ,Yes, ,"On December 31, 2025 at 1:21 PM PT a Waymo Autonomous Vehicle (""Waymo AV"") operating in San Francisco, California was in a collision involving a first responder vehicle on Eddy Street at Taylor Street. 
The Waymo AV was stopped facing east in the left lane on Eddy Street for a red light at the intersection with Taylor Street. A fire engine with lights and siren activated traveling northbound in the leftmost lane on Taylor Street proceeded straight through the intersection with Eddy Street before stopping, then reversing into the intersection. The fire engine then proceeded to turn left onto Eddy Street. The Waymo AV moved slightly to the right within its lane, then came to a stop to yield to the oncoming fire engine. While the Waymo AV was stopped, the fire engine continued to complete the left turn and the left side of the fire engine made contact with the rear left side of the stationary Waymo AV. At the time of the impact, the Waymo AV's Level 4 ADS was engaged in autonomous mode. The Waymo AV sustained damage.

Waymo is reporting this crash under Request No. 1 of Standing General Order 2021-01 because a vehicle involved was towed away. Waymo may supplement or correct its reporting with additional information as it may become available.", ,ADS,current,26669.5,Unknown,Unknown,Unknown,Unknown,Unknown,Unknown,Unknown,Unknown,Unknown,Unknown,Unknown,Unknown,Unknown,Unknown,Unknown,Unknown,Unknown,Unknown,Unknown,Unknown,Unknown,Unknown,Unknown,Unknown,Unknown,45.0,Unknown,Unknown,Unknown,Unknown,Unknown,Unknown,Unknown,Unknown,Unknown,,Unknown,,Unknown,,Unknown,0.0,0.0,1.0,0.0,1,1,1,1,0,0,0,0,1,0,0,0,0,0,0,0,0,0,0,0,0,0,0,0,0,0,0,0,0,0,0,0,0,0,0,0,0,0,0,0,0,0,0,0,0,0,0,0,0,0,0,0,1,1,1,1,1,1,1,1,1,1,1,1,1,1,1,1,1,1,1,1,1,1,1,1,1,1,1,1,1,1,1,1,1,1,1,1,1,1,1,0,0.1608093775507748
0b18a507fa15dc4,30270-11383,1,Waymo LLC,5-Day,7.0,2024.0,JUL-2025,SADHW2S1XR1,Y,,JAGUAR, ,I-PACE, ,2024.0, ,862fc71b43699a6,Unknown,"5th Generation ADS, Version 10", ,ADS,Verified Engaged,Waymo LLC, , ,Y, , , , , , , , , ,JUL-2025, ,10:07, ,0b18a507fa15dc4,[MAY CONTAIN PERSONALLY IDENTIFIABLE INFORMATION], ,[MAY CONTAIN PERSONALLY IDENTIFIABLE INFORMATION], ,, ,Atlanta, ,GA,Unknown, ,Street, , ,Y, , , , , , , ,Y, , , , , , , , ,Passenger Car,Property Damage. No Injured Reported,Changing Lanes, , , , , , , ,Y, , , ,Proceeding Straight,"No Subject Vehicle, No Crash Partner","Yes Subject Vehicle, No Crash Partner",Subject Vehicle - No Passenger In Vehicle,23.0, , , , , , ,Y, , , , , , , ,Y, ,Y, , , ,Unknown, ,Yes, ,"On July [XXX], 2025 at 10:07 AM ET a Waymo Autonomous Vehicle (""Waymo AV"") operating in Atlanta, Georgia was in a collision involving a passenger car on [XXX] near [XXX]. 
The Waymo AV was traveling northbound on [XXX] in the rightmost lane. A passenger car, which was traveling behind an SUV heading northbound on [XXX] that had stopped in the second to the right lane, braked and maneuvered into the Waymo AV's lane of travel (the rightmost lane). The passenger side of the passenger car made contact with the front driver side of the Waymo AV. At the time of the impact, the Waymo AV's Level 4 ADS was engaged in autonomous mode. Both the passenger car and the Waymo AV sustained damage.
Waymo is reporting this crash under Request No. 1 of Standing General Order 2021-01 because a vehicle involved was towed away. Waymo may supplement or correct its reporting with additional information as it may become available.", ,ADS,current,26669.5,Unknown,Unknown,Unknown,Unknown,Unknown,Unknown,Unknown,Unknown,Unknown,Unknown,Unknown,Unknown,Unknown,Unknown,Unknown,Unknown,Unknown,Unknown,Unknown,Unknown,Unknown,Unknown,Unknown,Unknown,Unknown,45.0,Unknown,Unknown,Unknown,Unknown,Unknown,Unknown,Unknown,Unknown,Unknown,,Unknown,,Unknown,,Unknown,0.0,0.0,1.0,0.0,1,1,1,1,0,0,0,0,1,0,0,0,0,0,0,0,0,0,0,0,0,0,0,0,1,0,0,0,0,0,0,0,0,0,0,0,0,0,0,0,0,0,0,0,0,0,0,0,0,0,1,0,1,1,1,1,1,1,1,1,1,1,1,1,1,1,1,1,1,1,1,1,1,1,1,1,1,1,1,1,1,1,1,1,1,1,1,1,1,1,1,0,0.2798790119223969
0b9e6fdfdb3821e,30270-11951,1,Waymo LLC,5-Day,7.0,2024.0,OCT-2025,SADHW2S17R1,Y,,JAGUAR, ,I-PACE, ,2024.0, ,fc50fa8e69efc2e,Unknown,"5th Generation ADS, Version 10", ,ADS,Verified Engaged,Waymo LLC, , ,Y, , , , , , , , , ,OCT-2025, ,17:25, ,0b9e6fdfdb3821e,[MAY CONTAIN PERSONALLY IDENTIFIABLE INFORMATION], ,[MAY CONTAIN PERSONALLY IDENTIFIABLE INFORMATION], ,[MAY CONTAIN PERSONALLY IDENTIFIABLE INFORMATION], ,Los Angeles, ,CA,[MAY CONTAIN PERSONALLY IDENTIFIABLE INFORMATION], ,Parking Lot, , ,Y, , , , , ,Y, , , , , , , , , , ,Other Fixed Object,Property Damage. No Injured Reported,Unknown,Unknown,Unknown,Unknown,Unknown,Unknown,Unknown,Unknown,Unknown,Unknown,Unknown,Unknown,Proceeding Straight,"No Subject Vehicle, No Crash Partner","Yes Subject Vehicle, No Crash Partner",Subject Vehicle - All Belted,9.0, , , , , , , , , , ,Y, , , ,Y, ,Y, , , ,Unknown, ,Yes, ,"On October 20, 2025 at 5:25 PM PT a Waymo Autonomous Vehicle (""Waymo AV"") operating in Los Angeles, California was in a collision with raised pavement in a parking lot at 4500 Los Feliz Boulevard.
The Waymo AV was traveling northbound on Hillhurst Avenue in the second from the right lane when it turned left into a parking lot at 4500 Los Feliz Boulevard. As the Waymo AV proceeded westbound into the parking lot, the Waymo AV's undercarriage made contact with the raised pavement in the parking lot. At the time of the impact, the Waymo AV's Level 4 ADS was engaged in autonomous mode. The Waymo AV sustained damage.

Waymo is reporting this crash under Request No. 1 of Standing General Order 2021-01 because a vehicle involved was towed away. Waymo may supplement or correct its reporting with additional information as it may become available.", ,ADS,current,26669.5,Unknown,Unknown,Unknown,Unknown,Unknown,Unknown,Unknown,Unknown,Unknown,Unknown,Unknown,Unknown,Unknown,Unknown,Unknown,Unknown,Unknown,Unknown,Unknown,Unknown,Unknown,Unknown,Unknown,Unknown,Unknown,45.0,Unknown,Unknown,Unknown,Unknown,Unknown,Unknown,Unknown,Unknown,Unknown,,Unknown,,Unknown,,Unknown,0.0,0.0,1.0,0.0,1,1,1,1,0,0,0,0,1,0,0,0,0,0,0,0,0,0,0,0,0,0,0,0,0,0,0,0,0,0,0,0,0,0,0,0,0,1,1,1,1,1,1,1,1,1,1,1,1,0,1,0,1,1,1,1,1,1,1,1,1,1,1,1,1,1,1,1,1,1,1,1,1,1,1,1,1,1,1,1,1,1,1,1,1,1,1,1,1,1,1,0,0.4494896713869113
0d2954a0b45051c,30270-13369,1,Waymo LLC,5-Day,7.0,2024.0,DEC-2025,SADHW2S19R1,Y,[MAY CONTAIN PERSONALLY IDENTIFIABLE INFORMATION],JAGUAR, ,I-PACE, ,2024.0, ,901ac6c47f6f733,Unknown,"5th Generation ADS, Version 10", ,ADS,Verified Engaged,Waymo LLC, , ,Y, , , , , , , , , ,DEC-2025, ,09:36, ,0d2954a0b45051c,[MAY CONTAIN PERSONALLY IDENTIFIABLE INFORMATION], ,[MAY CONTAIN PERSONALLY IDENTIFIABLE INFORMATION], ,[MAY CONTAIN PERSONALLY IDENTIFIABLE INFORMATION], ,Los Angeles, ,CA,[MAY CONTAIN PERSONALLY IDENTIFIABLE INFORMATION], ,Street, , ,Y, , , , , ,Y, , , , , , , , , , ,Passenger Car,Property Damage. No Injured Reported,Changing Lanes, ,Y, , , , , , , , , ,Proceeding Straight,"No Subject Vehicle, No Crash Partner","Yes Subject Vehicle, No Crash Partner",Subject Vehicle - Not Belted - see Narrative,2.0, ,Y, , , , , , , , , , , , ,Y, ,Y, , , ,West Hollywood Sheriff Department, ,Yes, ,"On December 12, 2025 at 9:36 AM PT a Waymo Autonomous Vehicle (""Waymo AV"") operating in West Hollywood, California was in a collision involving a passenger car on Fountain Avenue near N. Sweetzer Avenue. 
The Waymo AV was traveling westbound in the left lane on Fountain Avenue in stop-and-go traffic when a passenger car that was traveling westbound on Fountain Avenue directly behind the Waymo AV began merging into the right lane. As the passenger car was changing lanes, the front right side of the passenger car made contact with the left side of an SUV that was traveling westbound in the right lane on Fountain Avenue and the left side of the passenger car made contact with the rear right side of the Waymo AV. At the time of the impact, the Waymo AV's Level 4 ADS was engaged in autonomous mode. All three vehicles sustained damage. The passenger in the Waymo AV was not belted at the time of the collision.

Waymo is reporting this crash under Request No. 1 of Standing General Order 2021-01 because a vehicle involved was towed away. Waymo may supplement or correct its reporting with additional information as it may become available.", ,ADS,current,26669.5,Unknown,Unknown,Unknown,Unknown,Unknown,Unknown,Unknown,Unknown,Unknown,Unknown,Unknown,Unknown,Unknown,Unknown,Unknown,Unknown,Unknown,Unknown,Unknown,Unknown,Unknown,Unknown,Unknown,Unknown,Unknown,45.0,Unknown,Unknown,Unknown,Unknown,Unknown,Unknown,Unknown,Unknown,Unknown,,Unknown,,Unknown,,Unknown,0.0,0.0,1.0,0.0,1,1,1,1,0,0,0,0,1,0,0,0,0,0,0,0,0,0,0,0,0,0,0,0,0,0,0,0,0,0,0,0,0,0,0,0,0,0,0,0,0,0,0,0,0,0,0,0,0,0,0,0,1,1,1,1,1,1,1,1,1,1,1,1,1,1,1,1,1,1,1,1,1,1,1,1,1,1,1,1,1,1,1,1,1,1,1,1,1,1,1,0,0.21374638682777483
0de678124c2f3b5,30270-13126,1,Waymo LLC,5-Day,7.0,2024.0,NOV-2025,SADHW2S12R1,Y,[MAY CONTAIN PERSONALLY IDENTIFIABLE INFORMATION],JAGUAR, ,I-PACE, ,2024.0, ,c44ff41bddd0e5d,Unknown,"5th Generation ADS, Version 10", ,ADS,Verified Engaged,Waymo LLC, , ,Y, , , , , , , , , ,NOV-2025, ,07:34, ,0de678124c2f3b5,[MAY CONTAIN PERSONALLY IDENTIFIABLE INFORMATION], ,[MAY CONTAIN PERSONALLY IDENTIFIABLE INFORMATION], ,[MAY CONTAIN PERSONALLY IDENTIFIABLE INFORMATION], ,Los Angeles, ,CA,[MAY CONTAIN PERSONALLY IDENTIFIABLE INFORMATION], ,Street, , ,Y, , , , , , , ,Y, , ,Y, , , , , ,Heavy Truck,Property Damage. No Injured Reported,Passing, , , ,Y, , , , , , , ,Stopped,"No Subject Vehicle, No Crash Partner","Yes Subject Vehicle, No Crash Partner",Subject Vehicle - No Passenger In Vehicle,0.0, , , , , , ,Y, , , , , , , ,Y, ,Y, , , ,Unknown, ,Yes, ,"On November 14, 2025 at 7:34 AM PT a Waymo Autonomous Vehicle (""Waymo AV"") operating in Los Angeles, California was in a collision involving a heavy truck on Johnny Grant Way near Orchid Avenue. 
The Waymo AV was traveling northbound after making a left turn into a narrow portion of Johnny Grant Way when it slowed to a stop to yield to a heavy truck that was traveling southbound and completing a left turn. The heavy truck continued to maneuver forward to complete the left turn and began making a right turn to continue on Johnny Grant Way. As the heavy truck passed the Waymo AV, the rear left side of the heavy truck trailer made contact with the front left side of the stationary Waymo AV. At the time of the impact, the Waymo AV's Level 4 ADS was engaged in autonomous mode.The Waymo AV sustained damage.

Waymo is reporting this crash under Request No. 1 of Standing General Order 2021-01 because a vehicle involved was towed away. Waymo may supplement or correct its reporting with additional information as it may become available.", ,ADS,current,26669.5,Unknown,Unknown,Unknown,Unknown,Unknown,Unknown,Unknown,Unknown,Unknown,Unknown,Unknown,Unknown,Unknown,Unknown,Unknown,Unknown,Unknown,Unknown,Unknown,Unknown,Unknown,Unknown,Unknown,Unknown,Unknown,45.0,Unknown,Unknown,Unknown,Unknown,Unknown,Unknown,Unknown,Unknown,Unknown,,Unknown,,Unknown,,Unknown,0.0,0.0,1.0,0.0,1,1,1,1,0,0,0,0,1,0,0,0,0,0,0,0,0,0,0,0,0,0,0,0,0,0,0,0,0,0,0,0,0,0,0,0,0,0,0,0,0,0,0,0,0,0,0,0,0,0,1,0,1,1,1,1,1,1,1,1,1,1,1,1,1,1,1,1,1,1,1,1,1,1,1,1,1,1,1,1,1,1,1,1,1,1,1,1,1,1,1,0,0.31933750596389776
0e0a5572bcb3b2d,30270-13388,1,Waymo LLC,5-Day,7.0,2024.0,DEC-2025,SADHW2S16R1,Y,[MAY CONTAIN PERSONALLY IDENTIFIABLE INFORMATION],JAGUAR, ,I-PACE, ,2024.0, ,37a4ba23679a881,Unknown,"5th Generation ADS, Version 10", ,ADS,Verified Engaged,Waymo LLC, , ,Y, , , , , , , , , ,DEC-2025, ,10:50, ,0e0a5572bcb3b2d,[MAY CONTAIN PERSONALLY IDENTIFIABLE INFORMATION], ,[MAY CONTAIN PERSONALLY IDENTIFIABLE INFORMATION], ,[MAY CONTAIN PERSONALLY IDENTIFIABLE INFORMATION], ,Los Angeles, ,CA,[MAY CONTAIN PERSONALLY IDENTIFIABLE INFORMATION], ,Street, , ,Y, , , , , ,Y, , , , , , , , , , ,Passenger Car,Minor W/O Hospitalization,Proceeding Straight, , , , , ,Y, , , , , ,Stopped,"No Subject Vehicle, No Crash Partner","Yes Subject Vehicle, No Crash Partner",Subject Vehicle - All Belted,0.0, , , , , , ,Y, , , , , , , ,Y, ,Y, , , ,Unknown, ,Yes, ,"On December 15, 2025 at 10:50 AM PT a Waymo Autonomous Vehicle (""Waymo AV"") operating in Los Angeles, California was in a collision involving a passenger car on Lucerne Avenue near Vineyard Avenue. 
The Waymo AV was traveling northeastbound on a narrowed portion of Lucerne Avenue with vehicles parked on both sides when it maneuvered to the right and came to a stop to yield to a passenger car traveling southwestbound on Lucerne Avenue. The passenger car continued to approach the Waymo AV and the front left side of the passenger car made contact with the front left side of the stationary Waymo AV. At the time of the impact, the Waymo AV's Level 4 ADS was engaged in autonomous mode. Both vehicles sustained damage. The driver of the passenger car alleged minor injuries.

Waymo is reporting this crash under Request No. 1 of Standing General Order 2021-01 because a vehicle involved was towed away. Waymo may supplement or correct its reporting with additional information as it may become available.", ,ADS,current,26669.5,Unknown,Unknown,Unknown,Unknown,Unknown,Unknown,Unknown,Unknown,Unknown,Unknown,Unknown,Unknown,Unknown,Unknown,Unknown,Unknown,Unknown,Unknown,Unknown,Unknown,Unknown,Unknown,Unknown,Unknown,Unknown,45.0,Unknown,Unknown,Unknown,Unknown,Unknown,Unknown,Unknown,Unknown,Unknown,,Unknown,,Unknown,,Unknown,1.0,0.0,1.0,0.0,1,1,1,1,0,0,0,0,1,0,0,0,0,0,0,0,0,0,0,0,0,0,0,0,0,0,0,0,0,0,0,0,0,0,0,0,0,0,0,0,0,0,0,0,0,0,0,0,0,0,1,0,1,1,1,1,1,1,1,1,1,1,1,1,1,1,1,1,1,1,1,1,1,1,1,1,1,1,1,1,1,1,1,1,1,1,1,1,1,1,1,0,0.19381256776994382
0e6365006633bea,30270-11545,1,Waymo LLC,5-Day,7.0,2024.0,AUG-2025,SADHW2S19R1,Y,,JAGUAR, ,I-PACE, ,2024.0, ,5071b1e30878c2e,Unknown,"5th Generation ADS, Version 10", ,ADS,Verified Engaged,Waymo LLC, , ,Y, , , , , , , , , ,AUG-2025, ,17:11, ,0e6365006633bea,[MAY CONTAIN PERSONALLY IDENTIFIABLE INFORMATION], ,[MAY CONTAIN PERSONALLY IDENTIFIABLE INFORMATION], ,, ,Phoenix, ,AZ,Unknown, ,Intersection, , ,Y, , , , , ,Y, , , , , , , , , , ,Passenger Car,Property Damage. No Injured Reported,Proceeding Straight, ,Y, , , , , , , , , ,Proceeding Straight,"No Subject Vehicle, No Crash Partner","Yes Subject Vehicle, No Crash Partner",Subject Vehicle - All Belted,15.0, , , , , , , , , ,Y, , , , ,Y, ,Y, , , ,Phoenix Police Department, ,Yes, ,"On August [XXX], 2025 at 5:11 PM MT a Waymo Autonomous Vehicle (""Waymo AV"") operating in Phoenix, Arizona was in a collision involving a passenger car on [XXX] at the frontage road following the off-ramp exit of Interstate [XXX]. 
The Waymo AV was traveling westbound on [XXX] and proceeding into the intersection with the frontage road off-ramp of Interstate [XXX] on a green light. As the Waymo AV began to enter the intersection, a passenger car traveling southbound on the frontage road off-ramp of Interstate [XXX] proceeded through the intersection without stopping at the red light. The Waymo AV applied hard braking and the front of the Waymo AV made contact with the left side of the passenger car. At the time of the impact, the Waymo AV's Level 4 ADS was engaged in autonomous mode. Both vehicles sustained damage.
Waymo is reporting this crash under Request No. 1 of Standing General Order 2021-01 because a vehicle involved was towed away. Waymo may supplement or correct its reporting with additional information as it may become available.", ,ADS,current,26669.5,Unknown,Unknown,Unknown,Unknown,Unknown,Unknown,Unknown,Unknown,Unknown,Unknown,Unknown,Unknown,Unknown,Unknown,Unknown,Unknown,Unknown,Unknown,Unknown,Unknown,Unknown,Unknown,Unknown,Unknown,Unknown,45.0,Unknown,Unknown,Unknown,Unknown,Unknown,Unknown,Unknown,Unknown,Unknown,,Unknown,,Unknown,,Unknown,0.0,0.0,1.0,0.0,1,1,1,1,0,0,0,0,1,0,0,0,0,0,0,0,0,0,0,0,0,0,0,0,1,0,0,0,0,0,0,0,0,0,0,0,0,0,0,0,0,0,0,0,0,0,0,0,0,0,0,0,1,1,1,1,1,1,1,1,1,1,1,1,1,1,1,1,1,1,1,1,1,1,1,1,1,1,1,1,1,1,1,1,1,1,1,1,1,1,1,0,0.44321796174585415
0f920297cd173cf,30270-11329,1,Waymo LLC,5-Day,7.0,2024.0,JUL-2025,SADHW2S1XR1,Y,,JAGUAR, ,I-PACE, ,2024.0, ,adda378cb00a43e,Unknown,"5th Generation ADS, Version 10", ,ADS,Verified Engaged,Waymo LLC, , ,Y, , , , , , , , , ,JUL-2025, ,18:47, ,0f920297cd173cf,[MAY CONTAIN PERSONALLY IDENTIFIABLE INFORMATION], ,[MAY CONTAIN PERSONALLY IDENTIFIABLE INFORMATION], ,, ,San Francisco, ,CA,Unknown, ,Street, , ,Y, , , , , , , ,Y, , , , , , , , ,Bus,Property Damage. No Injured Reported,Passing, , , , , , , ,Y, , , ,Parked,"No Subject Vehicle, No Crash Partner","Yes Subject Vehicle, No Crash Partner",Subject Vehicle - No Passenger In Vehicle,0.0, , , , ,Y, , , , , , , , , ,Y, ,Y, , , ,Unknown, ,Yes, ,"On July [XXX], 2025 at 6:47 PM PT a Waymo Autonomous Vehicle (""Waymo AV"") operating in San Francisco, California was in a collision involving a bus on [XXX] near [XXX]. 
The Waymo AV was parked in-lane for a passenger pick-up facing south on [XXX] with its hazard lights activated. A bus traveling southbound on [XXX] began to maneuver around the stationary Waymo AV by crossing the yellow center line, entering the opposing lane of travel. As the bus proceeded to the left of the stationary Waymo AV, the right side of the bus made contact with the rear left side of the Waymo AV. At the time of the impact, the Waymo AV's Level 4 ADS was engaged in autonomous mode. The Waymo AV sustained damage.
Waymo is reporting this crash under Request No. 1 of Standing General Order 2021-01 because a vehicle involved was towed away. Waymo may supplement or correct its reporting with additional information as it may become available.", ,ADS,current,26669.5,Unknown,Unknown,Unknown,Unknown,Unknown,Unknown,Unknown,Unknown,Unknown,Unknown,Unknown,Unknown,Unknown,Unknown,Unknown,Unknown,Unknown,Unknown,Unknown,Unknown,Unknown,Unknown,Unknown,Unknown,Unknown,45.0,Unknown,Unknown,Unknown,Unknown,Unknown,Unknown,Unknown,Unknown,Unknown,,Unknown,,Unknown,,Unknown,0.0,0.0,1.0,0.0,1,1,1,1,0,0,0,0,1,0,0,0,0,0,0,0,0,0,0,0,0,0,0,0,1,0,0,0,0,0,0,0,0,0,0,0,0,0,0,0,0,0,0,0,0,0,0,0,0,0,1,0,1,1,1,1,1,1,1,1,1,1,1,1,1,1,1,1,1,1,1,1,1,1,1,1,1,1,1,1,1,1,1,1,1,1,1,1,1,1,1,0,0.3164217920154434
114be9ea321662b,30270-13453,1,Waymo LLC,Monthly,12.0,2025.0,JAN-2026,SADHW2S15R1,Y,[MAY CONTAIN PERSONALLY IDENTIFIABLE INFORMATION],JAGUAR, ,I-PACE, ,2024.0, ,df8722be6f54146,Unknown,"5th Generation ADS, Version 10", ,ADS,Verified Engaged,Waymo LLC, , ,Y, , , , , , , , , ,DEC-2025, ,15:45, ,114be9ea321662b,[MAY CONTAIN PERSONALLY IDENTIFIABLE INFORMATION], ,[MAY CONTAIN PERSONALLY IDENTIFIABLE INFORMATION], ,[MAY CONTAIN PERSONALLY IDENTIFIABLE INFORMATION], ,Palo Alto, ,CA,[MAY CONTAIN PERSONALLY IDENTIFIABLE INFORMATION], ,Street, , ,Y, , , , , , , ,Y, , , , , , , , ,Bus,Property Damage. No Injured Reported,Backing, , , , , , ,Y, , , , ,Stopped,"No Subject Vehicle, No Crash Partner","Yes Subject Vehicle, No Crash Partner",Subject Vehicle - All Belted,0.0, , , , , , , , , ,Y, , , , ,Y, ,Y, , , ,Stanford Department of Public Safety, ,Yes, ,"On December 22, 2025 at 3:45 PM PT a Waymo Autonomous Vehicle (""Waymo AV"") operating in Palo Alto, California was in a collision involving a bus on Page Mill Road near Deer Creek Road.
The Waymo AV was stopped facing southwest in the designated left turn lane on Page Mill Road in a queue of traffic for the intersection with Deer Creek Road. While the Waymo AV was stopped, a bus that was initially stopped directly in front of the Waymo AV reversed and the rear of the bus made contact with the front of the Waymo AV.  At the time of the impact, the Waymo AV's Level 4 ADS was engaged in autonomous mode. Both vehicles sustained damage.

Waymo is reporting this crash under Request No. 2 of Standing General Order 2021-01. Waymo may supplement or correct its reporting with additional information as it may become available.", ,ADS,current,26669.5,Unknown,Unknown,Unknown,Unknown,Unknown,Unknown,Unknown,Unknown,Unknown,Unknown,Unknown,Unknown,Unknown,Unknown,Unknown,Unknown,Unknown,Unknown,Unknown,Unknown,Unknown,Unknown,Unknown,Unknown,Unknown,45.0,Unknown,Unknown,Unknown,Unknown,Unknown,Unknown,Unknown,Unknown,Unknown,,Unknown,,Unknown,,Unknown,0.0,0.0,1.0,0.0,1,1,0,0,0,0,0,0,1,0,0,0,0,0,0,0,0,0,0,0,0,0,0,0,0,0,0,0,0,0,0,0,0,0,0,0,0,0,0,0,0,0,0,0,0,0,0,0,0,0,0,0,1,1,1,1,1,1,1,1,1,1,1,1,1,1,1,1,1,1,1,1,1,1,1,1,1,1,1,1,1,1,1,1,1,1,1,1,1,1,1,0,0.2317548856133712
1253e75e616baae,30270-11994,1,Waymo LLC,5-Day,7.0,2024.0,OCT-2025,SADHW2S14R1,Y,,JAGUAR, ,I-PACE, ,2024.0, ,7c37f89af1b8b96,Unknown,"5th Generation ADS, Version 10", ,ADS,Verified Engaged,Waymo LLC, , ,Y, , , , , , , , , ,OCT-2025, ,12:17, ,1253e75e616baae,[MAY CONTAIN PERSONALLY IDENTIFIABLE INFORMATION], ,[MAY CONTAIN PERSONALLY IDENTIFIABLE INFORMATION], ,[MAY CONTAIN PERSONALLY IDENTIFIABLE INFORMATION], ,Phoenix, ,AZ,[MAY CONTAIN PERSONALLY IDENTIFIABLE INFORMATION], ,Parking Lot, , ,Y, , , , , ,Y, , , , , , , , , , ,SUV,Property Damage. No Injured Reported,Passing, , , , , , , ,Y, , , ,Parked,"No Subject Vehicle, No Crash Partner","Yes Subject Vehicle, No Crash Partner",Subject Vehicle - Not Belted - see Narrative,0.0, , ,Y, , , , , , , , , , , ,Y, ,Y, , , ,Unknown, ,Yes, ,"On October 25, 2025 at 12:17 PM MT a Waymo Autonomous Vehicle (""Waymo AV"") operating in Phoenix, Arizona was in a collision involving an SUV in a parking lot at 2928 E. Osborne Road. 
The Waymo AV was stopped facing north in a parking lot at 2928 E. Osborne Road for a passenger drop-off with its hazard lights activated. An SUV was traveling eastbound on E. Osborne Road, made a left turn into the parking lot and proceeded to pass the Waymo AV on the left. While the SUV was passing the Waymo AV, a passenger in the Waymo AV opened the rear left door and the open rear left door of the stationary Waymo AV made contact with the right side of the SUV. The passenger in the Waymo AV was not belted at the time of the collision, as the passenger was preparing to exit the Waymo AV. At the time of the impact, the Waymo AV's Level 4 ADS was engaged in autonomous mode. Both vehicles sustained damage.

Waymo is reporting this crash under Request No. 1 of Standing General Order 2021-01 because a vehicle involved was towed away. Waymo may supplement or correct its reporting with additional information as it may become available.", ,ADS,current,26669.5,Unknown,Unknown,Unknown,Unknown,Unknown,Unknown,Unknown,Unknown,Unknown,Unknown,Unknown,Unknown,Unknown,Unknown,Unknown,Unknown,Unknown,Unknown,Unknown,Unknown,Unknown,Unknown,Unknown,Unknown,Unknown,45.0,Unknown,Unknown,Unknown,Unknown,Unknown,Unknown,Unknown,Unknown,Unknown,,Unknown,,Unknown,,Unknown,0.0,0.0,1.0,0.0,1,1,1,1,0,0,0,0,1,0,0,0,0,0,0,0,0,0,0,0,0,0,0,0,0,0,0,0,0,0,0,0,0,0,0,0,0,0,0,0,0,0,0,0,0,0,0,0,0,0,1,0,1,1,1,1,1,1,1,1,1,1,1,1,1,1,1,1,1,1,1,1,1,1,1,1,1,1,1,1,1,1,1,1,1,1,1,1,1,1,1,0,0.1585709414595927
139935829f21dda,30270-13239,1,Waymo LLC,5-Day,7.0,2024.0,NOV-2025,SADHW2S14R1,Y,[MAY CONTAIN PERSONALLY IDENTIFIABLE INFORMATION],JAGUAR, ,I-PACE, ,2024.0, ,7c3f1de66ea3713,Unknown,"5th Generation ADS, Version 10", ,ADS,Verified Engaged,Waymo LLC, , ,Y, , , , , , , , , ,NOV-2025, ,20:15, ,139935829f21dda,[MAY CONTAIN PERSONALLY IDENTIFIABLE INFORMATION], ,[MAY CONTAIN PERSONALLY IDENTIFIABLE INFORMATION], ,[MAY CONTAIN PERSONALLY IDENTIFIABLE INFORMATION], ,San Francisco, ,CA,[MAY CONTAIN PERSONALLY IDENTIFIABLE INFORMATION], ,Street, , ,Y, , , , , ,Y, , , , , , , , , , ,Passenger Car,Property Damage. No Injured Reported,Proceeding Straight, , , , , , , , ,Y, , ,Making Left Turn,"No Subject Vehicle, No Crash Partner","Yes Subject Vehicle, No Crash Partner",Subject Vehicle - No Passenger In Vehicle,1.0, , , , , , , ,Y, , , , , , ,Y, ,Y, , , ,Unknown, ,Yes, ,"On November 25, 2025 at 8:15 PM PT a Waymo Autonomous Vehicle (""Waymo AV"") operating in San Francisco, California was in a collision involving a passenger car on Bryant Street at Mariposa Street.
The Waymo AV was traveling southbound on Bryant Street with its left turn signal activated when it came to a stop at the stop sign at the intersection with Mariposa Street in preparation for a left turn. The Waymo AV then proceeded forward to initiate a left turn onto Mariposa Street, and a passenger car traveling southbound on Bryant Street behind the Waymo AV approached the Waymo AV from behind and the front of the passenger car made contact with the rear of the Waymo AV. At the time of the impact, the Waymo AV's Level 4 ADS was engaged in autonomous mode. Both vehicles sustained damage.

Waymo is reporting this crash under Request No. 1 of Standing General Order 2021-01 because a vehicle involved was towed away. Waymo may supplement or correct its reporting with additional information as it may become available.", ,ADS,current,26669.5,Unknown,Unknown,Unknown,Unknown,Unknown,Unknown,Unknown,Unknown,Unknown,Unknown,Unknown,Unknown,Unknown,Unknown,Unknown,Unknown,Unknown,Unknown,Unknown,Unknown,Unknown,Unknown,Unknown,Unknown,Unknown,45.0,Unknown,Unknown,Unknown,Unknown,Unknown,Unknown,Unknown,Unknown,Unknown,,Unknown,,Unknown,,Unknown,0.0,0.0,1.0,0.0,1,1,1,1,0,0,0,0,1,0,0,0,0,0,0,0,0,0,0,0,0,0,0,0,0,0,0,0,0,0,0,0,0,0,0,0,0,0,0,0,0,0,0,0,0,0,0,0,0,0,1,0,1,1,1,1,1,1,1,1,1,1,1,1,1,1,1,1,1,1,1,1,1,1,1,1,1,1,1,1,1,1,1,1,1,1,1,1,1,1,1,0,0.335069224138738
1459efa140d66de,30270-13202,1,Waymo LLC,5-Day,7.0,2024.0,NOV-2025,SADHW2S18R1,Y,[MAY CONTAIN PERSONALLY IDENTIFIABLE INFORMATION],JAGUAR, ,I-PACE, ,2024.0, ,71d6941f688d0f0,Unknown,"5th Generation ADS, Version 10", ,ADS,Verified Engaged,Waymo LLC, , ,Y, , , , , , , , , ,NOV-2025, ,21:31, ,1459efa140d66de,[MAY CONTAIN PERSONALLY IDENTIFIABLE INFORMATION], ,[MAY CONTAIN PERSONALLY IDENTIFIABLE INFORMATION], ,[MAY CONTAIN PERSONALLY IDENTIFIABLE INFORMATION], ,Phoenix, ,AZ,[MAY CONTAIN PERSONALLY IDENTIFIABLE INFORMATION], ,Parking Lot, , ,Y, , , , , ,Y, , , , , , , , , , ,SUV,Property Damage. No Injured Reported,Backing, , , ,Y, , , , , , , ,Passing,"No Subject Vehicle, No Crash Partner","Yes Subject Vehicle, No Crash Partner",Subject Vehicle - No Passenger In Vehicle,7.0, ,Y, , , , , , , , , , , , ,Y, ,Y, , , ,Unknown, ,Yes, ,"On November 23, 2025 at 9:31 PM MT a Waymo Autonomous Vehicle (""Waymo AV"") operating in Phoenix, Arizona was in a collision involving an SUV in a parking lot at 21001 N. Tatum Boulevard.
The Waymo AV was stopped facing east at the curb in a parking lot at 21001 N. Tatum Boulevard with its hazard lights activated for a passenger drop-off. While the Waymo AV was stopped, an SUV traveling westbound in the parking lot initiated a left turn into a passenger loading zone driveway and slowed to a stop facing south, within the Waymo AV's lane of travel. The Waymo AV proceeded forward and maneuvered to the left to pass the rear of the SUV. While the Waymo AV was passing the SUV, the SUV began to reverse and the rear driver side of the SUV made contact with the rear passenger side of the Waymo AV. At the time of the impact, the Waymo AV's Level 4 ADS was engaged in autonomous mode. The Waymo AV sustained damage.

Waymo is reporting this crash under Request No. 1 of Standing General Order 2021-01 because a vehicle involved was towed away. Waymo may supplement or correct its reporting with additional information as it may become available.", ,ADS,current,26669.5,Unknown,Unknown,Unknown,Unknown,Unknown,Unknown,Unknown,Unknown,Unknown,Unknown,Unknown,Unknown,Unknown,Unknown,Unknown,Unknown,Unknown,Unknown,Unknown,Unknown,Unknown,Unknown,Unknown,Unknown,Unknown,45.0,Unknown,Unknown,Unknown,Unknown,Unknown,Unknown,Unknown,Unknown,Unknown,,Unknown,,Unknown,,Unknown,0.0,0.0,1.0,0.0,1,1,1,1,0,0,0,0,1,0,0,0,0,0,0,0,0,0,0,0,0,0,0,0,0,0,0,0,0,0,0,0,0,0,0,0,0,0,0,0,0,0,0,0,0,0,0,0,0,0,1,0,1,1,1,1,1,1,1,1,1,1,1,1,1,1,1,1,1,1,1,1,1,1,1,1,1,1,1,1,1,1,1,1,1,1,1,1,1,1,1,0,0.3936090225375988
16727ae80e39d98,30270-13447,1,Waymo LLC,5-Day,7.0,2024.0,DEC-2025,SADHW2S13R1,Y,[MAY CONTAIN PERSONALLY IDENTIFIABLE INFORMATION],JAGUAR, ,I-PACE, ,2024.0, ,e922e2c8d565ac4,Unknown,"5th Generation ADS, Version 10", ,ADS,Verified Engaged,Waymo LLC, , ,Y, , , , , , , , , ,DEC-2025, ,05:08, ,16727ae80e39d98,[MAY CONTAIN PERSONALLY IDENTIFIABLE INFORMATION], ,[MAY CONTAIN PERSONALLY IDENTIFIABLE INFORMATION], ,[MAY CONTAIN PERSONALLY IDENTIFIABLE INFORMATION], ,Brisbane, ,CA,[MAY CONTAIN PERSONALLY IDENTIFIABLE INFORMATION], ,Street, , ,Y, , , , , ,Y, , , , , , , , , , ,"Other, see Narrative",Property Damage. No Injured Reported,"Other, see Narrative", , , , , , , , , , ,Y,Proceeding Straight,"No Subject Vehicle, No Crash Partner","Yes Subject Vehicle, No Crash Partner",Subject Vehicle - No Passenger In Vehicle,7.0, , , , , , , , , , ,Y, , , ,Y, ,Y, , , ,Brisbane Police Department, ,Yes, ,"On December 19, 2025 at 5:08 AM PT a Waymo Autonomous Vehicle (""Waymo AV"") operating in Brisbane, California was in a collision involving a hand truck dolly on Valley Drive near Bayshore Boulevard. 
The Waymo AV was traveling northeastbound on Valley Drive in the right lane behind a heavy truck with its trailer door open. While the Waymo AV and the heavy truck were continuing northeastbound, a hand truck dolly fell from the back of the heavy truck trailer onto the roadway in the Waymo AV's lane of travel, and the undercarriage of the Waymo AV made contact with the hand truck dolly. At the time of the impact, the Waymo AV's Level 4 ADS was engaged in autonomous mode. The Waymo AV sustained damage.

Waymo is reporting this crash under Request No. 1 of Standing General Order 2021-01 because a vehicle involved was towed away. Waymo may supplement or correct its reporting with additional information as it may become available.", ,ADS,current,26669.5,Unknown,Unknown,Unknown,Unknown,Unknown,Unknown,Unknown,Unknown,Unknown,Unknown,Unknown,Unknown,Unknown,Unknown,Unknown,Unknown,Unknown,Unknown,Unknown,Unknown,Unknown,Unknown,Unknown,Unknown,Unknown,45.0,Unknown,Unknown,Unknown,Unknown,Unknown,Unknown,Unknown,Unknown,Unknown,,Unknown,,Unknown,,Unknown,0.0,0.0,1.0,0.0,1,1,1,1,0,0,0,0,1,0,0,0,0,0,0,0,0,0,0,0,0,0,0,0,0,0,0,0,0,0,0,0,0,0,0,0,0,0,0,0,0,0,0,0,0,0,0,0,0,0,0,0,1,1,1,1,1,1,1,1,1,1,1,1,1,1,1,1,1,1,1,1,1,1,1,1,1,1,1,1,1,1,1,1,1,1,1,1,1,1,1,0,0.25041502412937644
16bc5d008489b40,30270-11940,1,Waymo LLC,5-Day,7.0,2024.0,OCT-2025,SADHW2S1XR1,Y,,JAGUAR, ,I-PACE, ,2024.0, ,26e4520dfdbdbb5,Unknown,"5th Generation ADS, Version 10", ,ADS,Verified Engaged,Waymo LLC, , ,Y, , , , , , , , , ,OCT-2025, ,12:28, ,16bc5d008489b40,[MAY CONTAIN PERSONALLY IDENTIFIABLE INFORMATION], ,[MAY CONTAIN PERSONALLY IDENTIFIABLE INFORMATION], ,[MAY CONTAIN PERSONALLY IDENTIFIABLE INFORMATION], ,Burlingame, ,CA,[MAY CONTAIN PERSONALLY IDENTIFIABLE INFORMATION], ,Intersection, , ,Y, , , , , ,Y, , , , , , , , , , ,Pickup Truck,Property Damage. No Injured Reported,Backing, , , , , , ,Y, , , , ,Proceeding Straight,"No Subject Vehicle, No Crash Partner","Yes Subject Vehicle, No Crash Partner",Subject Vehicle - No Passenger In Vehicle,6.0, , , , ,Y, , , , , , , , , ,Y, ,Y, , , ,Burlingame Police Department, ,Yes, ,"On October 20, 2025 at 12:28 PM a Waymo Autonomous Vehicle (""Waymo AV"") operating in Burlingame, California was in a collision involving a pickup truck on Capuchino Avenue at Broadway. 
The Waymo AV was traveling southeastbound on Capuchino Avenue when it came to a stop for a stop sign at the intersection at Broadway. After cross traffic cleared, the Waymo AV proceeded forward at a slow speed, yielding to pedestrians crossing Capuchino Avenue within the marked crosswalk ahead. As the Waymo AV was proceeding through the intersection, a pickup truck that was stopped facing northeast on Broadway, partially in-lane and partially in a parking stall at the curb, reversed out of the parking stall and into the intersection. The Waymo AV maneuvered to the right, and the rear of the pickup truck made contact with the rear left side of the Waymo AV. At the time of the impact, the Waymo AV's Level 4 ADS was engaged in autonomous mode. The Waymo AV sustained damage. 

Waymo is reporting this crash under Request No. 1 of Standing General Order 2021-01 because a vehicle involved was towed away. Waymo may supplement or correct its reporting with additional information as it may become available.", ,ADS,current,26669.5,Unknown,Unknown,Unknown,Unknown,Unknown,Unknown,Unknown,Unknown,Unknown,Unknown,Unknown,Unknown,Unknown,Unknown,Unknown,Unknown,Unknown,Unknown,Unknown,Unknown,Unknown,Unknown,Unknown,Unknown,Unknown,45.0,Unknown,Unknown,Unknown,Unknown,Unknown,Unknown,Unknown,Unknown,Unknown,,Unknown,,Unknown,,Unknown,0.0,0.0,1.0,0.0,1,1,1,1,0,0,0,0,1,0,0,0,0,0,0,0,0,0,0,0,0,0,0,0,0,0,0,0,0,0,0,0,0,0,0,0,0,0,0,0,0,0,0,0,0,0,0,0,0,0,0,0,1,1,1,1,1,1,1,1,1,1,1,1,1,1,1,1,1,1,1,1,1,1,1,1,1,1,1,1,1,1,1,1,1,1,1,1,1,1,1,0,0.20257143600468766
19a716eeeeaa926,30270-13399,1,Waymo LLC,5-Day,7.0,2024.0,DEC-2025,SADHW2S14R1,Y,[MAY CONTAIN PERSONALLY IDENTIFIABLE INFORMATION],JAGUAR, ,I-PACE, ,2024.0, ,ff6bd25af6b906c,Unknown,"5th Generation ADS, Version 10", ,ADS,Verified Engaged,Waymo LLC, , ,Y, , , , , , , , , ,DEC-2025, ,00:56, ,19a716eeeeaa926,[MAY CONTAIN PERSONALLY IDENTIFIABLE INFORMATION], ,[MAY CONTAIN PERSONALLY IDENTIFIABLE INFORMATION], ,[MAY CONTAIN PERSONALLY IDENTIFIABLE INFORMATION], ,Austin, ,TX,[MAY CONTAIN PERSONALLY IDENTIFIABLE INFORMATION], ,Street, , ,Y, , , , , ,Y, , , , , , , , , , ,Passenger Car,Property Damage. No Injured Reported,Proceeding Straight, , , , , , , , ,Y, , ,Stopped,"Yes Crash Partner, No Subject Vehicle","Yes Subject Vehicle, Yes Crash Partner",Subject Vehicle - No Passenger In Vehicle,0.0, , , , , , , ,Y, , , , , , ,Y, ,Y, , , ,Austin Police Department, ,Yes, ,"On December 17, 2025 at 12:56 AM CT a Waymo Autonomous Vehicle (""Waymo AV"") operating in Austin, Texas was in a collision involving a passenger car on Burleson Road at Metropolis Drive. 
The Waymo AV was stopped facing northwest in the leftmost lane on Burleson Road for a red light at the intersection with Metropolis Drive, when a passenger car began to slow as it approached the stopped Waymo AV from behind. As the passenger car was slowing, a pickup truck traveling behind the passenger car made contact with the rear of the passenger car, and as a result of this contact, the front of the passenger car then made contact with the rear of the stationary Waymo AV. At the time of the impact, the Waymo AV's Level 4 ADS was engaged in autonomous mode. All three vehicles sustained damage.

Waymo is reporting this crash under Request No. 1 of Standing General Order 2021-01 because a vehicle involved was towed away. Waymo may supplement or correct its reporting with additional information as it may become available.", ,ADS,current,26669.5,Unknown,Unknown,Unknown,Unknown,Unknown,Unknown,Unknown,Unknown,Unknown,Unknown,Unknown,Unknown,Unknown,Unknown,Unknown,Unknown,Unknown,Unknown,Unknown,Unknown,Unknown,Unknown,Unknown,Unknown,Unknown,45.0,Unknown,Unknown,Unknown,Unknown,Unknown,Unknown,Unknown,Unknown,Unknown,,Unknown,,Unknown,,Unknown,0.0,0.0,1.0,0.0,1,1,1,1,0,0,0,0,1,0,0,0,0,0,0,0,0,0,0,0,0,0,0,0,0,0,0,0,0,0,0,0,0,0,0,0,0,0,0,0,0,0,0,0,0,0,0,0,0,0,0,0,1,1,1,1,1,1,1,1,1,1,1,1,1,1,1,1,1,1,1,1,1,1,1,1,1,1,1,1,1,1,1,1,1,1,1,1,1,1,1,0,0.19381256776994382
1b34daff9fc7fdc,30270-13402,1,Waymo LLC,5-Day,7.0,2024.0,DEC-2025,SADHW2S1XR1,Y,[MAY CONTAIN PERSONALLY IDENTIFIABLE INFORMATION],JAGUAR, ,I-PACE, ,2024.0, ,a77007ff26ff23c,Unknown,"5th Generation ADS, Version 10", ,ADS,Verified Engaged,Waymo LLC, , ,Y, , , , , , , , , ,DEC-2025, ,21:07, ,1b34daff9fc7fdc,[MAY CONTAIN PERSONALLY IDENTIFIABLE INFORMATION], ,[MAY CONTAIN PERSONALLY IDENTIFIABLE INFORMATION], ,[MAY CONTAIN PERSONALLY IDENTIFIABLE INFORMATION], ,Santa Monica, ,CA,[MAY CONTAIN PERSONALLY IDENTIFIABLE INFORMATION], ,Intersection, , ,Y, , , , , ,Y, , , , , , , , , , ,Passenger Car,Property Damage. No Injured Reported,Proceeding Straight, , , , , , , , ,Y, , ,Stopped,"No Subject Vehicle, No Crash Partner","Yes Subject Vehicle, No Crash Partner",Subject Vehicle - All Belted,0.0, , , , , , , ,Y, , , , , , ,Y, ,Y, , , ,Unknown, ,Yes, ,"On December 14, 2025 at 9:07 PM PT a Waymo Autonomous Vehicle (""Waymo AV"") operating in Santa Monica, California was in a collision involving a passenger car on Ocean Park Boulevard at 17th Street. 
The Waymo AV was traveling westbound on Ocean Park Boulevard when it slowed to a stop for a red light at the intersection with 17th Street. A passenger car traveling in the same lane approached the Waymo AV from behind, and the front of the passenger car made contact with the rear of the stationary Waymo AV. At the time of the impact, the Waymo AV's Level 4 ADS was engaged in autonomous mode. Both vehicles sustained damage.

Waymo is reporting this crash under Request No. 1 of Standing General Order 2021-01 because a vehicle involved was towed away. Waymo may supplement or correct its reporting with additional information as it may become available.", ,ADS,current,26669.5,Unknown,Unknown,Unknown,Unknown,Unknown,Unknown,Unknown,Unknown,Unknown,Unknown,Unknown,Unknown,Unknown,Unknown,Unknown,Unknown,Unknown,Unknown,Unknown,Unknown,Unknown,Unknown,Unknown,Unknown,Unknown,45.0,Unknown,Unknown,Unknown,Unknown,Unknown,Unknown,Unknown,Unknown,Unknown,,Unknown,,Unknown,,Unknown,0.0,0.0,1.0,0.0,1,1,1,1,0,0,0,0,1,0,0,0,0,0,0,0,0,0,0,0,0,0,0,0,0,0,0,0,0,0,0,0,0,0,0,0,0,0,0,0,0,0,0,0,0,0,0,0,0,0,1,0,1,1,1,1,1,1,1,1,1,1,1,1,1,1,1,1,1,1,1,1,1,1,1,1,1,1,1,1,1,1,1,1,1,1,1,1,1,1,1,0,0.21677385951928962
1c7233a19c90db9,30270-13560,1,Waymo LLC,5-Day,7.0,2024.0,JAN-2026,SADHW2S14R1,Y,[MAY CONTAIN PERSONALLY IDENTIFIABLE INFORMATION],JAGUAR, ,I-PACE, ,2024.0, ,e04894ed76f3b20,Unknown,"5th Generation ADS, Version 10", ,ADS,Verified Engaged,Waymo LLC, , ,Y, , , , , , , , , ,JAN-2026, ,16:28, ,1c7233a19c90db9,[MAY CONTAIN PERSONALLY IDENTIFIABLE INFORMATION], ,[MAY CONTAIN PERSONALLY IDENTIFIABLE INFORMATION], ,[MAY CONTAIN PERSONALLY IDENTIFIABLE INFORMATION], ,Los Angeles, ,CA,[MAY CONTAIN PERSONALLY IDENTIFIABLE INFORMATION], ,Intersection, , ,Y, , , , , ,Y, , , , , , , , , , ,Passenger Car,Property Damage. No Injured Reported,Proceeding Straight, , , , , , , , ,Y, , ,Stopped,"No Subject Vehicle, No Crash Partner","Yes Subject Vehicle, No Crash Partner",Subject Vehicle - All Belted,0.0, , , , , , , ,Y, , , , , , ,Y, ,Y, , , ,Unknown, ,Yes, ,"On January 5, 2026 at 4:28 PM PT a Waymo Autonomous Vehicle (""Waymo AV"") operating in Los Angeles, California was in a collision involving a passenger car on Center Drive at S. Sepulveda Boulevard.
The Waymo AV was traveling westbound on Center Drive and came to a stop at a red light in the dedicated right turn lane at the intersection with S. Sepulveda Boulevard. The Waymo AV proceeded from the stop line, and then came to a stop again before entering S. Sepulveda Boulevard. A passenger car that was making a right turn directly behind the Waymo AV continued forward and the front of the passenger car made contact with the rear of the stationary Waymo AV. At the time of the impact, the Waymo AV's Level 4 ADS was engaged in autonomous mode. Both vehicles sustained damage.

Waymo is reporting this crash under Request No. 1 of Standing General Order 2021-01 because a vehicle involved was towed away. Waymo may supplement or correct its reporting with additional information as it may become available.", ,ADS,current,26669.5,Unknown,Unknown,Unknown,Unknown,Unknown,Unknown,Unknown,Unknown,Unknown,Unknown,Unknown,Unknown,Unknown,Unknown,Unknown,Unknown,Unknown,Unknown,Unknown,Unknown,Unknown,Unknown,Unknown,Unknown,Unknown,45.0,Unknown,Unknown,Unknown,Unknown,Unknown,Unknown,Unknown,Unknown,Unknown,,Unknown,,Unknown,,Unknown,0.0,0.0,1.0,0.0,1,1,1,1,0,0,0,0,1,0,0,0,0,0,0,0,0,0,0,0,0,0,0,0,0,0,0,0,0,0,0,0,0,0,0,0,0,0,0,0,0,0,0,0,0,0,0,0,0,0,1,0,1,1,1,1,1,1,1,1,1,1,1,1,1,1,1,1,1,1,1,1,1,1,1,1,1,1,1,1,1,1,1,1,1,1,1,1,1,1,1,0,0.21677385951928962
1cf4d28bc876306,30270-11544,1,Waymo LLC,5-Day,7.0,2024.0,AUG-2025,SADHW2S1XR1,Y,,JAGUAR, ,I-PACE, ,2024.0, ,9e40c2babfb79c8,Unknown,"5th Generation ADS, Version 10", ,ADS,Verified Engaged,Waymo LLC, , ,Y, , , , , , , , , ,AUG-2025, ,00:43, ,1cf4d28bc876306,[MAY CONTAIN PERSONALLY IDENTIFIABLE INFORMATION], ,[MAY CONTAIN PERSONALLY IDENTIFIABLE INFORMATION], ,, ,Los Angeles, ,CA,Unknown, ,Intersection, , ,Y, , , , , ,Y, , , , , , , , , , ,Passenger Car,Property Damage. No Injured Reported,Proceeding Straight, , ,Y, , , , , , , , ,Proceeding Straight,"No Subject Vehicle, No Crash Partner","Yes Subject Vehicle, No Crash Partner",Subject Vehicle - All Belted,7.0, , , , ,Y, , , , , , , , , ,Y, ,Y, , , ,Unknown, ,Yes, ,"On August [XXX], 2025 at 12:43 AM PT a Waymo Autonomous Vehicle (""Waymo AV"") operating in Los Angeles, California was in a collision involving a passenger car on [XXX] at [XXX]. 
The Waymo AV was traveling westbound in the rightmost lane on [XXX] when it began to slow as it approached a red light at the intersection at [XXX]. A passenger car that was traveling westbound in the adjacent lane proceeded to change lanes and approached the Waymo AV and a stopped SUV in the adjacent lane from behind as it was traveling in between lanes. The front right of the passenger car made contact with the rear left of the Waymo, and the left of the passenger car also made contact with the right of the stopped SUV. At the time of the impact, the Waymo AV's Level 4 ADS was engaged in autonomous mode. The Waymo AV, the passenger car, and the SUV sustained damage.
Waymo is reporting this crash under Request No. 1 of Standing General Order 2021-01 because a vehicle involved was towed away. Waymo may supplement or correct its reporting with additional information as it may become available.", ,ADS,current,26669.5,Unknown,Unknown,Unknown,Unknown,Unknown,Unknown,Unknown,Unknown,Unknown,Unknown,Unknown,Unknown,Unknown,Unknown,Unknown,Unknown,Unknown,Unknown,Unknown,Unknown,Unknown,Unknown,Unknown,Unknown,Unknown,45.0,Unknown,Unknown,Unknown,Unknown,Unknown,Unknown,Unknown,Unknown,Unknown,,Unknown,,Unknown,,Unknown,0.0,0.0,1.0,0.0,1,1,1,1,0,0,0,0,1,0,0,0,0,0,0,0,0,0,0,0,0,0,0,0,1,0,0,0,0,0,0,0,0,0,0,0,0,0,0,0,0,0,0,0,0,0,0,0,0,0,1,0,1,1,1,1,1,1,1,1,1,1,1,1,1,1,1,1,1,1,1,1,1,1,1,1,1,1,1,1,1,1,1,1,1,1,1,1,1,1,1,0,0.4047400002223453
1d624bfdf4fffa4,30270-13396,1,Waymo LLC,5-Day,7.0,2024.0,DEC-2025,SADHW2S10R1,Y,[MAY CONTAIN PERSONALLY IDENTIFIABLE INFORMATION],JAGUAR, ,I-PACE, ,2024.0, ,5dfc67f0ba73f41,Unknown,"5th Generation ADS, Version 10", ,ADS,Verified Engaged,Waymo LLC, , ,Y, , , , , , , , , ,DEC-2025, ,15:27, ,1d624bfdf4fffa4,[MAY CONTAIN PERSONALLY IDENTIFIABLE INFORMATION], ,[MAY CONTAIN PERSONALLY IDENTIFIABLE INFORMATION], ,[MAY CONTAIN PERSONALLY IDENTIFIABLE INFORMATION], ,Phoenix, ,AZ,[MAY CONTAIN PERSONALLY IDENTIFIABLE INFORMATION], ,Intersection, , ,Y, , , , , ,Y, , , , , , , , , , ,SUV,Property Damage. No Injured Reported,Passing, , ,Y, , , , , , , , ,Making Right Turn,"No Subject Vehicle, No Crash Partner","Yes Subject Vehicle, No Crash Partner",Subject Vehicle - No Passenger In Vehicle,2.0, , , , , , ,Y, , , , , , , ,Y, ,Y, , , ,Unknown, ,Yes, ,"On December 15, 2025 at 3:27 PM MT a Waymo Autonomous Vehicle (""Waymo AV"") operating in Phoenix, Arizona was in a collision involving an SUV on N. 22nd Avenue at W. Adams Street. 
The Waymo AV was stopped facing south positioned at an angle towards the left on N. 22nd Avenue for a stop sign at the intersection with W. Adams Street with its hazard lights activated, intending to turn right onto W. Adams Street. The Waymo AV remained stopped, yielding to traffic traveling westbound on W. Adams Street. An SUV approached the intersection and stopped facing south, behind and to the left of the Waymo AV. As the Waymo AV began to move into the roadway, the SUV proceeded to pass on the left of the Waymo AV and the front right side of the SUV made contact with the front left side of the Waymo AV. At the time of the impact, the Waymo AV's Level 4 ADS was engaged in autonomous mode. Both vehicles sustained damage.

Waymo is reporting this crash under Request No. 1 of Standing General Order 2021-01 because a vehicle involved was towed away. Waymo may supplement or correct its reporting with additional information as it may become available.", ,ADS,current,26669.5,Unknown,Unknown,Unknown,Unknown,Unknown,Unknown,Unknown,Unknown,Unknown,Unknown,Unknown,Unknown,Unknown,Unknown,Unknown,Unknown,Unknown,Unknown,Unknown,Unknown,Unknown,Unknown,Unknown,Unknown,Unknown,45.0,Unknown,Unknown,Unknown,Unknown,Unknown,Unknown,Unknown,Unknown,Unknown,,Unknown,,Unknown,,Unknown,0.0,0.0,1.0,0.0,1,1,1,1,0,0,0,0,1,0,0,0,0,0,0,0,0,0,0,0,0,0,0,0,0,0,0,0,0,0,0,0,0,0,0,0,0,0,0,0,0,0,0,0,0,0,0,0,0,0,1,0,1,1,1,1,1,1,1,1,1,1,1,1,1,1,1,1,1,1,1,1,1,1,1,1,1,1,1,1,1,1,1,1,1,1,1,1,1,1,1,0,0.1106936184039607
1db3847d4bf1127,30270-12011,1,Waymo LLC,5-Day,7.0,2024.0,OCT-2025,SADHW2S10R1,Y,,JAGUAR, ,I-PACE, ,2024.0, ,18006b05dea18c1,Unknown,"5th Generation ADS, Version 10", ,ADS,Verified Engaged,Waymo LLC, , ,Y, , , , , , , , , ,OCT-2025, ,10:46, ,1db3847d4bf1127,[MAY CONTAIN PERSONALLY IDENTIFIABLE INFORMATION], ,[MAY CONTAIN PERSONALLY IDENTIFIABLE INFORMATION], ,[MAY CONTAIN PERSONALLY IDENTIFIABLE INFORMATION], ,Mountain View, ,CA,[MAY CONTAIN PERSONALLY IDENTIFIABLE INFORMATION], ,Intersection, , ,Y, , , , , ,Y, , , , , , , , , , ,Passenger Car,Property Damage. No Injured Reported,Making Right Turn, , , , , , , , ,Y, , ,Stopped,"No Subject Vehicle, No Crash Partner","Yes Subject Vehicle, No Crash Partner",Subject Vehicle - No Passenger In Vehicle,0.0, , , , , , , ,Y, , , , , , ,Y, ,Y, , , ,Unknown, ,Yes, ,"On October 28, 2025 at 10:46 AM PT a Waymo Autonomous Vehicle (""Waymo AV"") operating in Mountain View, California was in a collision involving a passenger car on S. Whisman Road at E. Dana Street.
The Waymo AV was stopped facing west in the right turn lane on S. Whisman Road for a red light at the intersection with E. Dana Street. The Waymo AV initiated a right turn and then came to a stop again before entering E. Dana Street. A passenger car that was making a right turn directly behind the Waymo AV proceeded forward and the front of the passenger car made contact with the rear of the stationary Waymo AV. At the time of the impact, the Waymo AV's Level 4 ADS was engaged in autonomous mode. The Waymo AV sustained damage.

Waymo is reporting this crash under Request No. 1 of Standing General Order 2021-01 because a vehicle involved was towed away. Waymo may supplement or correct its reporting with additional information as it may become available.", ,ADS,current,26669.5,Unknown,Unknown,Unknown,Unknown,Unknown,Unknown,Unknown,Unknown,Unknown,Unknown,Unknown,Unknown,Unknown,Unknown,Unknown,Unknown,Unknown,Unknown,Unknown,Unknown,Unknown,Unknown,Unknown,Unknown,Unknown,45.0,Unknown,Unknown,Unknown,Unknown,Unknown,Unknown,Unknown,Unknown,Unknown,,Unknown,,Unknown,,Unknown,0.0,0.0,1.0,0.0,1,1,1,1,0,0,0,0,1,0,0,0,0,0,0,0,0,0,0,0,0,0,0,0,0,0,0,0,0,0,0,0,0,0,0,0,0,0,0,0,0,0,0,0,0,0,0,0,0,0,1,0,1,1,1,1,1,1,1,1,1,1,1,1,1,1,1,1,1,1,1,1,1,1,1,1,1,1,1,1,1,1,1,1,1,1,1,1,1,1,1,0,0.16686971913522813
1dfe493f4f85e40,30270-13062,1,Waymo LLC,5-Day,7.0,2024.0,NOV-2025,SADHW2S17R1,Y,[MAY CONTAIN PERSONALLY IDENTIFIABLE INFORMATION],JAGUAR, ,I-PACE, ,2024.0, ,6128170f11b5f5d,Unknown,"5th Generation ADS, Version 10", ,ADS,Verified Engaged,Waymo LLC, , ,Y, , , , , , , , , ,NOV-2025, ,14:22, ,1dfe493f4f85e40,[MAY CONTAIN PERSONALLY IDENTIFIABLE INFORMATION], ,[MAY CONTAIN PERSONALLY IDENTIFIABLE INFORMATION], ,[MAY CONTAIN PERSONALLY IDENTIFIABLE INFORMATION], ,San Francisco, ,CA,[MAY CONTAIN PERSONALLY IDENTIFIABLE INFORMATION], ,Street, , ,Y, , , , , ,Y, , , , , , , , , , ,Passenger Car,Property Damage. No Injured Reported,Proceeding Straight, , , , , , , , ,Y, , ,Stopped,"No Subject Vehicle, No Crash Partner","Yes Subject Vehicle, No Crash Partner",Subject Vehicle - No Passenger In Vehicle,0.0, , , , , , , ,Y, , , , , , ,Y, ,Y, , , ,Unknown, ,Yes, ,"On November 6, 2025 at 2:22 PM PT a Waymo Autonomous Vehicle (""Waymo AV"") operating in San Francisco, California was in a collision involving a passenger car on Duboce Avenue near Sanchez Street. 
The Waymo AV was traveling eastbound on Duboce Avenue with its right turn signal activated when it slowed to a stop in-lane, to yielding to a passenger car that was reversing at the curb where the AV intended to pull over for a passenger pick up. While the Waymo AV was stopped, a passenger car that was traveling eastbound on Duboce Avenue approached the Waymo AV from behind and the front of the passenger car made contact with the rear of the Waymo AV. At the time of the impact, the Waymo AV's Level 4 ADS was engaged in autonomous mode. Both vehicles sustained damage.

Waymo is reporting this crash under Request No. 1 of Standing General Order 2021-01 because a vehicle involved was towed away. Waymo may supplement or correct its reporting with additional information as it may become available.", ,ADS,current,26669.5,Unknown,Unknown,Unknown,Unknown,Unknown,Unknown,Unknown,Unknown,Unknown,Unknown,Unknown,Unknown,Unknown,Unknown,Unknown,Unknown,Unknown,Unknown,Unknown,Unknown,Unknown,Unknown,Unknown,Unknown,Unknown,45.0,Unknown,Unknown,Unknown,Unknown,Unknown,Unknown,Unknown,Unknown,Unknown,,Unknown,,Unknown,,Unknown,0.0,0.0,1.0,0.0,1,1,1,1,0,0,0,0,1,0,0,0,0,0,0,0,0,0,0,0,0,0,0,0,0,0,0,0,0,0,0,0,0,0,0,0,0,0,0,0,0,0,0,0,0,0,0,0,0,0,1,0,1,1,1,1,1,1,1,1,1,1,1,1,1,1,1,1,1,1,1,1,1,1,1,1,1,1,1,1,1,1,1,1,1,1,1,1,1,1,1,0,0.19381256776994382
20f2a1906a9c5fe,30270-11323,1,Waymo LLC,5-Day,7.0,2024.0,JUL-2025,SADHW2S11R1,Y,,JAGUAR, ,I-PACE, ,2024.0, ,c0243dee26386a3,Unknown,"5th Generation ADS, Version 10", ,ADS,Verified Engaged,Waymo LLC, , ,Y, , , , , , , , , ,JUL-2025, ,14:51, ,20f2a1906a9c5fe,[MAY CONTAIN PERSONALLY IDENTIFIABLE INFORMATION], ,[MAY CONTAIN PERSONALLY IDENTIFIABLE INFORMATION], ,, ,Tempe, ,AZ,Unknown, ,Street, , ,Y, , , , , ,Y, , , , , , , , , , ,Passenger Car,Minor W/O Hospitalization,Proceeding Straight, , , , , , , , ,Y, , ,Proceeding Straight,"No Subject Vehicle, No Crash Partner","Yes Subject Vehicle, Yes Crash Partner",Subject Vehicle - All Belted,16.0, , , , , , , ,Y, , , , , , ,Y, ,Y, , , ,Unknown,Y,Yes, ,"On July [XXX], 2025 at 2:51 PM MT a Waymo Autonomous Vehicle (""Waymo AV"") operating in Tempe, Arizona was in a collision involving a passenger car on [XXX] near [XXX]. 
The Waymo AV was traveling southbound in the right lane on [XXX], slowing for a queue of traffic near the intersection of [XXX]. A passenger car traveling southbound in the right lane on [XXX] approached the Waymo AV from behind, and the front of the passenger car made contact with the rear of the Waymo AV. At the time of the impact, the Waymo AV's Level 4 ADS was engaged in autonomous mode. Both vehicles sustained damage. The rider of the Waymo AV alleged a minor injury.
Waymo is reporting this crash under Request No. 1 of Standing General Order 2021-01 because a vehicle involved was towed away. Waymo may supplement or correct its reporting with additional information as it may become available.", ,ADS,current,26669.5,Unknown,Unknown,Unknown,Unknown,Unknown,Unknown,Unknown,Unknown,Unknown,Unknown,Unknown,Unknown,Unknown,Unknown,Unknown,Unknown,Unknown,Unknown,Unknown,Unknown,Unknown,Unknown,Unknown,Unknown,Unknown,45.0,Unknown,Unknown,Unknown,Unknown,Unknown,Unknown,Unknown,Unknown,Unknown,,Unknown,,Unknown,,Unknown,1.0,0.0,1.0,0.0,1,1,1,1,0,0,0,0,1,0,0,0,0,0,0,0,0,0,0,0,0,0,0,0,1,0,0,0,0,0,0,0,0,0,0,0,0,0,0,0,0,0,0,0,0,0,0,0,0,0,1,0,1,1,1,1,1,1,1,1,1,1,1,1,1,1,1,1,1,1,1,1,1,1,1,1,1,1,1,1,1,1,1,1,1,1,1,1,1,1,1,0,0.4135606747135527
211c0979b29b3ef,30270-12053,1,Waymo LLC,5-Day,7.0,2024.0,NOV-2025,SADHW2S18R1,Y,[MAY CONTAIN PERSONALLY IDENTIFIABLE INFORMATION],JAGUAR, ,I-PACE, ,2024.0, ,26315ce12f70421,Unknown,"5th Generation ADS, Version 10", ,ADS,Verified Engaged,Waymo LLC, , ,Y, , , , , , , , , ,OCT-2025, ,06:42, ,211c0979b29b3ef,[MAY CONTAIN PERSONALLY IDENTIFIABLE INFORMATION], ,[MAY CONTAIN PERSONALLY IDENTIFIABLE INFORMATION], ,[MAY CONTAIN PERSONALLY IDENTIFIABLE INFORMATION], ,Phoenix, ,AZ,[MAY CONTAIN PERSONALLY IDENTIFIABLE INFORMATION], ,Street, , ,Y, , , , , , , ,Y, , , , , , , , ,Pickup Truck,Property Damage. No Injured Reported,Proceeding Straight, , , , , , , , ,Y, , ,Stopped,"No Subject Vehicle, No Crash Partner","Yes Subject Vehicle, No Crash Partner",Subject Vehicle - All Belted,0.0, , , , , , , ,Y, , , , , , ,Y, ,Y, , , ,Phoenix Police Department, ,Yes, ,"On October 31, 2025 at 6:42 AM MT a Waymo Autonomous Vehicle (""Waymo AV"") operating in Phoenix, Arizona was in a collision involving a pickup truck on Thomas Road near N. 12th Street. 
The Waymo AV was traveling eastbound in the third from the right lane on Thomas Road. As the Waymo AV approached the intersection at N. 12th Street, it slowed to a stop prior to entering the intersection due to debris in the Waymo AV's lane of travel. A pickup truck traveling eastbound on Thomas Road behind the Waymo AV approached the Waymo AV from behind and the front of the pickup truck made contact with the rear of the stationary Waymo AV. At the time of the impact, the Waymo AV's Level 4 ADS was engaged in autonomous mode. Both vehicles sustained damage.

Waymo is reporting this crash under Request No. 1 of Standing General Order 2021-01 because a vehicle involved was towed away. Waymo may supplement or correct its reporting with additional information as it may become available.", ,ADS,current,26669.5,Unknown,Unknown,Unknown,Unknown,Unknown,Unknown,Unknown,Unknown,Unknown,Unknown,Unknown,Unknown,Unknown,Unknown,Unknown,Unknown,Unknown,Unknown,Unknown,Unknown,Unknown,Unknown,Unknown,Unknown,Unknown,45.0,Unknown,Unknown,Unknown,Unknown,Unknown,Unknown,Unknown,Unknown,Unknown,,Unknown,,Unknown,,Unknown,0.0,0.0,1.0,0.0,1,1,1,1,0,0,0,0,1,0,0,0,0,0,0,0,0,0,0,0,0,0,0,0,0,0,0,0,0,0,0,0,0,0,0,0,0,0,0,0,0,0,0,0,0,0,0,0,0,0,0,0,1,1,1,1,1,1,1,1,1,1,1,1,1,1,1,1,1,1,1,1,1,1,1,1,1,1,1,1,1,1,1,1,1,1,1,1,1,1,1,0,0.21073307616000697
2234317073e09fd,30270-13324,1,Waymo LLC,5-Day,7.0,2024.0,DEC-2025,SADHW2S10R1,Y,[MAY CONTAIN PERSONALLY IDENTIFIABLE INFORMATION],JAGUAR, ,I-PACE, ,2024.0, ,1070c2b8ab10432,Unknown,"5th Generation ADS, Version 10", ,ADS,Verified Engaged,Waymo LLC, , ,Y, , , , , , , , , ,DEC-2025, ,12:15, ,2234317073e09fd,[MAY CONTAIN PERSONALLY IDENTIFIABLE INFORMATION], ,[MAY CONTAIN PERSONALLY IDENTIFIABLE INFORMATION], ,[MAY CONTAIN PERSONALLY IDENTIFIABLE INFORMATION], ,San Francisco, ,CA,[MAY CONTAIN PERSONALLY IDENTIFIABLE INFORMATION], ,Intersection, , ,Y, , , , , ,Y, , , , , , , , , , ,Heavy Truck,Property Damage. No Injured Reported,Passing, , , , , , , ,Y, , , ,Stopped,"No Subject Vehicle, No Crash Partner","Yes Subject Vehicle, No Crash Partner",Subject Vehicle - No Passenger In Vehicle,0.0, , ,Y, , , , , , , , , , , ,Y, ,Y, , , ,Unknown, ,Yes, ,"On December 8, 2025 at 12:15 PM PT a Waymo Autonomous Vehicle (""Waymo AV"") operating in San Francisco, California was in a collision involving a heavy truck on 15th Street at Caledonia Street. 
The Waymo AV was stopped in the right lane of westbound 15th Street just before the intersection with Caledonia Street due to a queue of stopped traffic. A heavy truck traveling westbound in the left lane on 15th Street then passed the Waymo AV on the left, and the right rear side of the heavy truck made contact with the left side of the stationary Waymo AV. At the time of the impact, the Waymo AV's Level 4 ADS was engaged in autonomous mode. The Waymo AV sustained damage.

Waymo is reporting this crash under Request No. 1 of Standing General Order 2021-01 because a vehicle involved was towed away. Waymo may supplement or correct its reporting with additional information as it may become available.", ,ADS,current,26669.5,Unknown,Unknown,Unknown,Unknown,Unknown,Unknown,Unknown,Unknown,Unknown,Unknown,Unknown,Unknown,Unknown,Unknown,Unknown,Unknown,Unknown,Unknown,Unknown,Unknown,Unknown,Unknown,Unknown,Unknown,Unknown,45.0,Unknown,Unknown,Unknown,Unknown,Unknown,Unknown,Unknown,Unknown,Unknown,,Unknown,,Unknown,,Unknown,0.0,0.0,1.0,0.0,1,1,1,1,0,0,0,0,1,0,0,0,0,0,0,0,0,0,0,0,0,0,0,0,0,0,0,0,0,0,0,0,0,0,0,0,0,0,0,0,0,0,0,0,0,0,0,0,0,0,1,0,1,1,1,1,1,1,1,1,1,1,1,1,1,1,1,1,1,1,1,1,1,1,1,1,1,1,1,1,1,1,1,1,1,1,1,1,1,1,1,0,0.2136856095582305
227230f1de818d3,30270-11279,1,Waymo LLC,5-Day,7.0,2024.0,JUL-2025,SADHW2S18R1,Y,,JAGUAR, ,I-PACE, ,2024.0, ,006ffe23c5da72b,Unknown,"5th Generation ADS, Version 10", ,ADS,Verified Engaged,Waymo LLC, , ,Y, , , , , , , , , ,JUL-2025, ,18:03, ,227230f1de818d3,[MAY CONTAIN PERSONALLY IDENTIFIABLE INFORMATION], ,[MAY CONTAIN PERSONALLY IDENTIFIABLE INFORMATION], ,, ,San Francisco, ,CA,Unknown, ,Street, , ,Y, , , , , , , ,Y, , , , , , , , ,Passenger Car,Property Damage. No Injured Reported,Proceeding Straight, , ,Y, , , , , , , , ,Proceeding Straight,"No Subject Vehicle, No Crash Partner","Yes Subject Vehicle, No Crash Partner",Subject Vehicle - No Passenger In Vehicle,1.0, ,Y, , , , , , , , , , , , ,Y, ,Y, , , ,Unknown, ,Yes, ,"On July [XXX], 2025 at 6:03 PM PT a Waymo Autonomous Vehicle (""Waymo AV"") operating in San Francisco, California was in a collision involving a passenger car on [XXX] near [XXX]. 
The Waymo AV was traveling southeastbound on [XXX] in the second to the right lane when it slowed to yield to a taxicab in the rightmost dedicated transit lane attempting to merge into the Waymo AV's lane of travel. A passenger car traveling behind the Waymo AV approached the Waymo AV from behind, and the front driver side of the passenger car made contact with the rear passenger side of the Waymo AV. At the time of the impact, the Waymo AV's Level 4 ADS was engaged in autonomous mode. Both vehicles sustained damage.
Waymo is reporting this crash under Request No. 1 of Standing General Order 2021-01 because a vehicle involved was towed away. Waymo may supplement or correct its reporting with additional information as it may become available.", ,ADS,current,26669.5,Unknown,Unknown,Unknown,Unknown,Unknown,Unknown,Unknown,Unknown,Unknown,Unknown,Unknown,Unknown,Unknown,Unknown,Unknown,Unknown,Unknown,Unknown,Unknown,Unknown,Unknown,Unknown,Unknown,Unknown,Unknown,45.0,Unknown,Unknown,Unknown,Unknown,Unknown,Unknown,Unknown,Unknown,Unknown,,Unknown,,Unknown,,Unknown,0.0,0.0,1.0,0.0,1,1,1,1,0,0,0,0,1,0,0,0,0,0,0,0,0,0,0,0,0,0,0,0,1,0,0,0,0,0,0,0,0,0,0,0,0,0,0,0,0,0,0,0,0,0,0,0,0,0,1,0,1,1,1,1,1,1,1,1,1,1,1,1,1,1,1,1,1,1,1,1,1,1,1,1,1,1,1,1,1,1,1,1,1,1,1,1,1,1,1,0,0.33154111804182235
27673b8954d27c0,30270-11618,1,Waymo LLC,5-Day,7.0,2024.0,SEP-2025,SADHW2S12R1,Y,,JAGUAR, ,I-PACE, ,2024.0, ,4f4fd5c6484e8d2,Unknown,"5th Generation ADS, Version 10", ,ADS,Verified Engaged,Waymo LLC, , ,Y, , , , , , , , , ,SEP-2025, ,14:52, ,27673b8954d27c0,[MAY CONTAIN PERSONALLY IDENTIFIABLE INFORMATION], ,[MAY CONTAIN PERSONALLY IDENTIFIABLE INFORMATION], ,, ,San Francisco, ,CA,Unknown, ,Intersection, , ,Y, , , , , ,Y, , , , , , , , , , ,Heavy Truck,Property Damage. No Injured Reported,Crossing into Opposing Lane, ,Y, , , , , , , , , ,Stopped,"No Subject Vehicle, No Crash Partner","Yes Subject Vehicle, No Crash Partner",Subject Vehicle - All Belted,0.0, , , , ,Y, , , , , , , , , ,Y, ,Y, , , ,Unknown, ,Yes, ,"On September [XXX], 2025 at 2:52 PM PT a Waymo Autonomous Vehicle (""Waymo AV"") operating in San Francisco, California was in a collision involving a heavy truck on [XXX] at [XXX]. 
The Waymo AV was traveling northbound on [XXX] when it came to a stop for a red light at the intersection with [XXX]. A heavy truck and trailer traveling eastbound on [XXX] initiated a right turn onto southbound [XXX]. As the heavy truck was completing the turn and passing the stationary Waymo AV, the left side of the heavy truck's cab made contact with the rear left side of the Waymo AV. At the time of the impact, the Waymo AV's Level 4 ADS was engaged in autonomous mode. The Waymo AV sustained damage.
Waymo is reporting this crash under Request No. 1 of Standing General Order 2021-01 because a vehicle involved was towed away. Waymo may supplement or correct its reporting with additional information as it may become available.", ,ADS,current,26669.5,Unknown,Unknown,Unknown,Unknown,Unknown,Unknown,Unknown,Unknown,Unknown,Unknown,Unknown,Unknown,Unknown,Unknown,Unknown,Unknown,Unknown,Unknown,Unknown,Unknown,Unknown,Unknown,Unknown,Unknown,Unknown,45.0,Unknown,Unknown,Unknown,Unknown,Unknown,Unknown,Unknown,Unknown,Unknown,,Unknown,,Unknown,,Unknown,0.0,0.0,1.0,0.0,1,1,1,1,0,0,0,0,1,0,0,0,0,0,0,0,0,0,0,0,0,0,0,0,1,0,0,0,0,0,0,0,0,0,0,0,0,0,0,0,0,0,0,0,0,0,0,0,0,0,1,0,1,1,1,1,1,1,1,1,1,1,1,1,1,1,1,1,1,1,1,1,1,1,1,1,1,1,1,1,1,1,1,1,1,1,1,1,1,1,1,0,0.35174994594436654
27d6570e40d2bf3,30270-11996,1,Waymo LLC,5-Day,7.0,2024.0,OCT-2025,SADHW2S10R1,Y,,JAGUAR, ,I-PACE, ,2024.0, ,d809f090f988fd5,Unknown,"5th Generation ADS, Version 10", ,ADS,Verified Engaged,Waymo LLC, , ,Y, , , , , , , , , ,OCT-2025, ,00:37, ,27d6570e40d2bf3,[MAY CONTAIN PERSONALLY IDENTIFIABLE INFORMATION], ,[MAY CONTAIN PERSONALLY IDENTIFIABLE INFORMATION], ,[MAY CONTAIN PERSONALLY IDENTIFIABLE INFORMATION], ,Austin, ,TX,[MAY CONTAIN PERSONALLY IDENTIFIABLE INFORMATION], ,Street, , , , , , ,Y, , , , , , ,Y, , , , , ,"Other, see Narrative",Property Damage. No Injured Reported,"Other, see Narrative", , , , , , , , , , ,Y,Proceeding Straight,"No Subject Vehicle, No Crash Partner","Yes Subject Vehicle, No Crash Partner",Subject Vehicle - No Passenger In Vehicle,20.0, , , , , , , ,Y, ,Y,Y, , , ,Y, ,Y, , , ,Unknown, ,Yes, ,"On October 25, 2025 at 12:37 AM CT a Waymo Autonomous Vehicle (""Waymo AV"") operating in Austin, Texas traveled through standing water on Harris Boulevard at W. 30th Street. 
The Waymo AV was traveling southwestbound on Harris Boulevard and proceeding straight through the intersection with W. 30th Street when it approached standing water in the Waymo AV''s lane of travel. As the Waymo AV traveled through the standing water, which made contact with the front, rear, and bottom of the Waymo AV. At the time of the impact, the Waymo AV's Level 4 ADS was engaged in autonomous mode. The Waymo AV sustained damage.

Waymo is reporting this crash under Request No. 1 of Standing General Order 2021-01 because a vehicle involved was towed away. Waymo may supplement or correct its reporting with additional information as it may become available.", ,ADS,current,26669.5,Unknown,Unknown,Unknown,Unknown,Unknown,Unknown,Unknown,Unknown,Unknown,Unknown,Unknown,Unknown,Unknown,Unknown,Unknown,Unknown,Unknown,Unknown,Unknown,Unknown,Unknown,Unknown,Unknown,Unknown,Unknown,45.0,Unknown,Unknown,Unknown,Unknown,Unknown,Unknown,Unknown,Unknown,Unknown,,Unknown,,Unknown,,Unknown,0.0,0.0,1.0,0.0,1,1,1,1,0,0,0,0,1,0,0,0,0,0,0,0,0,0,0,0,0,0,0,0,0,0,0,0,0,0,0,0,0,0,0,0,0,0,0,0,0,0,0,0,0,0,0,0,0,0,1,0,1,1,1,1,1,1,1,1,1,1,1,1,1,1,1,1,1,1,1,1,1,1,1,1,1,1,1,1,1,1,1,1,1,1,1,1,1,1,1,0,0.2758708282675724
27f5ade8b2a100c,30610-11497,1,"Zoox, Inc.",5-Day,7.0,2024.0,AUG-2025,7Z00XVHX1TC,Y,,ZOOX, ,Zoox, ,2026.0, ,c78e6704cc97575,Unknown,B435.25.08.07, ,ADS,Verified Engaged,Zoox, , , , ,Y,Y, , , , , , ,AUG-2025, ,18:16, ,27f5ade8b2a100c,[MAY CONTAIN PERSONALLY IDENTIFIABLE INFORMATION], ,[MAY CONTAIN PERSONALLY IDENTIFIABLE INFORMATION], ,, ,San Francisco, ,CA,Unknown, ,Street, , ,Y, , , , , ,Y, , , , , , , , , , ,SUV,Property Damage. No Injured Reported,Backing, , , , , ,Y, , , , , ,Proceeding Straight,"No Subject Vehicle, No Crash Partner","Yes Subject Vehicle, No Crash Partner",Subject Vehicle - No Passenger In Vehicle,0.0, ,Y, , , , , , , , , , , , ,Y, ,Y, , , ,Unknown, ,Yes, ,"An unoccupied Zoox vehicle in autonomy was traveling north on [XXX] toward [XXX] in San Francisco and slowing for an SUV (Vehicle 2) ahead, also heading north on [XXX]. As the Zoox vehicle approached the nearly stopped Vehicle 2, it steered left to pass. The driver of Vehicle 2 then, without using a turn signal, abruptly began reversing in an apparent attempt to parallel park on the right side of [XXX]. The Zoox vehicle then braked to a near stop when it was struck on the right rear wheel by Vehicle 2 as it swung into a parking space. Shortly afterward, the Zoox vehicle was towed from the scene for inspection. The Zoox vehicle did not sustain damage, but the left front bumper of the SUV appeared to have minor damage. There were no reported injuries, and the police were not called.", ,ADS,current,26669.5,Unknown,Unknown,Unknown,Unknown,Unknown,Unknown,Unknown,Unknown,Unknown,Unknown,Unknown,Unknown,Unknown,Unknown,Unknown,Unknown,Unknown,Unknown,Unknown,Unknown,Unknown,Unknown,Unknown,Unknown,Unknown,45.0,Unknown,Unknown,Unknown,Unknown,Unknown,Unknown,Unknown,Unknown,Unknown,,Unknown,,Unknown,,Unknown,0.0,0.0,1.0,0.0,1,1,1,1,0,0,0,0,1,0,0,0,0,0,0,0,0,0,0,0,0,0,0,0,1,0,0,0,0,0,0,0,0,0,0,0,0,0,0,0,0,0,0,0,0,0,0,0,0,0,1,0,1,1,1,1,1,1,1,1,1,1,1,1,1,1,1,1,1,1,1,1,1,1,1,1,1,1,1,1,1,1,1,1,1,1,1,1,1,1,1,0,0.11748408666820596
29280726fd13302,30270-13490,1,Waymo LLC,5-Day,7.0,2024.0,DEC-2025,SADHW2S19R1,Y,[MAY CONTAIN PERSONALLY IDENTIFIABLE INFORMATION],JAGUAR, ,I-PACE, ,2024.0, ,a88fd3ac5a8e5d9,Unknown,"5th Generation ADS, Version 10", ,ADS,Verified Engaged,Waymo LLC, , ,Y, , , , , , , , , ,DEC-2025, ,22:17, ,29280726fd13302,[MAY CONTAIN PERSONALLY IDENTIFIABLE INFORMATION], ,[MAY CONTAIN PERSONALLY IDENTIFIABLE INFORMATION], ,[MAY CONTAIN PERSONALLY IDENTIFIABLE INFORMATION], ,Los Angeles, ,CA,[MAY CONTAIN PERSONALLY IDENTIFIABLE INFORMATION], ,Street, , ,Y, , , , , ,Y, , , , , , , , , , ,SUV,Minor W/O Hospitalization,Proceeding Straight, , , , , , , , ,Y, , ,Proceeding Straight,"Yes Crash Partner, No Subject Vehicle","Yes Subject Vehicle, Yes Crash Partner",Subject Vehicle - Not Belted - see Narrative,9.0, , , , , , , ,Y, , , , , , ,Y, ,Y, , , ,Los Angeles Police Department, ,Yes, ,"On December 26, 2025 at 10:17 PM PT a Waymo Autonomous Vehicle (""Waymo AV"") operating in Los Angeles, California was in a collision involving an SUV on S. Los Angeles Street near Toyo Miyatake Way.
The Waymo AV was traveling southwestbound in the right lane on S. Los Angeles Street when it began to slow for a flashing red light at the intersection with Toyo Miyatake Way. While the Waymo AV was slowing, an SUV traveling southwestbound in the right lane on S. Los Angeles Street began accelerating as it approached the Waymo AV from behind and the front of the SUV made contact with the rear of the Waymo AV. At the time of the impact, the Waymo AV's Level 4 ADS was engaged in autonomous mode. Both vehicles sustained damage. The passengers in the Waymo AV were not belted at the time of the collisions. The passengers in the Waymo AV alleged minor injuries.

Waymo is reporting this crash under Request No. 1 of Standing General Order 2021-01 because a vehicle involved was towed away. Waymo may supplement or correct its reporting with additional information as it may become available.", ,ADS,current,26669.5,Unknown,Unknown,Unknown,Unknown,Unknown,Unknown,Unknown,Unknown,Unknown,Unknown,Unknown,Unknown,Unknown,Unknown,Unknown,Unknown,Unknown,Unknown,Unknown,Unknown,Unknown,Unknown,Unknown,Unknown,Unknown,45.0,Unknown,Unknown,Unknown,Unknown,Unknown,Unknown,Unknown,Unknown,Unknown,,Unknown,,Unknown,,Unknown,1.0,0.0,1.0,0.0,1,1,1,1,0,0,0,0,1,0,0,0,0,0,0,0,0,0,0,0,0,0,0,0,0,0,0,0,0,0,0,0,0,0,0,0,0,0,0,0,0,0,0,0,0,0,0,0,0,0,0,0,1,1,1,1,1,1,1,1,1,1,1,1,1,1,1,1,1,1,1,1,1,1,1,1,1,1,1,1,1,1,1,1,1,1,1,1,1,1,1,0,0.328937787017594
296a10c4ae23dcc,30270-13127,1,Waymo LLC,5-Day,7.0,2024.0,NOV-2025,SADHW2S16R1,Y,[MAY CONTAIN PERSONALLY IDENTIFIABLE INFORMATION],JAGUAR, ,I-PACE, ,2024.0, ,d7ddc7d55ccde2a,Unknown,"5th Generation ADS, Version 10", ,ADS,Verified Engaged,Waymo LLC, , ,Y, , , , , , , , , ,NOV-2025, ,23:12, ,296a10c4ae23dcc,[MAY CONTAIN PERSONALLY IDENTIFIABLE INFORMATION], ,[MAY CONTAIN PERSONALLY IDENTIFIABLE INFORMATION], ,[MAY CONTAIN PERSONALLY IDENTIFIABLE INFORMATION], ,Phoenix, ,AZ,[MAY CONTAIN PERSONALLY IDENTIFIABLE INFORMATION], ,Parking Lot, , ,Y, , , , , ,Y, , , , , , , , , , ,Heavy Truck,Property Damage. No Injured Reported,Passing, , , ,Y, , , , , , , ,Stopped,"No Subject Vehicle, No Crash Partner","Yes Subject Vehicle, No Crash Partner",Subject Vehicle - No Passenger In Vehicle,0.0, , , , ,Y, , , , , , , , , ,Y, ,Y, , , ,Unknown, ,Yes, ,"On November 14, 2025 at 11:12 PM MT a Waymo Autonomous Vehicle (""Waymo AV"") operating in Phoenix, Arizona was in a collision involving a heavy truck in a parking lot at 5835 N. 16th Street. 
The Waymo AV was stopped in-lane facing east in a parking lot at 5835 N. 16th Street with hazard lights activated for a passenger drop-off. While the Waymo AV was stopped, a heavy truck traveling westbound in the parking lot proceeded to pass the Waymo AV on the left, and the rear left side of the heavy truck trailer made contact with the rear left side of the stationary Waymo AV. At the time of the impact, the Waymo AV's Level 4 ADS was engaged in autonomous mode. The Waymo AV sustained damage.

Waymo is reporting this crash under Request No. 1 of Standing General Order 2021-01 because a vehicle involved was towed away. Waymo may supplement or correct its reporting with additional information as it may become available.", ,ADS,current,26669.5,Unknown,Unknown,Unknown,Unknown,Unknown,Unknown,Unknown,Unknown,Unknown,Unknown,Unknown,Unknown,Unknown,Unknown,Unknown,Unknown,Unknown,Unknown,Unknown,Unknown,Unknown,Unknown,Unknown,Unknown,Unknown,45.0,Unknown,Unknown,Unknown,Unknown,Unknown,Unknown,Unknown,Unknown,Unknown,,Unknown,,Unknown,,Unknown,0.0,0.0,1.0,0.0,1,1,1,1,0,0,0,0,1,0,0,0,0,0,0,0,0,0,0,0,0,0,0,0,0,0,0,0,0,0,0,0,0,0,0,0,0,0,0,0,0,0,0,0,0,0,0,0,0,0,1,0,1,1,1,1,1,1,1,1,1,1,1,1,1,1,1,1,1,1,1,1,1,1,1,1,1,1,1,1,1,1,1,1,1,1,1,1,1,1,1,0,0.22838194825242783
2a1910c31a9964b,30270-13080,1,Waymo LLC,5-Day,7.0,2024.0,NOV-2025,SADHW2S17R1,Y,[MAY CONTAIN PERSONALLY IDENTIFIABLE INFORMATION],JAGUAR, ,I-PACE, ,2024.0, ,e74690add55a695,Unknown,"5th Generation ADS, Version 10", ,ADS,Verified Engaged,Waymo LLC, , ,Y, , , , , , , , , ,NOV-2025, ,17:47, ,2a1910c31a9964b,[MAY CONTAIN PERSONALLY IDENTIFIABLE INFORMATION], ,[MAY CONTAIN PERSONALLY IDENTIFIABLE INFORMATION], ,[MAY CONTAIN PERSONALLY IDENTIFIABLE INFORMATION], ,San Francisco, ,CA,[MAY CONTAIN PERSONALLY IDENTIFIABLE INFORMATION], ,Street, , ,Y, , , , , ,Y, , , , , , , , , , ,Bus,Property Damage. No Injured Reported,Passing, , , , , , , ,Y, , , ,Parked,"No Subject Vehicle, No Crash Partner","Yes Subject Vehicle, No Crash Partner",Subject Vehicle - All Belted,0.0, , , , ,Y, , , , , , , , , ,Y, ,Y, , , ,Unknown, ,Yes, ,"On November 6, 2025 at 5:47 PM PT a Waymo Autonomous Vehicle (""Waymo AV"") operating in San Francisco, California was in a collision involving a bus on Union Street at Buchanan Street. 
The Waymo AV was parked facing east on Union Street, partially at the curb and partially in-lane with hazard lights activated. A bus traveling eastbound on Union Street came to a stop at the curb behind the Waymo AV. After stopping momentarily for passenger boarding and unboarding, the bus proceeded to pass the Waymo AV on the left and the right side of the bus made contact with the rear left side of the stationary Waymo AV. At the time of the impact, the Waymo AV's Level 4 ADS was engaged in autonomous mode. Both vehicles sustained damage.

Waymo is reporting this crash under Request No. 1 of Standing General Order 2021-01 because a vehicle involved was towed away. Waymo may supplement or correct its reporting with additional information as it may become available.", ,ADS,current,26669.5,Unknown,Unknown,Unknown,Unknown,Unknown,Unknown,Unknown,Unknown,Unknown,Unknown,Unknown,Unknown,Unknown,Unknown,Unknown,Unknown,Unknown,Unknown,Unknown,Unknown,Unknown,Unknown,Unknown,Unknown,Unknown,45.0,Unknown,Unknown,Unknown,Unknown,Unknown,Unknown,Unknown,Unknown,Unknown,,Unknown,,Unknown,,Unknown,0.0,0.0,1.0,0.0,1,1,1,1,0,0,0,0,1,0,0,0,0,0,0,0,0,0,0,0,0,0,0,0,0,0,0,0,0,0,0,0,0,0,0,0,0,0,0,0,0,0,0,0,0,0,0,0,0,0,1,0,1,1,1,1,1,1,1,1,1,1,1,1,1,1,1,1,1,1,1,1,1,1,1,1,1,1,1,1,1,1,1,1,1,1,1,1,1,1,1,0,0.3287411520142353
2a20b0200d6dd5d,30270-11863,1,Waymo LLC,5-Day,7.0,2024.0,OCT-2025,SADHW2S14R1,Y,,JAGUAR, ,I-PACE, ,2024.0, ,3636e171cbf3cce,Unknown,"5th Generation ADS, Version 10", ,ADS,Verified Engaged,Waymo LLC, , ,Y, , , , , , , , , ,OCT-2025, ,07:10, ,2a20b0200d6dd5d,[MAY CONTAIN PERSONALLY IDENTIFIABLE INFORMATION], ,[MAY CONTAIN PERSONALLY IDENTIFIABLE INFORMATION], ,[MAY CONTAIN PERSONALLY IDENTIFIABLE INFORMATION], ,Scottsdale, ,AZ,[MAY CONTAIN PERSONALLY IDENTIFIABLE INFORMATION], ,Street, , ,Y, , , , , ,Y, , , , , , , , , , ,Pickup Truck,Property Damage. No Injured Reported,Backing,Y, , , , , , , , , , ,Parked,"No Subject Vehicle, No Crash Partner","Yes Subject Vehicle, No Crash Partner",Subject Vehicle - No Passenger In Vehicle,0.0, , ,Y, , , , , , , , , , , ,Y, ,Y, , , ,Unknown, ,Yes, ,"On October 7, 2025 at 7:10 AM MT a Waymo Autonomous Vehicle (""Waymo AV"") operating in Scottsdale, Arizona was in a collision involving a flatbed pickup truck on N. 54th Street near E. Thunderbird Road. 
The Waymo AV was parked at the curb facing north on the east side of N. 54th Street. A flatbed pickup truck that was stopped facing west in a driveway on the west side of N. 54th Street reversed out of the driveway and across the roadway, and the rear right side of the flatbed made contact with the left side of the stationary Waymo AV. At the time of the impact, the Waymo AV's Level 4 ADS was engaged in autonomous mode. The Waymo AV sustained damage.

Waymo is reporting this crash under Request No. 1 of Standing General Order 2021-01 because a vehicle involved was towed away. Waymo may supplement or correct its reporting with additional information as it may become available.", ,ADS,current,26669.5,Unknown,Unknown,Unknown,Unknown,Unknown,Unknown,Unknown,Unknown,Unknown,Unknown,Unknown,Unknown,Unknown,Unknown,Unknown,Unknown,Unknown,Unknown,Unknown,Unknown,Unknown,Unknown,Unknown,Unknown,Unknown,45.0,Unknown,Unknown,Unknown,Unknown,Unknown,Unknown,Unknown,Unknown,Unknown,,Unknown,,Unknown,,Unknown,0.0,0.0,1.0,0.0,1,1,1,1,0,0,0,0,1,0,0,0,0,0,0,0,0,0,0,0,0,0,0,0,0,0,0,0,0,0,0,0,0,0,0,0,0,0,0,0,0,0,0,0,0,0,0,0,0,0,1,0,1,1,1,1,1,1,1,1,1,1,1,1,1,1,1,1,1,1,1,1,1,1,1,1,1,1,1,1,1,1,1,1,1,1,1,1,1,1,1,0,0.12018536849819315
2b65fb57cedb2be,30270-11284,1,Waymo LLC,5-Day,7.0,2024.0,JUL-2025,SADHW2S18R1,Y,,JAGUAR, ,I-PACE, ,2024.0, ,11b75b430c54645,Unknown,"5th Generation ADS, Version 10", ,ADS,Verified Engaged,Waymo LLC, , ,Y, , , , , , , , , ,JUL-2025, ,08:28, ,2b65fb57cedb2be,[MAY CONTAIN PERSONALLY IDENTIFIABLE INFORMATION], ,[MAY CONTAIN PERSONALLY IDENTIFIABLE INFORMATION], ,, ,Los Angeles, ,CA,Unknown, ,Intersection, , ,Y, , , , , ,Y, , , , , , , , , , ,SUV,Property Damage. No Injured Reported,Proceeding Straight, , ,Y, , , , , , , , ,Stopped,"No Subject Vehicle, No Crash Partner","Yes Subject Vehicle, No Crash Partner",Subject Vehicle - All Belted,0.0, , , , , , , ,Y, , , , , , ,Y, ,Y, , , ,Unknown, ,Yes, ,"On July [XXX], 2025 at 8:28 AM PT a Waymo Autonomous Vehicle (""Waymo AV"") operating in Los Angeles, California was in a collision involving an SUV on [XXX] at [XXX]. 
The Waymo AV was stopped in the rightmost lane facing eastbound on [XXX] at a red traffic light at the intersection with [XXX]. An SUV traveling southbound on [XXX] made a left turn onto [XXX]. As the SUV approached the Waymo AV, the SUV continued turning and moving forward, turning slightly into the center lane and the front passenger side of the SUV made contact with the rear driver side corner of the stationary Waymo AV, and the front driver side of the SUV made contact with the rear passenger side corner of a passenger car that was stopped in the center lane. At the time of the impact, the Waymo AV's Level 4 ADS was engaged in autonomous mode. Both the Waymo AV and the SUV sustained damage, and Waymo cannot confirm the presence or absence of damage to the passenger car as of the date of this submission.
Waymo is reporting this crash under Request No. 1 of Standing General Order 2021-01 because a vehicle involved was towed away. Waymo may supplement or correct its reporting with additional information as it may become available.", ,ADS,current,26669.5,Unknown,Unknown,Unknown,Unknown,Unknown,Unknown,Unknown,Unknown,Unknown,Unknown,Unknown,Unknown,Unknown,Unknown,Unknown,Unknown,Unknown,Unknown,Unknown,Unknown,Unknown,Unknown,Unknown,Unknown,Unknown,45.0,Unknown,Unknown,Unknown,Unknown,Unknown,Unknown,Unknown,Unknown,Unknown,,Unknown,,Unknown,,Unknown,0.0,0.0,1.0,0.0,1,1,1,1,0,0,0,0,1,0,0,0,0,0,0,0,0,0,0,0,0,0,0,0,1,0,0,0,0,0,0,0,0,0,0,0,0,0,0,0,0,0,0,0,0,0,0,0,0,0,1,0,1,1,1,1,1,1,1,1,1,1,1,1,1,1,1,1,1,1,1,1,1,1,1,1,1,1,1,1,1,1,1,1,1,1,1,1,1,1,1,0,0.18088560122533995
2c10d9b1d71541e,30270-11758,1,Waymo LLC,5-Day,7.0,2024.0,SEP-2025,SADHW2S15M1,Y,,JAGUAR, ,I-PACE, ,2021.0, ,1d779bc3c6588a4,Unknown,"5th Generation ADS, Version 10", ,ADS,Verified Engaged,Waymo LLC, , ,Y, , , , , , , , , ,SEP-2025, ,9:55, ,2c10d9b1d71541e,[MAY CONTAIN PERSONALLY IDENTIFIABLE INFORMATION], ,[MAY CONTAIN PERSONALLY IDENTIFIABLE INFORMATION], ,[MAY CONTAIN PERSONALLY IDENTIFIABLE INFORMATION], ,San Francisco, ,CA,[MAY CONTAIN PERSONALLY IDENTIFIABLE INFORMATION], ,Street, , ,Y, , , , , ,Y, , , , , , , , , , ,SUV,Property Damage. No Injured Reported,Proceeding Straight, , , , , , , , ,Y, , ,Stopped,"No Subject Vehicle, No Crash Partner","Yes Subject Vehicle, No Crash Partner",Subject Vehicle - No Passenger In Vehicle,0.0, , , , , , , ,Y, , , , , , ,Y, ,Y, , , ,Unknown, ,Yes, ,"On September[XXX], 2025 at 9:55 AM PT a Waymo Autonomous Vehicle (""Waymo AV"") operating in San Francisco, California was in a collision involving an SUV on [XXX] near [XXX]. 
The Waymo AV was stopped facing southwest on [XXX] in a queue of traffic for a red light at the intersection at 4th Street[XXX]. The SUV stopped in front of the Waymo AV proceeded forward a short distance to close the distance with the vehicle in front of it, which was stopped at the red light. The Waymo AV followed by proceeding forward a short distance before both vehicles came to a stop. While the Waymo AV was proceeding forward, the SUV behind the Waymo AV proceeded forward as well, but did not stop when the Waymo AV came to a stop and the front of the SUV made contact with the rear of the stationary Waymo AV. At the time of the impact, the Waymo AV's Level 4 ADS was engaged in autonomous mode. Both vehicles sustained damage.
Waymo is reporting this crash under Request No. 1 of Standing General Order 2021-01 because a vehicle involved was towed away. Waymo may supplement or correct its reporting with additional information as it may become available.", ,ADS,current,26669.5,Unknown,Unknown,Unknown,Unknown,Unknown,Unknown,Unknown,Unknown,Unknown,Unknown,Unknown,Unknown,Unknown,Unknown,Unknown,Unknown,Unknown,Unknown,Unknown,Unknown,Unknown,Unknown,Unknown,Unknown,Unknown,45.0,Unknown,Unknown,Unknown,Unknown,Unknown,Unknown,Unknown,Unknown,Unknown,,Unknown,,Unknown,,Unknown,0.0,0.0,1.0,0.0,1,1,1,1,0,0,0,0,1,0,0,0,0,0,0,0,0,0,0,0,0,0,0,0,0,0,0,0,0,0,0,0,0,0,0,0,0,0,0,0,0,0,0,0,0,0,0,0,0,0,1,0,1,1,1,1,1,1,1,1,1,1,1,1,1,1,1,1,1,1,1,1,1,1,1,1,1,1,1,1,1,1,1,1,1,1,1,1,1,1,1,0,0.16094455026027885
2c3148db1b0381d,30270-11860,1,Waymo LLC,5-Day,7.0,2024.0,OCT-2025,SADHW2S19R1,Y,,JAGUAR, ,I-PACE, ,2024.0, ,d38a9c8870c899e,Unknown,"5th Generation ADS, Version 10", ,ADS,Verified Engaged,Waymo LLC, , ,Y, , , , , , , , , ,OCT-2025, ,16:48, ,2c3148db1b0381d,[MAY CONTAIN PERSONALLY IDENTIFIABLE INFORMATION], ,[MAY CONTAIN PERSONALLY IDENTIFIABLE INFORMATION], ,[MAY CONTAIN PERSONALLY IDENTIFIABLE INFORMATION], ,Los Angeles, ,CA,[MAY CONTAIN PERSONALLY IDENTIFIABLE INFORMATION], ,Street, , ,Y, , , , , ,Y, , , , , , , , , , ,Pickup Truck,Property Damage. No Injured Reported,Proceeding Straight, , , , , , , , ,Y, , ,Stopped,"No Subject Vehicle, No Crash Partner","Yes Subject Vehicle, Yes Crash Partner",Subject Vehicle - No Passenger In Vehicle,0.0, , , , , , , ,Y, , , , , , ,Y, ,Y, , , ,Unknown, ,Yes, ,"On October 7, 2025 at 4:48 PM PT a Waymo Autonomous Vehicle (""Waymo AV"") operating in Los Angeles, California was in a collision involving a pickup truck on Normandie Avenue near Santa Monica Boulevard. 
The Waymo AV was traveling northbound on Normandie Avenue when it slowed to a stop to yield to a vehicle stopped in-lane facing north on Normandie Avenue. While the Waymo AV was stopped, a pickup truck traveling northbound on Normandie Avenue approached the Waymo AV from behind and the front of the pickup truck made contact with the rear of the stationary Waymo AV. At the time of the impact, the Waymo AV's Level 4 ADS was engaged in autonomous mode. Both vehicles sustained damage.

Waymo is reporting this crash under Request No. 1 of Standing General Order 2021-01 because a vehicle involved was towed away. Waymo may supplement or correct its reporting with additional information as it may become available.", ,ADS,current,26669.5,Unknown,Unknown,Unknown,Unknown,Unknown,Unknown,Unknown,Unknown,Unknown,Unknown,Unknown,Unknown,Unknown,Unknown,Unknown,Unknown,Unknown,Unknown,Unknown,Unknown,Unknown,Unknown,Unknown,Unknown,Unknown,45.0,Unknown,Unknown,Unknown,Unknown,Unknown,Unknown,Unknown,Unknown,Unknown,,Unknown,,Unknown,,Unknown,0.0,0.0,1.0,0.0,1,1,1,1,0,0,0,0,1,0,0,0,0,0,0,0,0,0,0,0,0,0,0,0,0,0,0,0,0,0,0,0,0,0,0,0,0,0,0,0,0,0,0,0,0,0,0,0,0,0,1,0,1,1,1,1,1,1,1,1,1,1,1,1,1,1,1,1,1,1,1,1,1,1,1,1,1,1,1,1,1,1,1,1,1,1,1,1,1,1,1,0,0.22026350202400116
2cbb435ba089c85,30610-11563,1,"Zoox, Inc.",5-Day,7.0,2024.0,AUG-2025,7Z00XVHX9TC,Y,,ZOOX, ,Zoox, ,2026.0, ,4a66a1e26d7fd52,Unknown,B439.25.08.21, ,ADS,Verified Engaged,Zoox, , , , ,Y,Y, , , , , , ,AUG-2025, ,15:11, ,2cbb435ba089c85,[MAY CONTAIN PERSONALLY IDENTIFIABLE INFORMATION], ,[MAY CONTAIN PERSONALLY IDENTIFIABLE INFORMATION], ,, ,San Francisco, ,CA,Unknown, ,Street, , ,Y, , , , , ,Y, , , , , , , , , , ,Pickup Truck,Property Damage. No Injured Reported,Proceeding Straight, , ,Y, , , , , , , , ,Stopped,"No Subject Vehicle, No Crash Partner","Yes Subject Vehicle, No Crash Partner",Subject Vehicle - No Passenger In Vehicle,0.0, , , , ,Y, , , , , , , , , ,Y, ,Y, , , ,Unknown, ,Yes, ,"An unoccupied Zoox autonomous vehicle was stopped at a green traffic light on eastbound [XXX], waiting for traffic ahead to clear to turn left onto [XXX] in San Francisco. A pickup truck (Vehicle 2) was also stopped for the same traffic light, directly behind the Zoox vehicle. After the light turned yellow, the Vehicle 2 driver passed the stopped Zoox vehicle on the left side, striking the left rear fender, and proceeded through the red light. The Vehicle 2 driver did not stop to exchange information. Shortly afterward, the Zoox vehicle turned left onto [XXX] to clear the scene, briefly stopped again, and then pulled over. The Zoox vehicle was then towed for inspection. It sustained minor damage. There were no reported injuries and the police were not called.", ,ADS,current,26669.5,Unknown,Unknown,Unknown,Unknown,Unknown,Unknown,Unknown,Unknown,Unknown,Unknown,Unknown,Unknown,Unknown,Unknown,Unknown,Unknown,Unknown,Unknown,Unknown,Unknown,Unknown,Unknown,Unknown,Unknown,Unknown,45.0,Unknown,Unknown,Unknown,Unknown,Unknown,Unknown,Unknown,Unknown,Unknown,,Unknown,,Unknown,,Unknown,0.0,0.0,1.0,0.0,1,1,1,1,0,0,0,0,1,0,0,0,0,0,0,0,0,0,0,0,0,0,0,0,1,0,0,0,0,0,0,0,0,0,0,0,0,0,0,0,0,0,0,0,0,0,0,0,0,0,1,0,1,1,1,1,1,1,1,1,1,1,1,1,1,1,1,1,1,1,1,1,1,1,1,1,1,1,1,1,1,1,1,1,1,1,1,1,1,1,1,0,0.22026350202400116
2e193f1562b2fe7,30270-13287,1,Waymo LLC,5-Day,7.0,2024.0,DEC-2025,SADHW2S14R1,Y,[MAY CONTAIN PERSONALLY IDENTIFIABLE INFORMATION],JAGUAR, ,I-PACE, ,2024.0, ,40a5972f951c80f,Unknown,"5th Generation ADS, Version 10", ,ADS,Verified Engaged,Waymo LLC, , ,Y, , , , , , , , , ,DEC-2025, ,16:45, ,2e193f1562b2fe7,[MAY CONTAIN PERSONALLY IDENTIFIABLE INFORMATION], ,[MAY CONTAIN PERSONALLY IDENTIFIABLE INFORMATION], ,[MAY CONTAIN PERSONALLY IDENTIFIABLE INFORMATION], ,Austin, ,TX,[MAY CONTAIN PERSONALLY IDENTIFIABLE INFORMATION], ,Street, , ,Y, , , , , , , ,Y, , , , , , , , ,Pickup Truck,Minor W/O Hospitalization,Proceeding Straight, , , , , , , , ,Y, , ,Stopped,"No Subject Vehicle, No Crash Partner","Yes Subject Vehicle, No Crash Partner",Subject Vehicle - All Belted,0.0, , , , , , , ,Y, , , , , , ,Y, ,Y, , , ,Unknown, ,Yes, ,"On December 3, 2025 at 4:45 PM CT a Waymo Autonomous Vehicle (""Waymo AV"") operating in Austin, Texas was in a collision involving a pickup truck on E. Ben White Boulevard near S. Congress Avenue. 
The Waymo AV was stopped facing northwest in the second from the right lane on E. Ben White Boulevard in a queue of traffic for a red light at the intersection with S. Congress Avenue. After the traffic light turned green and traffic ahead advanced, the Waymo AV proceeded a short distance and came to a stop because of the detection of a potential nearby emergency vehicle. A pickup truck that was initially stopped directly behind the Waymo AV proceeded forward, and the front of the pickup truck made contact with the rear of the stationary Waymo AV. At the time of the impact, the Waymo AV's Level 4 ADS was engaged in autonomous mode. Both vehicles sustained damage. The passenger in the Waymo AV alleged a minor injury.

Waymo is reporting this crash under Request No. 1 of Standing General Order 2021-01 a vehicle involved was towed away. Waymo may supplement or correct its reporting with additional information as it may become available.", ,ADS,current,26669.5,Unknown,Unknown,Unknown,Unknown,Unknown,Unknown,Unknown,Unknown,Unknown,Unknown,Unknown,Unknown,Unknown,Unknown,Unknown,Unknown,Unknown,Unknown,Unknown,Unknown,Unknown,Unknown,Unknown,Unknown,Unknown,45.0,Unknown,Unknown,Unknown,Unknown,Unknown,Unknown,Unknown,Unknown,Unknown,,Unknown,,Unknown,,Unknown,1.0,0.0,1.0,0.0,1,1,1,1,0,0,0,0,1,0,0,0,0,0,0,0,0,0,0,0,0,0,0,0,0,0,0,0,0,0,0,0,0,0,0,0,0,0,0,0,0,0,0,0,0,0,0,0,0,0,1,0,1,1,1,1,1,1,1,1,1,1,1,1,1,1,1,1,1,1,1,1,1,1,1,1,1,1,1,1,1,1,1,1,1,1,1,1,1,1,1,0,0.21073307616000697
2e8f930bd064930,30610-11405,1,"Zoox, Inc.",5-Day,7.0,2024.0,JUL-2025,5TDDGRFH5KS,Y,,TOYOTA, ,Highlander, ,2019.0, ,c2cb8d5160fcb31,In-Vehicle (Commercial / Test),286.25.07.23, ,ADS,Verified Engaged,Zoox, , , , ,Y,Y, , , , , , ,JUL-2025, ,23:15, ,2e8f930bd064930,[MAY CONTAIN PERSONALLY IDENTIFIABLE INFORMATION], ,[MAY CONTAIN PERSONALLY IDENTIFIABLE INFORMATION], ,, ,Spring Valley, ,NV,Unknown, ,Intersection, , ,Y, , , , , ,Y, , , , , , , , , , ,Passenger Car,Minor W/ Hospitalization,Proceeding Straight, , ,Y, , ,Y, , ,Y, , ,Making Left Turn,"Yes Subject Vehicle, Yes Crash Partner","Yes Subject Vehicle, Yes Crash Partner",Subject Vehicle - All Belted,16.0, ,Y,Y,Y,Y, ,Y, ,Y, , , , , ,Y, ,Y, , , ,Las Vegas Police Department, ,Yes, ,"A Zoox vehicle (Vehicle 1) operating in autonomous mode was traveling south on [XXX] and initiating a left turn from a dedicated signalized turn lane onto [XXX] in Las Vegas with a flashing yellow.  The Zoox vehicle operator disengaged just prior to the signal turning from flashing yellow to green arrow as they continued to execute the left turn. At that time, a passenger car (Vehicle 2) traveling north on [XXX] failed to stop for the red traffic signal and entered the intersection at a high speed, colliding with the passenger side of the Zoox vehicle.  The side impact caused the Zoox vehicle to roll onto its driver's side. Both vehicles sustained major damage with airbag deployments. The police and EMS arrived at the scene. The Zoox vehicle operator was transported to a medical facility by an ambulance, and Vehicle 2's driver was reported to have declined medical attention. Both vehicles were towed from the scene.", ,ADS,current,26669.5,Unknown,Unknown,Unknown,Unknown,Unknown,Unknown,Unknown,Unknown,Unknown,Unknown,Unknown,Unknown,Unknown,Unknown,Unknown,Unknown,Unknown,Unknown,Unknown,Unknown,Unknown,Unknown,Unknown,Unknown,Unknown,45.0,Unknown,Unknown,Unknown,Unknown,Unknown,Unknown,Unknown,Unknown,Unknown,,Unknown,,Unknown,,Unknown,1.0,1.0,1.0,0.0,1,1,1,1,0,0,0,0,0,0,0,0,0,0,0,0,0,0,0,0,0,0,0,0,1,0,0,0,0,0,0,0,0,0,0,0,0,0,0,0,0,0,0,0,0,0,0,0,0,0,0,0,1,1,1,1,1,1,1,1,1,1,1,1,1,1,1,1,1,1,1,1,1,1,1,1,1,1,1,1,1,1,1,1,1,1,1,1,1,1,1,0,0.4380916599320946
2ee112e9c507b51,30270-13093,1,Waymo LLC,5-Day,7.0,2024.0,NOV-2025,SADHW2S14R1,Y,[MAY CONTAIN PERSONALLY IDENTIFIABLE INFORMATION],JAGUAR, ,I-PACE, ,2024.0, ,1e6275bd41b7bc0,In-Vehicle (Commercial / Test),"5th Generation ADS, Version 10", ,ADS,Verified Engaged,Waymo LLC, , ,Y, , , , , , , , , ,NOV-2025, ,17:33, ,2ee112e9c507b51,[MAY CONTAIN PERSONALLY IDENTIFIABLE INFORMATION], ,[MAY CONTAIN PERSONALLY IDENTIFIABLE INFORMATION], ,[MAY CONTAIN PERSONALLY IDENTIFIABLE INFORMATION], ,Dallas, ,TX,[MAY CONTAIN PERSONALLY IDENTIFIABLE INFORMATION], ,Street,Y, , , , , , , ,Y, , , , , , , , , , ,"Other, see Narrative",Property Damage. No Injured Reported,"Other, see Narrative", , , , , , , , , , ,Y,Proceeding Straight,"No Subject Vehicle, No Crash Partner","Yes Subject Vehicle, No Crash Partner",Subject Vehicle - All Belted,9.0, , , , , , , , , , ,Y, , , ,Y, ,Y, , , ,Unknown, ,Yes, ,"On November 12, 2025 at 5:33 PM CT a Waymo Autonomous Vehicle (""Waymo AV"") operating in Dallas, Texas was in a collision involving a pothole on Averill Way near Preston Road. 
The Waymo AV was traveling eastbound on Averill Lane in autonomous mode when the left wheels of the Waymo AV entered a pothole. As the AV passed over the pothole, the undercarriage of the Waymo AV made contact with the pavement. At the time of the impact, the Waymo AV's Level 4 ADS was engaged in autonomous mode, and a test driver was present in the driver's seating position. The Waymo AV sustained damage.

Waymo is reporting this crash under Request No. 1 of Standing General Order 2021-01 because a vehicle involved was towed away. Waymo may supplement or correct its reporting with additional information as it may become available.", ,ADS,current,26669.5,Unknown,Unknown,Unknown,Unknown,Unknown,Unknown,Unknown,Unknown,Unknown,Unknown,Unknown,Unknown,Unknown,Unknown,Unknown,Unknown,Unknown,Unknown,Unknown,Unknown,Unknown,Unknown,Unknown,Unknown,Unknown,45.0,Unknown,Unknown,Unknown,Unknown,Unknown,Unknown,Unknown,Unknown,Unknown,,Unknown,,Unknown,,Unknown,0.0,0.0,1.0,0.0,1,1,1,1,0,0,0,0,0,0,0,0,0,0,0,0,0,0,0,0,0,0,0,0,0,0,0,0,0,0,0,0,0,0,0,0,0,0,0,0,0,0,0,0,0,0,0,0,0,0,1,0,1,1,1,1,1,1,1,1,1,1,1,1,1,1,1,1,1,1,1,1,1,1,1,1,1,1,1,1,1,1,1,1,1,1,1,1,1,1,1,0,0.25788513804757546
2f23e4e3267584e,30270-13452,1,Waymo LLC,5-Day,7.0,2024.0,DEC-2025,SADHW2S12R1,Y,[MAY CONTAIN PERSONALLY IDENTIFIABLE INFORMATION],JAGUAR, ,I-PACE, ,2024.0, ,7a8c1b86d860f1c,Unknown,"5th Generation ADS, Version 10", ,ADS,Verified Engaged,Waymo LLC, , ,Y, , , , , , , , , ,DEC-2025, ,12:46, ,2f23e4e3267584e,[MAY CONTAIN PERSONALLY IDENTIFIABLE INFORMATION], ,[MAY CONTAIN PERSONALLY IDENTIFIABLE INFORMATION], ,[MAY CONTAIN PERSONALLY IDENTIFIABLE INFORMATION], ,Phoenix, ,AZ,[MAY CONTAIN PERSONALLY IDENTIFIABLE INFORMATION], ,Parking Lot, , ,Y, , , , , , , , ,Y, , , , , , , ,Heavy Truck,Property Damage. No Injured Reported,Parking Maneuver, , , , , , , ,Y, , , ,Stopped,"No Subject Vehicle, No Crash Partner","Yes Subject Vehicle, No Crash Partner",Subject Vehicle - No Passenger In Vehicle,0.0, , , , , , , , , ,Y, , , , ,Y, ,Y, , , ,Unknown, ,Yes, ,"On December 22, 2025 at 12:46 PM MT a Waymo Autonomous Vehicle (""Waymo AV"") operating in Phoenix, Arizona was in a collision involving a heavy truck in a parking lot at 291 E. Buckeye Road. 
The Waymo AV was traveling eastbound in the parking lot at 291 E. Buckeye Road with its right turn signal activated when it slowed to a stop to yield to a heavy truck that was reversing facing east in the parking lot. While the Waymo AV was stopped, the heavy truck continued to reverse at an angle to maneuver into a parking stall at the north side of the parking lot to the left of the Waymo AV, and the right side of the heavy truck trailer made contact with the front of the stationary Waymo AV. At the time of the impact, the Waymo AV's Level 4 ADS was engaged in autonomous mode. The Waymo AV sustained damage.

Waymo is reporting this crash under Request No. 1 of Standing General Order 2021-01 because a vehicle involved was towed away. Waymo may supplement or correct its reporting with additional information as it may become available.", ,ADS,current,26669.5,Unknown,Unknown,Unknown,Unknown,Unknown,Unknown,Unknown,Unknown,Unknown,Unknown,Unknown,Unknown,Unknown,Unknown,Unknown,Unknown,Unknown,Unknown,Unknown,Unknown,Unknown,Unknown,Unknown,Unknown,Unknown,45.0,Unknown,Unknown,Unknown,Unknown,Unknown,Unknown,Unknown,Unknown,Unknown,,Unknown,,Unknown,,Unknown,0.0,0.0,1.0,0.0,1,1,1,1,0,0,0,0,1,0,0,0,0,0,0,0,0,0,0,0,0,0,0,0,0,0,0,0,0,0,0,0,0,0,0,0,0,0,0,0,0,0,0,0,0,0,0,0,0,0,1,0,1,1,1,1,1,1,1,1,1,1,1,1,1,1,1,1,1,1,1,1,1,1,1,1,1,1,1,1,1,1,1,1,1,1,1,1,1,1,1,0,0.007561393522527665
2f735ba978a44ff,30270-11637,1,Waymo LLC,5-Day,7.0,2024.0,SEP-2025,SADHW2S19R1,Y,,JAGUAR, ,I-PACE, ,2024.0, ,395a0197ee6a0ad,Unknown,"5th Generation ADS, Version 10", ,ADS,Verified Engaged,Waymo LLC, , ,Y, , , , , , , , , ,SEP-2025, ,18:59, ,2f735ba978a44ff,[MAY CONTAIN PERSONALLY IDENTIFIABLE INFORMATION], ,[MAY CONTAIN PERSONALLY IDENTIFIABLE INFORMATION], ,, ,Los Angeles, ,CA,Unknown, ,Intersection, , ,Y, , , , , ,Y, , , , , , , , , , ,SUV,Property Damage. No Injured Reported,Making Left Turn, , , , , ,Y, , , , , ,Proceeding Straight,"No Subject Vehicle, No Crash Partner","Yes Subject Vehicle, No Crash Partner",Subject Vehicle - No Passenger In Vehicle,20.0, , ,Y, , , , , , , , , , , ,Y, ,Y, , , ,Unknown, ,Yes, ,"On September [XXX], 2025 at 6:59 PM PT a Waymo Autonomous Vehicle (""Waymo AV"") operating in Los Angeles, California was in a collision involving an SUV on [XXX] at [XXX]. 
The Waymo AV was stopped facing northwest on [XXX] for a red light at the intersection at [XXX], while an SUV was stopped facing southeast on [XXX] with its left turn signal activated. When the light turned green, the Waymo AV proceeded forward into the intersection. The SUV then began an unprotected  left turn onto northeastbound [XXX], and the front left of the SUV made contact with the left side of the Waymo AV. At the time of the impact, the Waymo AV's Level 4 ADS was engaged in autonomous mode. Both vehicles sustained damage.
Waymo is reporting this crash under Request No. 1 of Standing General Order 2021-01 because a vehicle involved was towed away. Waymo may supplement or correct its reporting with additional information as it may become available.", ,ADS,current,26669.5,Unknown,Unknown,Unknown,Unknown,Unknown,Unknown,Unknown,Unknown,Unknown,Unknown,Unknown,Unknown,Unknown,Unknown,Unknown,Unknown,Unknown,Unknown,Unknown,Unknown,Unknown,Unknown,Unknown,Unknown,Unknown,45.0,Unknown,Unknown,Unknown,Unknown,Unknown,Unknown,Unknown,Unknown,Unknown,,Unknown,,Unknown,,Unknown,0.0,0.0,1.0,0.0,1,1,1,1,0,0,0,0,1,0,0,0,0,0,0,0,0,0,0,0,0,0,0,0,1,0,0,0,0,0,0,0,0,0,0,0,0,0,0,0,0,0,0,0,0,0,0,0,0,0,1,0,1,1,1,1,1,1,1,1,1,1,1,1,1,1,1,1,1,1,1,1,1,1,1,1,1,1,1,1,1,1,1,1,1,1,1,1,1,1,1,0,0.4279276705539339
30d0a676f0644a8,30270-11868,1,Waymo LLC,5-Day,7.0,2024.0,OCT-2025,SADHW2S18M1,Y,,JAGUAR, ,I-PACE, ,2021.0, ,66e5f5ca1d65aee,In-Vehicle (Commercial / Test),"5th Generation ADS, Version 10", ,ADS,Verified Not Engaged,Waymo LLC, , ,Y, , , , , , , , , ,OCT-2025, ,15:14, ,30d0a676f0644a8,[MAY CONTAIN PERSONALLY IDENTIFIABLE INFORMATION], ,[MAY CONTAIN PERSONALLY IDENTIFIABLE INFORMATION], ,[MAY CONTAIN PERSONALLY IDENTIFIABLE INFORMATION], ,San Francisco, ,CA,[MAY CONTAIN PERSONALLY IDENTIFIABLE INFORMATION], ,Street, , ,Y, , , , , , , ,Y, , , , , , , , ,SUV,Minor W/O Hospitalization,Parked, , , ,Y, , , , , , , ,Proceeding Straight,"No Subject Vehicle, No Crash Partner","Yes Subject Vehicle, No Crash Partner",Subject Vehicle - All Belted,9.0, , , ,Y, , , , , , , , , , ,Y, ,Y, , , ,San Francisco Police Department, ,Yes, ,"On October 9, 2025 at 3:14 PM PT a Waymo Autonomous Vehicle (""Waymo AV"") operating in San Francisco, California was in a collision involving an SUV on 26th Street near Blair Terrace.
The Waymo AV was traveling westbound on 26th Street in autonomous mode when it approached a portion of the roadway with vehicles parked at the curb on the north side. A van that was traveling eastbound on 26th Street began crossing into the path of the Waymo AV. The Waymo AV began slowing and maneuvering to the right as the van approached, and the test driver transitioned the Waymo AV to manual mode. The test driver then maneuvered the Waymo AV further to the right, and the front right side of the Waymo AV made contact with the rear left side of an SUV parked at the curb on the north side of 26th Street. At the time of the impact, the Waymo AV's Level 4 ADS was not engaged and a test driver was operating the Waymo AV in manual mode. Both vehicles sustained damage. The driver of the Waymo AV alleged a minor injury.

Waymo is reporting this crash under Request No. 2 of Standing General Order 2021-01 because a vehicle involved was towed away. Waymo may supplement or correct its reporting with additional information as it may become available.", ,ADS,current,26669.5,Unknown,Unknown,Unknown,Unknown,Unknown,Unknown,Unknown,Unknown,Unknown,Unknown,Unknown,Unknown,Unknown,Unknown,Unknown,Unknown,Unknown,Unknown,Unknown,Unknown,Unknown,Unknown,Unknown,Unknown,Unknown,45.0,Unknown,Unknown,Unknown,Unknown,Unknown,Unknown,Unknown,Unknown,Unknown,,Unknown,,Unknown,,Unknown,1.0,0.0,1.0,0.0,1,1,1,1,0,0,0,0,0,0,0,0,0,0,0,0,0,0,0,0,0,0,0,0,0,0,0,0,0,0,0,0,0,0,0,0,0,0,0,0,0,0,0,0,0,0,0,0,0,0,0,0,1,1,1,1,1,1,1,1,1,1,1,1,1,1,1,1,1,1,1,1,1,1,1,1,1,1,1,1,1,1,1,1,1,1,1,1,1,1,1,0,0.23356407748740082
328185ce1d42d02,30270-13513,1,Waymo LLC,5-Day,7.0,2024.0,JAN-2026,SADHW2S13R1,Y,[MAY CONTAIN PERSONALLY IDENTIFIABLE INFORMATION],JAGUAR, ,I-PACE, ,2024.0, ,0af8bbad7eb23a6,Unknown,"5th Generation ADS, Version 10", ,ADS,Verified Engaged,Waymo LLC, , ,Y, , , , , , , , , ,DEC-2025, ,10:02, ,328185ce1d42d02,[MAY CONTAIN PERSONALLY IDENTIFIABLE INFORMATION], ,[MAY CONTAIN PERSONALLY IDENTIFIABLE INFORMATION], ,[MAY CONTAIN PERSONALLY IDENTIFIABLE INFORMATION], ,Phoenix, ,AZ,[MAY CONTAIN PERSONALLY IDENTIFIABLE INFORMATION], ,Parking Lot, , ,Y, , , , , ,Y, , , , , , , , , , ,Heavy Truck,Property Damage. No Injured Reported,Backing,Y, , , , , , , , , , ,Stopped,"No Subject Vehicle, No Crash Partner","Yes Subject Vehicle, No Crash Partner",Subject Vehicle - No Passenger In Vehicle,0.0, , , , , , ,Y, , , , , , , ,Y, ,Y, , , ,Unknown, ,Yes, ,"On December 29, 2025 at 10:02 AM MT a Waymo Autonomous Vehicle (""Waymo AV"") operating in Phoenix, Arizona was in a collision involving a heavy truck in a parking lot at 291 E. Buckeye Road.
The Waymo AV was traveling southbound in the parking lot at 291 E. Buckeye Road when it slowed to a stop to yield to a heavy truck that was facing southwest and executing a reversing turn into a loading dock parking stall at the east side of the parking lot. The heavy truck came to a stop, then began to proceed forward in the southbound direction, and the Waymo AV proceeded forward again, following the heavy truck. The heavy truck then came to a stop and began to reverse. The Waymo AV then momentarily reversed before coming to a stop and the heavy truck continued to reverse, and the rear right side of the heavy truck trailer made contact with the front left side of the stationary Waymo AV. At the time of the impact, the Waymo AV's Level 4 ADS was engaged in autonomous mode. The Waymo AV sustained damage.

Waymo is reporting this crash under Request No. 1 of Standing General Order 2021-01 because a vehicle involved was towed away. Waymo may supplement or correct its reporting with additional information as it may become available.", ,ADS,current,26669.5,Unknown,Unknown,Unknown,Unknown,Unknown,Unknown,Unknown,Unknown,Unknown,Unknown,Unknown,Unknown,Unknown,Unknown,Unknown,Unknown,Unknown,Unknown,Unknown,Unknown,Unknown,Unknown,Unknown,Unknown,Unknown,45.0,Unknown,Unknown,Unknown,Unknown,Unknown,Unknown,Unknown,Unknown,Unknown,,Unknown,,Unknown,,Unknown,0.0,0.0,1.0,0.0,1,1,1,1,0,0,0,0,1,0,0,0,0,0,0,0,0,0,0,0,0,0,0,0,0,0,0,0,0,0,0,0,0,0,0,0,0,0,0,0,0,0,0,0,0,0,0,0,0,0,1,0,1,1,1,1,1,1,1,1,1,1,1,1,1,1,1,1,1,1,1,1,1,1,1,1,1,1,1,1,1,1,1,1,1,1,1,1,1,1,1,0,0.15445306693183264
32c00f0d6c5ba03,30270-12049,1,Waymo LLC,5-Day,7.0,2024.0,NOV-2025,SADHW2S19R1,Y,[MAY CONTAIN PERSONALLY IDENTIFIABLE INFORMATION],JAGUAR, ,I-PACE, ,2024.0, ,4eb2e6f1d8cb241,Unknown,"5th Generation ADS, Version 10", ,ADS,Verified Engaged,Waymo LLC, , ,Y, , , , , , , , , ,NOV-2025, ,08:08, ,32c00f0d6c5ba03,[MAY CONTAIN PERSONALLY IDENTIFIABLE INFORMATION], ,[MAY CONTAIN PERSONALLY IDENTIFIABLE INFORMATION], ,[MAY CONTAIN PERSONALLY IDENTIFIABLE INFORMATION], ,South San Francisco, ,CA,[MAY CONTAIN PERSONALLY IDENTIFIABLE INFORMATION], ,Street, , ,Y, , , , , , , ,Y, , , , , , , , ,Heavy Truck,Property Damage. No Injured Reported,Backing, , , , , , ,Y, , , , ,Stopped,"No Subject Vehicle, No Crash Partner","Yes Subject Vehicle, No Crash Partner",Subject Vehicle - No Passenger In Vehicle,0.0, , , , , , , , , ,Y, , , , ,Y, ,Y, , , ,South San Francisco Police Department, ,Yes, ,"On November 1, 2025 at 8:08 AM PT a Waymo Autonomous Vehicle (""Waymo AV"") operating in South San Francisco, California was in a collision involving a heavy truck on Littlefield Avenue near Lawrence Avenue. 
The Waymo AV was traveling southbound on Littlefield Avenue when it slowed to a stop to yield to a heavy truck that was facing south on Littlefield Avenue with hazard lights activated and reversing in-lane. While the Waymo AV was stopped, the heavy truck continued to reverse and the rear  of the heavy truck made contact with the front of the stationary Waymo AV. At the time of the impact, the Waymo AV's Level 4 ADS was engaged in autonomous mode. The Waymo AV sustained damage.

Waymo is reporting this crash under Request No. 1 of Standing General Order 2021-01 because a vehicle involved was towed away. Waymo may supplement or correct its reporting with additional information as it may become available.", ,ADS,current,26669.5,Unknown,Unknown,Unknown,Unknown,Unknown,Unknown,Unknown,Unknown,Unknown,Unknown,Unknown,Unknown,Unknown,Unknown,Unknown,Unknown,Unknown,Unknown,Unknown,Unknown,Unknown,Unknown,Unknown,Unknown,Unknown,45.0,Unknown,Unknown,Unknown,Unknown,Unknown,Unknown,Unknown,Unknown,Unknown,,Unknown,,Unknown,,Unknown,0.0,0.0,1.0,0.0,1,1,1,1,0,0,0,0,1,0,0,0,0,0,0,0,0,0,0,0,0,0,0,0,0,0,0,0,0,0,0,0,0,0,0,0,0,0,0,0,0,0,0,0,0,0,0,0,0,0,0,0,1,1,1,1,1,1,1,1,1,1,1,1,1,1,1,1,1,1,1,1,1,1,1,1,1,1,1,1,1,1,1,1,1,1,1,1,1,1,1,0,0.1210299504350224
331e58653eefc19,30270-13089,1,Waymo LLC,5-Day,7.0,2024.0,NOV-2025,SADHW2S13R1,Y,[MAY CONTAIN PERSONALLY IDENTIFIABLE INFORMATION],JAGUAR, ,I-PACE, ,2024.0, ,ede3c2a152c3379,Unknown,"5th Generation ADS, Version 10", ,ADS,Verified Engaged,Waymo LLC, , ,Y, , , , , , , , , ,NOV-2025, ,11:09, ,331e58653eefc19,[MAY CONTAIN PERSONALLY IDENTIFIABLE INFORMATION], ,[MAY CONTAIN PERSONALLY IDENTIFIABLE INFORMATION], ,[MAY CONTAIN PERSONALLY IDENTIFIABLE INFORMATION], ,San Francisco, ,CA,[MAY CONTAIN PERSONALLY IDENTIFIABLE INFORMATION], ,Street, , ,Y, , , , , , , ,Y, , , , , , , , ,Bus,Property Damage. No Injured Reported,Parking Maneuver, , , ,Y, , , , , , , ,Stopped,"No Subject Vehicle, No Crash Partner","Yes Subject Vehicle, No Crash Partner",Subject Vehicle - No Passenger In Vehicle,0.0, , , ,Y, , , , , , , , , , ,Y, ,Y, , , ,Unknown, ,Yes, ,"On November 11, 2025 at 11:09 AM PT a Waymo Autonomous Vehicle (""Waymo AV"") operating in San Francisco, California was in a collision involving a bus on Mission Street near Steuart Street. 
The Waymo AV was parked in-lane facing northeast on Mission Street with hazard lights activated for a passenger drop-off when a passenger car stopped in front of the Waymo AV to the right departed a curbside passenger loading zone. While the AV remained stationary, a paratransit bus that was traveling northeastbound on Mission Street passed the Waymo AV and proceeded to reverse into the passenger loading zone. As the bus was maneuvering forward to position itself at the curb, the rear left side of the bus made contact with the front right side of the stationary Waymo AV. At the time of the impact, the Waymo AV's Level 4 ADS was engaged in autonomous mode. Both vehicles sustained damage.

Waymo is reporting this crash under Request No. 1 of Standing General Order 2021-01 because a vehicle involved was towed away. Waymo may supplement or correct its reporting with additional information as it may become available.", ,ADS,current,26669.5,Unknown,Unknown,Unknown,Unknown,Unknown,Unknown,Unknown,Unknown,Unknown,Unknown,Unknown,Unknown,Unknown,Unknown,Unknown,Unknown,Unknown,Unknown,Unknown,Unknown,Unknown,Unknown,Unknown,Unknown,Unknown,45.0,Unknown,Unknown,Unknown,Unknown,Unknown,Unknown,Unknown,Unknown,Unknown,,Unknown,,Unknown,,Unknown,0.0,0.0,1.0,0.0,1,1,1,1,0,0,0,0,1,0,0,0,0,0,0,0,0,0,0,0,0,0,0,0,0,0,0,0,0,0,0,0,0,0,0,0,0,0,0,0,0,0,0,0,0,0,0,0,0,0,1,0,1,1,1,1,1,1,1,1,1,1,1,1,1,1,1,1,1,1,1,1,1,1,1,1,1,1,1,1,1,1,1,1,1,1,1,1,1,1,1,0,0.018680485418679817
3341b2a34ec9273,30270-13194,1,Waymo LLC,5-Day,7.0,2024.0,NOV-2025,SADHW2S13R1,Y,[MAY CONTAIN PERSONALLY IDENTIFIABLE INFORMATION],JAGUAR, ,I-PACE, ,2024.0, ,9c1e8659033f681,Unknown,"5th Generation ADS, Version 10", ,ADS,Verified Engaged,Waymo LLC, , ,Y, , , , , , , , , ,NOV-2025, ,01:26, ,3341b2a34ec9273,[MAY CONTAIN PERSONALLY IDENTIFIABLE INFORMATION], ,[MAY CONTAIN PERSONALLY IDENTIFIABLE INFORMATION], ,[MAY CONTAIN PERSONALLY IDENTIFIABLE INFORMATION], ,Scottsdale, ,AZ,[MAY CONTAIN PERSONALLY IDENTIFIABLE INFORMATION], ,Street, , ,Y, , , , , ,Y, , , , , , , , , , ,Passenger Car,Property Damage. No Injured Reported,Proceeding Straight, , , , , , , ,Y, , , ,Parked,"No Subject Vehicle, No Crash Partner","Yes Subject Vehicle, No Crash Partner",Subject Vehicle - No Passenger In Vehicle,0.0, , ,Y, , , , , , , , , , , ,Y, ,Y, , , ,Unknown, ,Yes, ,"On November 24, 2025 at 1:26 AM MT a Waymo Autonomous Vehicle (""Waymo AV"") operating in Scottsdale, Arizona was in a collision involving a passenger car on E. Orange Blossom Lane near N. 83rd Street.
The Waymo AV was parked facing east at the south curb on E. Orange Blossom Lane. While the Waymo AV was parked, a passenger car traveling eastbound on E. Orange Blossom Lane proceeded past the left of the Waymo AV and  the right side of the passenger car made contact with the left side of the Waymo AV. At the time of the impact, the Waymo AV's Level 4 ADS was engaged in autonomous mode. The Waymo AV sustained damage.

Waymo is reporting this crash under Request No. 1 of Standing General Order 2021-01 because a vehicle involved was towed away. Waymo may supplement or correct its reporting with additional information as it may become available.", ,ADS,current,26669.5,Unknown,Unknown,Unknown,Unknown,Unknown,Unknown,Unknown,Unknown,Unknown,Unknown,Unknown,Unknown,Unknown,Unknown,Unknown,Unknown,Unknown,Unknown,Unknown,Unknown,Unknown,Unknown,Unknown,Unknown,Unknown,45.0,Unknown,Unknown,Unknown,Unknown,Unknown,Unknown,Unknown,Unknown,Unknown,,Unknown,,Unknown,,Unknown,0.0,0.0,1.0,0.0,1,1,1,1,0,0,0,0,1,0,0,0,0,0,0,0,0,0,0,0,0,0,0,0,0,0,0,0,0,0,0,0,0,0,0,0,0,0,0,0,0,0,0,0,0,0,0,0,0,0,1,0,1,1,1,1,1,1,1,1,1,1,1,1,1,1,1,1,1,1,1,1,1,1,1,1,1,1,1,1,1,1,1,1,1,1,1,1,1,1,1,0,0.2638924038534716
338c89efb1b5863,30270-11929,1,Waymo LLC,5-Day,7.0,2024.0,OCT-2025,SADHW2S17R1,Y,,JAGUAR, ,I-PACE, ,2024.0, ,5137be5e956e985,Unknown,"5th Generation ADS, Version 10", ,ADS,Verified Engaged,Waymo LLC, , ,Y, , , , , , , , , ,OCT-2025, ,07:48, ,338c89efb1b5863,[MAY CONTAIN PERSONALLY IDENTIFIABLE INFORMATION], ,[MAY CONTAIN PERSONALLY IDENTIFIABLE INFORMATION], ,[MAY CONTAIN PERSONALLY IDENTIFIABLE INFORMATION], ,Phoenix, ,AZ,[MAY CONTAIN PERSONALLY IDENTIFIABLE INFORMATION], ,Intersection, , ,Y, , , , , ,Y, , , , , , , , , , ,Passenger Car,Property Damage. No Injured Reported,Proceeding Straight, , , , , , , , ,Y, , ,Stopped,"No Subject Vehicle, No Crash Partner","Yes Subject Vehicle, No Crash Partner",Subject Vehicle - No Passenger In Vehicle,0.0, , , , , , , ,Y, , , , , , ,Y, ,Y, , , ,Unknown, ,Yes, ,"On October 17, 2025 at 7:48 AM MT a Waymo Autonomous Vehicle (""Waymo AV"") operating in Phoenix, Arizona was in a collision involving a passenger car on N. 32nd Street at E. Roosevelt Street. 
The Waymo AV was stopped facing north in the rightmost lane on N. 32nd Street in a queue of traffic for a red light at the intersection at E. Roosevelt Street. A passenger car traveling northbound in the rightmost lane on N. 32nd Street slowed to a stop directly behind the Waymo AV. After the traffic light turned green and traffic ahead advanced, the Waymo AV proceeded a short distance and came to a stop before entering the intersection, as it detected a siren from an emergency vehicle. The passenger car also proceeded forward initially and then came to a stop to yield to the Waymo AV. While the Waymo AV and the passenger car remained stopped, a second passenger car traveling northbound on N. 32nd Street approached the first passenger car from behind and the front of the second passenger car made contact with the rear of the first passenger car. The front of the first passenger car then made contact with the rear of the stationary Waymo AV. At the time of the impact, the Waymo AV's Level 4 ADS was engaged in autonomous mode. The Waymo AV, the first passenger car, and the second passenger car sustained damage.

Waymo is reporting this crash under Request No. 1 of Standing General Order 2021-01 because a vehicle involved was towed away. Waymo may supplement or correct its reporting with additional information as it may become available.", ,ADS,current,26669.5,Unknown,Unknown,Unknown,Unknown,Unknown,Unknown,Unknown,Unknown,Unknown,Unknown,Unknown,Unknown,Unknown,Unknown,Unknown,Unknown,Unknown,Unknown,Unknown,Unknown,Unknown,Unknown,Unknown,Unknown,Unknown,45.0,Unknown,Unknown,Unknown,Unknown,Unknown,Unknown,Unknown,Unknown,Unknown,,Unknown,,Unknown,,Unknown,0.0,0.0,1.0,0.0,1,1,1,1,0,0,0,0,1,0,0,0,0,0,0,0,0,0,0,0,0,0,0,0,0,0,0,0,0,0,0,0,0,0,0,0,0,0,0,0,0,0,0,0,0,0,0,0,0,0,1,0,1,1,1,1,1,1,1,1,1,1,1,1,1,1,1,1,1,1,1,1,1,1,1,1,1,1,1,1,1,1,1,1,1,1,1,1,1,1,1,0,0.21677385951928962
34255619c1b3a52,30270-13243,1,Waymo LLC,5-Day,7.0,2024.0,DEC-2025,SADHW2S1XR1,Y,[MAY CONTAIN PERSONALLY IDENTIFIABLE INFORMATION],JAGUAR, ,I-PACE, ,2024.0, ,68c3b5d8bbc4501,Unknown,"5th Generation ADS, Version 10", ,ADS,Verified Engaged,Waymo LLC, , ,Y, , , , , , , , , ,NOV-2025, ,16:58, ,34255619c1b3a52,[MAY CONTAIN PERSONALLY IDENTIFIABLE INFORMATION], ,[MAY CONTAIN PERSONALLY IDENTIFIABLE INFORMATION], ,[MAY CONTAIN PERSONALLY IDENTIFIABLE INFORMATION], ,West Hollywood, ,CA,[MAY CONTAIN PERSONALLY IDENTIFIABLE INFORMATION], ,Street, , ,Y, , , , , ,Y, , , , , , , , , , ,Bus,Property Damage. No Injured Reported,Passing, , , , , , , ,Y, , , ,Stopped,"No Subject Vehicle, No Crash Partner","Yes Subject Vehicle, No Crash Partner",Subject Vehicle - No Passenger In Vehicle,0.0, , , , ,Y, , , , , , , , , ,Y, ,Y, , , ,West Hollywood Sheriff's Department, ,Yes, ,"On November 28, 2025 at 4:58 PM PT a Waymo Autonomous Vehicle (""Waymo AV"") operating in West Hollywood, California was in a collision involving a bus on Sunset Boulevard near Cory Avenue. 
The Waymo AV was parked at the curb with its hazard lights activated for a passenger drop-off facing east on Sunset Boulevard just east of the intersection with Cory Avenue and Doheny Road when a bus traveling eastbound in the rightmost lane on Sunset Boulevard passed the Waymo AV on the left, and the right side of the bus made contact with the rear left side of the stationary Waymo AV. At the time of the impact, the Waymo AV's Level 4 ADS was engaged in autonomous mode. Both vehicles sustained damage.

Waymo is reporting this crash under Request No. 1 of Standing General Order 2021-01 because a vehicle involved was towed away. Waymo may supplement or correct its reporting with additional information as it may become available.", ,ADS,current,26669.5,Unknown,Unknown,Unknown,Unknown,Unknown,Unknown,Unknown,Unknown,Unknown,Unknown,Unknown,Unknown,Unknown,Unknown,Unknown,Unknown,Unknown,Unknown,Unknown,Unknown,Unknown,Unknown,Unknown,Unknown,Unknown,45.0,Unknown,Unknown,Unknown,Unknown,Unknown,Unknown,Unknown,Unknown,Unknown,,Unknown,,Unknown,,Unknown,0.0,0.0,1.0,0.0,1,1,1,1,0,0,0,0,1,0,0,0,0,0,0,0,0,0,0,0,0,0,0,0,0,0,0,0,0,0,0,0,0,0,0,0,0,0,0,0,0,0,0,0,0,0,0,0,0,0,0,0,1,1,1,1,1,1,1,1,1,1,1,1,1,1,1,1,1,1,1,1,1,1,1,1,1,1,1,1,1,1,1,1,1,1,1,1,1,1,1,0,0.24722378876488552
3551e837b0c6d97,30270-11273,1,Waymo LLC,5-Day,7.0,2024.0,JUL-2025,SADHW2S16R1,Y,,JAGUAR, ,I-PACE, ,2024.0, ,a6d787df6b6267f,Unknown,"5th Generation ADS, Version 10", ,ADS,Verified Engaged,Waymo LLC, , ,Y, , , , , , , , , ,JUL-2025, ,16:19, ,3551e837b0c6d97,[MAY CONTAIN PERSONALLY IDENTIFIABLE INFORMATION], ,[MAY CONTAIN PERSONALLY IDENTIFIABLE INFORMATION], ,, ,Inglewood, ,CA,Unknown, ,Street, , ,Y, , , , , ,Y, , , , , , , , , , ,Heavy Truck,Minor W/O Hospitalization,Parking Maneuver,Y, , , , , , , , , , ,Stopped,"No Subject Vehicle, No Crash Partner","Yes Subject Vehicle, No Crash Partner",Subject Vehicle - All Belted,0.0, , , , , , ,Y, , , , , , , ,Y, ,Y, , , ,Inglewood Police Department, ,Yes, ,"On July [XXX], 2025 at 4:19 PM PT a Waymo Autonomous Vehicle (""Waymo AV"") operating in Inglewood, California was in a collision involving a heavy truck on [XXX] near [XXX]. 
The Waymo AV was stopped at the curb facing north on [XXX] for a passenger pick-up. A heavy truck traveling northbound on [XXX] passed the Waymo AV, and partially turned left towards southwestbound [XXX] in order to position the heavy truck for reversing into a parking location. As the heavy truck turned left, the rear passenger side of the heavy truck made contact with the front driver side of the stationary Waymo AV. After this contact, the heavy truck maneuvered forward towards southwestbound [XXX], then reversed again, maneuvering behind the stationary Waymo AV, and the rear of the heavy truck made contact with a utility pole located on the east side of [XXX]. At the time of the impact, the Waymo AVs Level 4 ADS was engaged in autonomous mode. The Waymo AV and the utility pole sustained damage. The passenger in the Waymo AV reported a minor injury.
Waymo is reporting this crash under Request No. 1 of Standing General Order 2021-01 because a vehicle involved was towed away. Waymo may supplement or correct its reporting with additional information as it may become available.", ,ADS,current,26669.5,Unknown,Unknown,Unknown,Unknown,Unknown,Unknown,Unknown,Unknown,Unknown,Unknown,Unknown,Unknown,Unknown,Unknown,Unknown,Unknown,Unknown,Unknown,Unknown,Unknown,Unknown,Unknown,Unknown,Unknown,Unknown,45.0,Unknown,Unknown,Unknown,Unknown,Unknown,Unknown,Unknown,Unknown,Unknown,,Unknown,,Unknown,,Unknown,1.0,0.0,1.0,0.0,1,1,1,1,0,0,0,0,1,0,0,0,0,0,0,0,0,0,0,0,0,0,0,0,1,0,0,0,0,0,0,0,0,0,0,0,0,0,0,0,0,0,0,0,0,0,0,0,0,0,0,0,1,1,1,1,1,1,1,1,1,1,1,1,1,1,1,1,1,1,1,1,1,1,1,1,1,1,1,1,1,1,1,1,1,1,1,1,1,1,1,0,0.014269302110510513
36ac9271b3567b1,30270-13489,1,Waymo LLC,Monthly,12.0,2025.0,JAN-2026,SADHW2S14R1,Y,[MAY CONTAIN PERSONALLY IDENTIFIABLE INFORMATION],JAGUAR, ,I-PACE, ,2024.0, ,cdca041c61ab556,Unknown,"5th Generation ADS, Version 10", ,ADS,Verified Engaged,Waymo LLC, , ,Y, , , , , , , , , ,DEC-2025, ,13:54, ,36ac9271b3567b1,[MAY CONTAIN PERSONALLY IDENTIFIABLE INFORMATION], ,[MAY CONTAIN PERSONALLY IDENTIFIABLE INFORMATION], ,[MAY CONTAIN PERSONALLY IDENTIFIABLE INFORMATION], ,Scottsdale, ,AZ,[MAY CONTAIN PERSONALLY IDENTIFIABLE INFORMATION], ,Parking Lot, , ,Y, , , , , , , , ,Y, , , , , , , ,Heavy Truck,Property Damage. No Injured Reported,Backing, , , , , , ,Y, , , , ,Backing,"No Subject Vehicle, No Crash Partner","Yes Subject Vehicle, No Crash Partner",Subject Vehicle - No Passenger In Vehicle,1.0, , , , , , , , , ,Y, , , , ,Y, ,Y, , , ,Unknown, ,Yes, ,"On December 26, 2025 at 1:54 PM MT a Waymo Autonomous Vehicle (""Waymo AV"") operating in Scottsdale, Arizona was in a collision involving a heavy truck in a parking lot at 8701 E. McDowell Road.
The Waymo AV was traveling southbound on a driveway at a parking lot at 8701 E. McDowell Road and a heavy truck was traveling southbound on the driveway ahead of the Waymo AV. The heavy truck came to a stop and the Waymo AV slowed to a stop to yield to the stopped heavy truck. The heavy truck reversed and the Waymo AV reversed momentarily before coming to a stop. The heavy truck continued to reverse, and the Waymo AV began to reverse again, and the rear of the heavy truck made contact with the front of the Waymo AV. At the time of the impact, the Waymo AV' Level 4 ADS was engaged in autonomous mode. The Waymo AV sustained damage.

Waymo is reporting this crash under Request No. 1 of Standing General Order 2021-01 because a vehicle involved was towed away. Waymo may supplement or correct its reporting with additional information as it may become available.", ,ADS,current,26669.5,Unknown,Unknown,Unknown,Unknown,Unknown,Unknown,Unknown,Unknown,Unknown,Unknown,Unknown,Unknown,Unknown,Unknown,Unknown,Unknown,Unknown,Unknown,Unknown,Unknown,Unknown,Unknown,Unknown,Unknown,Unknown,45.0,Unknown,Unknown,Unknown,Unknown,Unknown,Unknown,Unknown,Unknown,Unknown,,Unknown,,Unknown,,Unknown,0.0,0.0,1.0,0.0,1,1,0,0,0,0,0,0,1,0,0,0,0,0,0,0,0,0,0,0,0,0,0,0,0,0,0,0,0,0,0,0,0,0,0,0,0,0,0,0,0,0,0,0,0,0,0,0,0,0,1,0,1,1,1,1,1,1,1,1,1,1,1,1,1,1,1,1,1,1,1,1,1,1,1,1,1,1,1,1,1,1,1,1,1,1,1,1,1,1,1,0,0.17914019130731862
3868794c4d4b3e8,30270-13065,1,Waymo LLC,5-Day,7.0,2024.0,NOV-2025,SADHW2S16R1,Y,[MAY CONTAIN PERSONALLY IDENTIFIABLE INFORMATION],JAGUAR, ,I-PACE, ,2024.0, ,080c9d31a6e9386,Unknown,"5th Generation ADS, Version 10", ,ADS,Verified Engaged,Waymo LLC, , ,Y, , , , , , , , , ,NOV-2025, ,01:03, ,3868794c4d4b3e8,[MAY CONTAIN PERSONALLY IDENTIFIABLE INFORMATION], ,[MAY CONTAIN PERSONALLY IDENTIFIABLE INFORMATION], ,[MAY CONTAIN PERSONALLY IDENTIFIABLE INFORMATION], ,San Francisco, ,CA,[MAY CONTAIN PERSONALLY IDENTIFIABLE INFORMATION], ,Street, , ,Y, , , , , ,Y, , , , , , , , , , ,SUV,Minor W/ Hospitalization,Stopped, , , , , , , , ,Y, , ,Stopped,"No Subject Vehicle, No Crash Partner","Yes Subject Vehicle, No Crash Partner",Subject Vehicle - All Belted,0.0, , , , , , , ,Y, , , , , , ,Y, ,Y, , , ,San Francisco Police Department, ,Yes, ,"On November 9, 2025 at 1:03 AM PT a Waymo Autonomous Vehicle (""Waymo AV"") operating in San Francisco, California was in a collision involving an SUV on S. Van Ness Avenue near 21st Street. 
The Waymo AV was stopped facing north on S. Van Ness Avenue in a queue of traffic for a red light at the intersection with 21st Street. While the Waymo AV was stopped, an SUV traveling northbound on S. Van Ness Avenue came to a stop directly behind the Waymo AV. While both the Waymo AV and the SUV were stopped, a passenger car traveling northbound on S. Van Ness Avenue approached the stopped SUV from behind and the front of the passenger car made contact with the rear of the SUV, and then the front of the SUV made contact with the rear of the stationary Waymo AV. At the time of the impact, the Waymo AV's Level 4 ADS was engaged in autonomous mode. The Waymo AV, the SUV, and the passenger car sustained damage. The driver of the passenger car alleged injuries and was transported to a hospital by an ambulance. 

Waymo is reporting this crash under Request No. 1 of Standing General Order 2021-01 because an individual involved was transported from the scene to a hospital for medical treatment and a vehicle involved was towed away. Waymo may supplement or correct its reporting with additional information as it may become available.", ,ADS,current,26669.5,Unknown,Unknown,Unknown,Unknown,Unknown,Unknown,Unknown,Unknown,Unknown,Unknown,Unknown,Unknown,Unknown,Unknown,Unknown,Unknown,Unknown,Unknown,Unknown,Unknown,Unknown,Unknown,Unknown,Unknown,Unknown,45.0,Unknown,Unknown,Unknown,Unknown,Unknown,Unknown,Unknown,Unknown,Unknown,,Unknown,,Unknown,,Unknown,1.0,0.0,1.0,0.0,1,1,1,1,0,0,0,0,1,0,0,0,0,0,0,0,0,0,0,0,0,0,0,0,0,0,0,0,0,0,0,0,0,0,0,0,0,0,0,0,0,0,0,0,0,0,0,0,0,0,0,0,1,1,1,1,1,1,1,1,1,1,1,1,1,1,1,1,1,1,1,1,1,1,1,1,1,1,1,1,1,1,1,1,1,1,1,1,1,1,1,0,0.1088671851044803
388c947105d0bb7,30270-11689,1,Waymo LLC,5-Day,7.0,2024.0,SEP-2025,L6TZB1G18SU,Y,,ZEEKR, ,RT, ,2025.0, ,f1bc3c0203b65ef,In-Vehicle and Remote (Commercial / Test),"5th Generation ADS, Version 10", ,ADS,Verified Engaged,Waymo LLC, , ,Y, , , , , , , , , ,SEP-2025, ,16:32, ,388c947105d0bb7,[MAY CONTAIN PERSONALLY IDENTIFIABLE INFORMATION], ,[MAY CONTAIN PERSONALLY IDENTIFIABLE INFORMATION], ,[MAY CONTAIN PERSONALLY IDENTIFIABLE INFORMATION], ,San Francisco, ,CA,[MAY CONTAIN PERSONALLY IDENTIFIABLE INFORMATION], ,Parking Lot, , ,Y, , , , , ,Y, , , , , , , , , , ,Other Fixed Object,Minor W/O Hospitalization,Unknown,Unknown,Unknown,Unknown,Unknown,Unknown,Unknown,Unknown,Unknown,Unknown,Unknown,Unknown,Proceeding Straight,"No Subject Vehicle, No Crash Partner","Yes Subject Vehicle, No Crash Partner",Subject Vehicle - All Belted,11.0, , , , , , , , , , ,Y, , , ,Y, ,Y, , , ,Unknown, ,Yes, ,"On September [XXX], 2025 at 4:32 PM PT a Waymo Autonomous Vehicle (""Waymo AV"") operating in San Francisco, California made contact with the pavement at the parking lot entrance of [XXX]. 
The Waymo AV was in autonomous mode traveling eastbound on [XXX] when it began to turn left into a parking lot at [XXX]. As the Waymo AV proceeded northbound into the entrance of the parking lot, the Waymo AV's undercarriage made contact with the pavement at the entrance of the parking lot. At the time of the impact, the Waymo AV's Level 4 ADS was engaged in autonomous mode, and a test driver was present (in the driver's seating position). The test driver of the Waymo AV alleged minor injuries.
Waymo is reporting this crash under Request No. 1 of Standing General Order 2021-01 because a vehicle involved was towed away. Waymo may supplement or correct its reporting with additional information as it may become available.", ,ADS,current,26669.5,Unknown,Unknown,Unknown,Unknown,Unknown,Unknown,Unknown,Unknown,Unknown,Unknown,Unknown,Unknown,Unknown,Unknown,Unknown,Unknown,Unknown,Unknown,Unknown,Unknown,Unknown,Unknown,Unknown,Unknown,Unknown,45.0,Unknown,Unknown,Unknown,Unknown,Unknown,Unknown,Unknown,Unknown,Unknown,,Unknown,,Unknown,,Unknown,1.0,0.0,1.0,0.0,1,1,1,1,0,0,0,0,0,0,0,0,0,0,0,0,0,0,0,0,0,0,0,0,0,0,0,0,0,0,0,0,0,0,0,0,0,1,1,1,1,1,1,1,1,1,1,1,1,0,1,0,1,1,1,1,1,1,1,1,1,1,1,1,1,1,1,1,1,1,1,1,1,1,1,1,1,1,1,1,1,1,1,1,1,1,1,1,1,1,1,0,0.4592598841330164
394b02ea537b623,30270-11992,1,Waymo LLC,5-Day,7.0,2024.0,OCT-2025,SADHW2S19R1,Y,,JAGUAR, ,I-PACE, ,2024.0, ,a1a77b6ab9d5559,Unknown,"5th Generation ADS, Version 10", ,ADS,Verified Engaged,Waymo LLC, , ,Y, , , , , , , , , ,OCT-2025, ,09:48, ,394b02ea537b623,[MAY CONTAIN PERSONALLY IDENTIFIABLE INFORMATION], ,[MAY CONTAIN PERSONALLY IDENTIFIABLE INFORMATION], ,[MAY CONTAIN PERSONALLY IDENTIFIABLE INFORMATION], ,Austin, ,TX,[MAY CONTAIN PERSONALLY IDENTIFIABLE INFORMATION], ,Street, , ,Y, , , , , ,Y, , , , , , , , , , ,SUV,Property Damage. No Injured Reported,Passing, ,Y, , , , , , , , , ,Stopped,"No Subject Vehicle, No Crash Partner","Yes Subject Vehicle, No Crash Partner",Subject Vehicle - No Passenger In Vehicle,0.0, , , , , , , , ,Y, , , , , ,Y, ,Y, , , ,Unknown, ,Yes, ,"On October 24, 2025 at 9:48 AM CT a Waymo Autonomous Vehicle (""Waymo AV"") operating in Austin, Texas was in a collision involving an SUV on Colorado Street at W. 6th Street.
The Waymo AV was traveling northbound on Colorado Street and came to a stop for a red light in the designated left turn lane at the intersection with W. 6th Street. While the Waymo AV was stopped, a pedestrian who was the previous passenger in the Waymo AV stood in front of the stationary Waymo AV, preventing the Waymo AV from moving. After receiving over-the-phone assistance from Waymo Rider Support, the prior passenger opened the rear right door of the Waymo AV and began searching the rear seats. The traffic light turned green, and the Waymo remained stopped with the rear right door open. An SUV that was initially stopped directly behind the Waymo AV reversed, then proceeded to pass to the right of the stationary Waymo AV, and the left of the SUV made contact with the open rear right door of the Waymo AV. At the time of the impact, the Waymo AV's Level 4 ADS was engaged in autonomous mode. Both vehicles sustained damage.

Waymo is reporting this crash under Request No. 1 of Standing General Order 2021-01 because a vehicle involved was towed away. Waymo may supplement or correct its reporting with additional information as it may become available.", ,ADS,current,26669.5,Unknown,Unknown,Unknown,Unknown,Unknown,Unknown,Unknown,Unknown,Unknown,Unknown,Unknown,Unknown,Unknown,Unknown,Unknown,Unknown,Unknown,Unknown,Unknown,Unknown,Unknown,Unknown,Unknown,Unknown,Unknown,45.0,Unknown,Unknown,Unknown,Unknown,Unknown,Unknown,Unknown,Unknown,Unknown,,Unknown,,Unknown,,Unknown,0.0,0.0,1.0,0.0,1,1,1,1,0,0,0,0,1,0,0,0,0,0,0,0,0,0,0,0,0,0,0,0,0,0,0,0,0,0,0,0,0,0,0,0,0,0,0,0,0,0,0,0,0,0,0,0,0,0,1,0,1,1,1,1,1,1,1,1,1,1,1,1,1,1,1,1,1,1,1,1,1,1,1,1,1,1,1,1,1,1,1,1,1,1,1,1,1,1,1,0,0.09156052069876436
39921144de0d421,30270-12047,1,Waymo LLC,5-Day,7.0,2024.0,NOV-2025,SADHW2S15R1,Y,[MAY CONTAIN PERSONALLY IDENTIFIABLE INFORMATION],JAGUAR, ,I-PACE, ,2024.0, ,ebb5b1fdc239147,Unknown,"5th Generation ADS, Version 10", ,ADS,Verified Engaged,Waymo LLC, , ,Y, , , , , , , , , ,NOV-2025, ,03:11, ,39921144de0d421,[MAY CONTAIN PERSONALLY IDENTIFIABLE INFORMATION], ,[MAY CONTAIN PERSONALLY IDENTIFIABLE INFORMATION], ,[MAY CONTAIN PERSONALLY IDENTIFIABLE INFORMATION], ,Los Angeles, ,CA,[MAY CONTAIN PERSONALLY IDENTIFIABLE INFORMATION], ,Intersection, , ,Y, , , , , ,Y, , , , , , , , , , ,SUV,Property Damage. No Injured Reported,Proceeding Straight, , , , , ,Y, , , , , ,Proceeding Straight,"No Subject Vehicle, No Crash Partner","Yes Subject Vehicle, No Crash Partner",Subject Vehicle - All Belted,1.0, , , , , , , ,Y, , , , , , ,Y, ,Y, , , ,Unknown, ,Yes, ,"On November 1, 2025 at 3:11 AM PT a Waymo Autonomous Vehicle (""Waymo AV"") operating in Los Angeles, California was in a collision involving an SUV on W. 3rd Street at Lucas Avenue.
The Waymo AV was traveling southeastbound in the second from the right lane on W. 3rd Street when it began to slow for a red light at the intersection with Lucas Avenue. While the Waymo AV was slowing, an SUV that was traveling southeastbound on W. 3rd Street partially in the second from the right lane and partially in the rightmost lane approached the Waymo AV from behind and the front left of the SUV made contact with the rear of the Waymo AV. At the time of the impact, the Waymo AV's Level 4 ADS was engaged in autonomous mode. Both vehicles sustained damage.

Waymo is reporting this crash under Request No. 1 of Standing General Order 2021-01 because a vehicle involved was towed away. Waymo may supplement or correct its reporting with additional information as it may become available.", ,ADS,current,26669.5,Unknown,Unknown,Unknown,Unknown,Unknown,Unknown,Unknown,Unknown,Unknown,Unknown,Unknown,Unknown,Unknown,Unknown,Unknown,Unknown,Unknown,Unknown,Unknown,Unknown,Unknown,Unknown,Unknown,Unknown,Unknown,45.0,Unknown,Unknown,Unknown,Unknown,Unknown,Unknown,Unknown,Unknown,Unknown,,Unknown,,Unknown,,Unknown,0.0,0.0,1.0,0.0,1,1,1,1,0,0,0,0,1,0,0,0,0,0,0,0,0,0,0,0,0,0,0,0,0,0,0,0,0,0,0,0,0,0,0,0,0,0,0,0,0,0,0,0,0,0,0,0,0,0,1,0,1,1,1,1,1,1,1,1,1,1,1,1,1,1,1,1,1,1,1,1,1,1,1,1,1,1,1,1,1,1,1,1,1,1,1,1,1,1,1,0,0.3252437774057411
39e914432c9731f,30270-13064,1,Waymo LLC,5-Day,7.0,2024.0,NOV-2025,SADHW2S13R1,Y,[MAY CONTAIN PERSONALLY IDENTIFIABLE INFORMATION],JAGUAR, ,I-PACE, ,2024.0, ,9be4aef4dcd7251,Unknown,"5th Generation ADS, Version 10", ,ADS,Verified Engaged,Waymo LLC, , ,Y, , , , , , , , , ,NOV-2025, ,19:09, ,39e914432c9731f,[MAY CONTAIN PERSONALLY IDENTIFIABLE INFORMATION], ,[MAY CONTAIN PERSONALLY IDENTIFIABLE INFORMATION], ,[MAY CONTAIN PERSONALLY IDENTIFIABLE INFORMATION], ,Los Angeles, ,CA,[MAY CONTAIN PERSONALLY IDENTIFIABLE INFORMATION], ,Intersection, , ,Y, , , , , ,Y, , , , , , , , , , ,Passenger Car,Property Damage. No Injured Reported,Making Left Turn, , , , , , , ,Y, , , ,Proceeding Straight,"No Subject Vehicle, No Crash Partner","Yes Subject Vehicle, Yes Crash Partner",Subject Vehicle - No Passenger In Vehicle,16.0, , , , , , ,Y, , , , , , , ,Y, ,Y, , , ,Los Angeles Police Department, ,Yes, ,"On November 7, 2025 at 7:09 PM PT a Waymo Autonomous Vehicle (""Waymo AV"") operating in Los Angeles, California was in a collision involving a passenger car on W. Olympic Boulevard at Corinth Avenue.
The Waymo AV was traveling southwestbound in the third from the right lane on W. Olympic Boulevard and approaching the intersection with Corinth Avenue when a passenger car that was traveling northeastbound on W. Olympic Boulevard began making an unprotected left turn onto Corinth Avenue and entered the Waymo AV's lane of travel. While the passenger car was turning, the Waymo AV braked and maneuvered to the right as the passenger car continued to turn left, and the right side of the passenger car made contact with the front left of the Waymo AV. The front right side of the Waymo AV then made contact with the front right side of an SUV that was stopped facing southeast on Corinth Avenue, and the front right side of the passenger car made contact with the rear left side of a pickup truck stopped facing southwest at the north curb of W. Olympic Boulevard. At the time of the impact, the Waymo AV's Level 4 ADS was engaged in autonomous mode. All involved vehicles  sustained damage.

Waymo is reporting this crash under Request No. 1 of Standing General Order 2021-01 because a vehicle involved was towed away. Waymo may supplement or correct its reporting with additional information as it may become available.", ,ADS,current,26669.5,Unknown,Unknown,Unknown,Unknown,Unknown,Unknown,Unknown,Unknown,Unknown,Unknown,Unknown,Unknown,Unknown,Unknown,Unknown,Unknown,Unknown,Unknown,Unknown,Unknown,Unknown,Unknown,Unknown,Unknown,Unknown,45.0,Unknown,Unknown,Unknown,Unknown,Unknown,Unknown,Unknown,Unknown,Unknown,,Unknown,,Unknown,,Unknown,0.0,0.0,1.0,0.0,1,1,1,1,0,0,0,0,1,0,0,0,0,0,0,0,0,0,0,0,0,0,0,0,0,0,0,0,0,0,0,0,0,0,0,0,0,0,0,0,0,0,0,0,0,0,0,0,0,0,0,0,1,1,1,1,1,1,1,1,1,1,1,1,1,1,1,1,1,1,1,1,1,1,1,1,1,1,1,1,1,1,1,1,1,1,1,1,1,1,1,0,0.4642263129579488
3af663c87eac5ea,30270-12035,1,Waymo LLC,5-Day,7.0,2024.0,NOV-2025,SADHW2S11R1,Y,,JAGUAR, ,I-PACE, ,2024.0, ,bc3d0068e6fa58e,Unknown,"5th Generation ADS, Version 10", ,ADS,Verified Engaged,Waymo LLC, , ,Y, , , , , , , , , ,OCT-2025, ,21:00, ,3af663c87eac5ea,[MAY CONTAIN PERSONALLY IDENTIFIABLE INFORMATION], ,[MAY CONTAIN PERSONALLY IDENTIFIABLE INFORMATION], ,[MAY CONTAIN PERSONALLY IDENTIFIABLE INFORMATION], ,Tempe, ,AZ,[MAY CONTAIN PERSONALLY IDENTIFIABLE INFORMATION], ,Street, , ,Y, , , , , ,Y, , , , , , , , , , ,Other Fixed Object,Property Damage. No Injured Reported,Unknown,Unknown,Unknown,Unknown,Unknown,Unknown,Unknown,Unknown,Unknown,Unknown,Unknown,Unknown,Proceeding Straight,"No Subject Vehicle, No Crash Partner","Yes Subject Vehicle, No Crash Partner",Subject Vehicle - Not Belted - see Narrative,5.0, , , , , , , , , , ,Y, , , ,Y, ,Y, , , ,Unknown, ,Yes, ,"On October 30, 2025 at 9:00 PM MT a Waymo Autonomous Vehicle (""Waymo AV"") operating in Tempe, Arizona was in a collision involving a speed bump on W. 7th Street near S. Maple Avenue. 
The Waymo AV was traveling northwestbound on W. 7th Street at a low rate of speed when the undercarriage of the Waymo AV made contact with a speed bump. At the time of the impact, the Waymo AV's Level 4 ADS was engaged in autonomous mode. The Waymo AV sustained damage. A passenger in the Waymo AV was not belted at the time of the collision.

Waymo is reporting this crash under Request No. 1 of Standing General Order 2021-01 because a vehicle involved was towed away. Waymo may supplement or correct its reporting with additional information as it may become available.", ,ADS,current,26669.5,Unknown,Unknown,Unknown,Unknown,Unknown,Unknown,Unknown,Unknown,Unknown,Unknown,Unknown,Unknown,Unknown,Unknown,Unknown,Unknown,Unknown,Unknown,Unknown,Unknown,Unknown,Unknown,Unknown,Unknown,Unknown,45.0,Unknown,Unknown,Unknown,Unknown,Unknown,Unknown,Unknown,Unknown,Unknown,,Unknown,,Unknown,,Unknown,0.0,0.0,1.0,0.0,1,1,1,1,0,0,0,0,1,0,0,0,0,0,0,0,0,0,0,0,0,0,0,0,0,0,0,0,0,0,0,0,0,0,0,0,0,1,1,1,1,1,1,1,1,1,1,1,1,0,1,0,1,1,1,1,1,1,1,1,1,1,1,1,1,1,1,1,1,1,1,1,1,1,1,1,1,1,1,1,1,1,1,1,1,1,1,1,1,1,1,0,0.37571126846960146
3cae49a5f1c9b2a,30270-12055,1,Waymo LLC,5-Day,7.0,2024.0,NOV-2025,SADHW2S15R1,Y,[MAY CONTAIN PERSONALLY IDENTIFIABLE INFORMATION],JAGUAR, ,I-PACE, ,2024.0, ,7da345decfc676a,Unknown,"5th Generation ADS, Version 10", ,ADS,Verified Engaged,Waymo LLC, , ,Y, , , , , , , , , ,NOV-2025, ,12:39, ,3cae49a5f1c9b2a,[MAY CONTAIN PERSONALLY IDENTIFIABLE INFORMATION], ,[MAY CONTAIN PERSONALLY IDENTIFIABLE INFORMATION], ,[MAY CONTAIN PERSONALLY IDENTIFIABLE INFORMATION], ,Los Angeles, ,CA,[MAY CONTAIN PERSONALLY IDENTIFIABLE INFORMATION], ,Street, , ,Y, , , , , ,Y, , , , , , , , , , ,SUV,Property Damage. No Injured Reported,Proceeding Straight, , , , , , , , ,Y, , ,Stopped,"No Subject Vehicle, No Crash Partner","Yes Subject Vehicle, No Crash Partner",Subject Vehicle - All Belted,0.0, , , , , , , ,Y, , , , , , ,Y, ,Y, , , ,Unknown, ,Yes, ,"On November 3, 2025 at 12:39 PM PT a Waymo Autonomous Vehicle (""Waymo AV"") operating in Los Angeles, California was in a collision involving an SUV on N. Fairfax Avenue near Fountain Avenue. 
The Waymo AV was traveling southbound on N. Fairfax Avenue in the right lane when it came to a stop in a queue of traffic for a red light at the intersection with Fountain Avenue. An SUV traveling southbound on N. Fairfax Avenue in the right lane approached the Waymo AV from behind, and the front of the SUV made contact with the rear of the stationary Waymo AV. At the time of the impact, the Waymo AV's Level 4 ADS was engaged in autonomous mode. Both vehicles sustained damage.

Waymo is reporting this crash under Request No. 1 of Standing General Order 2021-01 because a vehicle involved was towed away. Waymo may supplement or correct its reporting with additional information as it may become available.", ,ADS,current,26669.5,Unknown,Unknown,Unknown,Unknown,Unknown,Unknown,Unknown,Unknown,Unknown,Unknown,Unknown,Unknown,Unknown,Unknown,Unknown,Unknown,Unknown,Unknown,Unknown,Unknown,Unknown,Unknown,Unknown,Unknown,Unknown,45.0,Unknown,Unknown,Unknown,Unknown,Unknown,Unknown,Unknown,Unknown,Unknown,,Unknown,,Unknown,,Unknown,0.0,0.0,1.0,0.0,1,1,1,1,0,0,0,0,1,0,0,0,0,0,0,0,0,0,0,0,0,0,0,0,0,0,0,0,0,0,0,0,0,0,0,0,0,0,0,0,0,0,0,0,0,0,0,0,0,0,1,0,1,1,1,1,1,1,1,1,1,1,1,1,1,1,1,1,1,1,1,1,1,1,1,1,1,1,1,1,1,1,1,1,1,1,1,1,1,1,1,0,0.16094455026027885
3e398b2b7ba7092,30270-13159,1,Waymo LLC,5-Day,7.0,2024.0,NOV-2025,SADHW2S15R1,Y,[MAY CONTAIN PERSONALLY IDENTIFIABLE INFORMATION],JAGUAR, ,I-PACE, ,2024.0, ,51d56ca05c97adb,Unknown,"5th Generation ADS, Version 10", ,ADS,Verified Engaged,Waymo LLC, , ,Y, , , , , , , , , ,NOV-2025, ,07:25, ,3e398b2b7ba7092,[MAY CONTAIN PERSONALLY IDENTIFIABLE INFORMATION], ,[MAY CONTAIN PERSONALLY IDENTIFIABLE INFORMATION], ,[MAY CONTAIN PERSONALLY IDENTIFIABLE INFORMATION], ,San Francisco, ,CA,[MAY CONTAIN PERSONALLY IDENTIFIABLE INFORMATION], ,Street, , ,Y, , , , , ,Y, , , , , , , , , , ,Heavy Truck,Property Damage. No Injured Reported,Backing, , , , , , ,Y, , , , ,Stopped,"No Subject Vehicle, No Crash Partner","Yes Subject Vehicle, No Crash Partner",Subject Vehicle - All Belted,0.0, , , , , , , , , ,Y, , , , ,Y, ,Y, , , ,Unknown, ,Yes, ,"On November 18, 2025 at 7:25 AM PT a Waymo Autonomous Vehicle (""Waymo AV"") operating in San Francisco, California was in a collision involving a heavy truck on 4th Street near Jessie Street.
The Waymo AV was traveling southeastbound in the rightmost lane on 4th Street when it slowed to a stop for a heavy truck traveling ahead of the Waymo AV in the rightmost lane that was slowing with its hazard lights activated. While the Waymo AV was stopped, the heavy truck came to a stop and then reversed, and the rear of the heavy truck trailer made contact with the front of the stationary Waymo AV. At the time of the impact, the Waymo AV's Level 4 ADS was engaged in autonomous mode. The Waymo AV sustained damage.

Waymo is reporting this crash under Request No. 1 of Standing General Order 2021-01 because a vehicle involved was towed away. Waymo may supplement or correct its reporting with additional information as it may become available.", ,ADS,current,26669.5,Unknown,Unknown,Unknown,Unknown,Unknown,Unknown,Unknown,Unknown,Unknown,Unknown,Unknown,Unknown,Unknown,Unknown,Unknown,Unknown,Unknown,Unknown,Unknown,Unknown,Unknown,Unknown,Unknown,Unknown,Unknown,45.0,Unknown,Unknown,Unknown,Unknown,Unknown,Unknown,Unknown,Unknown,Unknown,,Unknown,,Unknown,,Unknown,0.0,0.0,1.0,0.0,1,1,1,1,0,0,0,0,1,0,0,0,0,0,0,0,0,0,0,0,0,0,0,0,0,0,0,0,0,0,0,0,0,0,0,0,0,0,0,0,0,0,0,0,0,0,0,0,0,0,1,0,1,1,1,1,1,1,1,1,1,1,1,1,1,1,1,1,1,1,1,1,1,1,1,1,1,1,1,1,1,1,1,1,1,1,1,1,1,1,1,0,0.12715713074804638
3e4c7e40d09d74d,30270-13364,1,Waymo LLC,5-Day,7.0,2024.0,DEC-2025,SADHW2S18R1,Y,[MAY CONTAIN PERSONALLY IDENTIFIABLE INFORMATION],JAGUAR, ,I-PACE, ,2024.0, ,da69575f49afa36,Unknown,"5th Generation ADS, Version 10", ,ADS,Verified Engaged,Waymo LLC, , ,Y, , , , , , , , , ,DEC-2025, ,10:20, ,3e4c7e40d09d74d,[MAY CONTAIN PERSONALLY IDENTIFIABLE INFORMATION], ,[MAY CONTAIN PERSONALLY IDENTIFIABLE INFORMATION], ,[MAY CONTAIN PERSONALLY IDENTIFIABLE INFORMATION], ,Austin, ,TX,[MAY CONTAIN PERSONALLY IDENTIFIABLE INFORMATION], ,Intersection, , ,Y, , , , , , , ,Y, , , , , , , , ,Passenger Car,Property Damage. No Injured Reported,Proceeding Straight, , , , , , , , ,Y, , ,Stopped,"No Subject Vehicle, No Crash Partner","Yes Subject Vehicle, No Crash Partner",Subject Vehicle - No Passenger In Vehicle,0.0, , , , , , , ,Y, , , , , , ,Y, ,Y, , , ,Unknown, ,Yes, ,"On December 12, 2025 at 10:20 AM CT a Waymo Autonomous Vehicle (""Waymo AV"") operating in Austin, Texas was in a collision involving a passenger car on Emerald Forest Drive at W. Stassney Lane. 
The Waymo AV was traveling northeastbound in the right lane on Emerald Forest Drive with its right turn signal activated in preparation to make a right turn onto southeastbound W. Stassney Lane. As the Waymo AV approached the intersection with W. Stassney Lane to turn right, it slowed to a stop to yield to a pedestrian that was crossing W. Stassney Lane from the south curb within the marked crosswalk. While the Waymo AV remained stopped, a passenger car traveling northeastbound in the right lane on Emerald Forest Drive approached the Waymo AV from behind and the front of the passenger car made contact with the rear of the stationary Waymo AV. At the time of the impact, the Waymo AV's Level 4 ADS was engaged in autonomous mode. Both vehicles sustained damage.

Waymo is reporting this crash under Request No. 1 of Standing General Order 2021-01 because a vehicle involved was towed away. Waymo may supplement or correct its reporting with additional information as it may become available.", ,ADS,current,26669.5,Unknown,Unknown,Unknown,Unknown,Unknown,Unknown,Unknown,Unknown,Unknown,Unknown,Unknown,Unknown,Unknown,Unknown,Unknown,Unknown,Unknown,Unknown,Unknown,Unknown,Unknown,Unknown,Unknown,Unknown,Unknown,45.0,Unknown,Unknown,Unknown,Unknown,Unknown,Unknown,Unknown,Unknown,Unknown,,Unknown,,Unknown,,Unknown,0.0,0.0,1.0,0.0,1,1,1,1,0,0,0,0,1,0,0,0,0,0,0,0,0,0,0,0,0,0,0,0,0,0,0,0,0,0,0,0,0,0,0,0,0,0,0,0,0,0,0,0,0,0,0,0,0,0,1,0,1,1,1,1,1,1,1,1,1,1,1,1,1,1,1,1,1,1,1,1,1,1,1,1,1,1,1,1,1,1,1,1,1,1,1,1,1,1,1,0,0.20735427173217363
3eca389fa864457,30270-13193,1,Waymo LLC,5-Day,7.0,2024.0,NOV-2025,SADHW2S1XR1,Y,[MAY CONTAIN PERSONALLY IDENTIFIABLE INFORMATION],JAGUAR, ,I-PACE, ,2024.0, ,8bca46fb742822f,Unknown,"5th Generation ADS, Version 10", ,ADS,Verified Engaged,Waymo LLC, , ,Y, , , , , , , , , ,NOV-2025, ,22:21, ,3eca389fa864457,[MAY CONTAIN PERSONALLY IDENTIFIABLE INFORMATION], ,[MAY CONTAIN PERSONALLY IDENTIFIABLE INFORMATION], ,[MAY CONTAIN PERSONALLY IDENTIFIABLE INFORMATION], ,Culver City, ,CA,[MAY CONTAIN PERSONALLY IDENTIFIABLE INFORMATION], ,Street, , ,Y, , , , , ,Y, , , , , , , , , , ,"Other, see Narrative",Property Damage. No Injured Reported,"Other, see Narrative", , , , , , , , , , ,Y,Proceeding Straight,"No Subject Vehicle, No Crash Partner","Yes Subject Vehicle, No Crash Partner",Subject Vehicle - All Belted,39.0, , , , , , , , , , ,Y, , , ,Y, ,Y, , , ,Culver City Police, ,Yes, ,"On November 22, 2025 at 10:21 PM PT a Waymo Autonomous Vehicle (""Waymo AV"") operating in Culver City, California was in a collision involving a fallen street sign on Culver Boulevard near Coombs Avenue. 
The Waymo AV was traveling southwestbound in the second to the right lane on Culver Boulevard when the Waymo AV's undercarriage made contact with a fallen street sign in the Waymo AV's lane of travel. At the time of the impact, the Waymo AV's Level 4 ADS was engaged in autonomous mode. The Waymo AV sustained damage. 

Waymo is reporting this crash under Request No. 1 of Standing General Order 2021-01 because a vehicle involved was towed away. Waymo may supplement or correct its reporting with additional information as it may become available.", ,ADS,current,26669.5,Unknown,Unknown,Unknown,Unknown,Unknown,Unknown,Unknown,Unknown,Unknown,Unknown,Unknown,Unknown,Unknown,Unknown,Unknown,Unknown,Unknown,Unknown,Unknown,Unknown,Unknown,Unknown,Unknown,Unknown,Unknown,45.0,Unknown,Unknown,Unknown,Unknown,Unknown,Unknown,Unknown,Unknown,Unknown,,Unknown,,Unknown,,Unknown,0.0,0.0,1.0,0.0,1,1,1,1,0,0,0,0,1,0,0,0,0,0,0,0,0,0,0,0,0,0,0,0,0,0,0,0,0,0,0,0,0,0,0,0,0,0,0,0,0,0,0,0,0,0,0,0,0,0,0,0,1,1,1,1,1,1,1,1,1,1,1,1,1,1,1,1,1,1,1,1,1,1,1,1,1,1,1,1,1,1,1,1,1,1,1,1,1,1,1,0,0.3856024667540266
3f169a09f1a1430,30270-11883,1,Waymo LLC,5-Day,7.0,2024.0,OCT-2025,SADHW2S14R1,Y,,JAGUAR, ,I-PACE, ,2024.0, ,0d1be91d5f1c684,Unknown,"5th Generation ADS, Version 10", ,ADS,Verified Engaged,Waymo LLC, , ,Y, , , , , , , , , ,OCT-2025, ,18:20, ,3f169a09f1a1430,[MAY CONTAIN PERSONALLY IDENTIFIABLE INFORMATION], ,[MAY CONTAIN PERSONALLY IDENTIFIABLE INFORMATION], ,[MAY CONTAIN PERSONALLY IDENTIFIABLE INFORMATION], ,San Francisco, ,CA,[MAY CONTAIN PERSONALLY IDENTIFIABLE INFORMATION], ,Street, , ,Y, , , , , ,Y, , , , , , , , , , ,Bus,Property Damage. No Injured Reported,Backing, , , ,Y, , , , , , , ,Stopped,"No Subject Vehicle, No Crash Partner","Yes Subject Vehicle, No Crash Partner",Subject Vehicle - All Belted,0.0, , , ,Y, , , , , , , , , , ,Y, ,Y, , , ,San Francisco Police Department, ,Yes, ,"On October 9, 2025 at 6:20 PM PT a Waymo Autonomous Vehicle (""Waymo AV"") operating in San Francisco, California was in a collision involving a bus on Broadway near Grant Avenue. 
The Waymo AV was stopped facing east in the right lane on Broadway behind a bus in a queue of traffic. As traffic ahead advanced, the Waymo AV momentarily proceeded forward, then came to a stop again to yield to the bus, which had stopped in lane with its hazard lights active. The bus then began to reverse, maneuvering to parallel park at the curb on the right side of the roadway. As the bus continued to reverse, the rear left side of the bus made contact with the front right side of the stationary Waymo AV. At the time of the impact, the Waymo AV's Level 4 ADS was engaged in autonomous mode. Both vehicles sustained damage.

Waymo is reporting this crash under Request No. 1 of Standing General Order 2021-01 because a vehicle involved was towed away. Waymo may supplement or correct its reporting with additional information as it may become available.", ,ADS,current,26669.5,Unknown,Unknown,Unknown,Unknown,Unknown,Unknown,Unknown,Unknown,Unknown,Unknown,Unknown,Unknown,Unknown,Unknown,Unknown,Unknown,Unknown,Unknown,Unknown,Unknown,Unknown,Unknown,Unknown,Unknown,Unknown,45.0,Unknown,Unknown,Unknown,Unknown,Unknown,Unknown,Unknown,Unknown,Unknown,,Unknown,,Unknown,,Unknown,0.0,0.0,1.0,0.0,1,1,1,1,0,0,0,0,1,0,0,0,0,0,0,0,0,0,0,0,0,0,0,0,0,0,0,0,0,0,0,0,0,0,0,0,0,0,0,0,0,0,0,0,0,0,0,0,0,0,0,0,1,1,1,1,1,1,1,1,1,1,1,1,1,1,1,1,1,1,1,1,1,1,1,1,1,1,1,1,1,1,1,1,1,1,1,1,1,1,1,0,0.16852779254916606
4304f70c342cd2e,30270-11249,1,Waymo LLC,5-Day,7.0,2024.0,JUL-2025,SADHW2S1XR1,Y,,JAGUAR, ,I-PACE, ,2024.0, ,c2c720898dc1a92,Unknown,"5th Generation ADS, Version 10", ,ADS,Verified Engaged,Waymo LLC, , ,Y, , , , , , , , , ,JUN-2025, ,11:26, ,4304f70c342cd2e,[MAY CONTAIN PERSONALLY IDENTIFIABLE INFORMATION], ,[MAY CONTAIN PERSONALLY IDENTIFIABLE INFORMATION], ,, ,Los Angeles, ,CA,Unknown, ,Street, , ,Y, , , , , ,Y, , , , , , , , , , ,Pickup Truck,Property Damage. No Injured Reported,Changing Lanes, , , , , , , ,Y, , , ,Stopped,"No Subject Vehicle, No Crash Partner","Yes Subject Vehicle, No Crash Partner",Subject Vehicle - All Belted,0.0, , , , ,Y, , , , , , , , , ,Y, ,Y, , , ,Unknown, ,Yes, ,"On June [XXX], 2025 at 11:26 AM PT a Waymo Autonomous Vehicle (""Waymo AV"") operating in Los Angeles, California was in a collision involving a pickup truck on [XXX] near [XXX]. 
The Waymo AV was traveling eastbound in the rightmost lane on [XXX] when it came to a stop to yield to a stationary passenger car with its hazard lights activated in the Waymo AV's lane of travel near the intersection with [XXX]. The Waymo AV had its hazard lights activated, reversed a short distance, and then came to a stop. A pickup truck approached the Waymo AV from behind and came to a stop. The pickup truck then attempted to change lanes and pass to the left of the Waymo AV, and the passenger side of the pickup truck made contact with the rear driver side of the stationary Waymo AV. At the time of the impact, the Waymo AV's Level 4 ADS was engaged in autonomous mode. The Waymo AV sustained damage.
Waymo is reporting this crash under Request No. 1 of Standing General Order 2021-01 because a vehicle involved was towed away. Waymo may supplement or correct its reporting with additional information as it may become available.", ,ADS,current,26669.5,Unknown,Unknown,Unknown,Unknown,Unknown,Unknown,Unknown,Unknown,Unknown,Unknown,Unknown,Unknown,Unknown,Unknown,Unknown,Unknown,Unknown,Unknown,Unknown,Unknown,Unknown,Unknown,Unknown,Unknown,Unknown,45.0,Unknown,Unknown,Unknown,Unknown,Unknown,Unknown,Unknown,Unknown,Unknown,,Unknown,,Unknown,,Unknown,0.0,0.0,1.0,0.0,1,1,1,1,0,0,0,0,1,0,0,0,0,0,0,0,0,0,0,0,0,0,0,0,1,0,0,0,0,0,0,0,0,0,0,0,0,0,0,0,0,0,0,0,0,0,0,0,0,0,1,0,1,1,1,1,1,1,1,1,1,1,1,1,1,1,1,1,1,1,1,1,1,1,1,1,1,1,1,1,1,1,1,1,1,1,1,1,1,1,1,0,0.12548496001908585
43b2318763bedde,30270-13540,1,Waymo LLC,5-Day,7.0,2024.0,JAN-2026,SADHW2S1XR1,Y,[MAY CONTAIN PERSONALLY IDENTIFIABLE INFORMATION],JAGUAR, ,I-PACE, ,2024.0, ,3b5fa59d6e9fe55,Unknown,"5th Generation ADS, Version 10", ,ADS,Verified Engaged,Waymo LLC, , ,Y, , , , , , , , , ,DEC-2025, ,13:23, ,43b2318763bedde,[MAY CONTAIN PERSONALLY IDENTIFIABLE INFORMATION], ,[MAY CONTAIN PERSONALLY IDENTIFIABLE INFORMATION], ,[MAY CONTAIN PERSONALLY IDENTIFIABLE INFORMATION], ,Los Angeles, ,CA,[MAY CONTAIN PERSONALLY IDENTIFIABLE INFORMATION], ,Parking Lot, , , , , , ,Y, , , , , , ,Y, , , , , ,Pickup Truck,Property Damage. No Injured Reported,Passing, , , , , , , ,Y, , , ,Stopped,"No Subject Vehicle, No Crash Partner","Yes Subject Vehicle, No Crash Partner",Subject Vehicle - No Passenger In Vehicle,0.0, ,Y, , , , , , , , , , , , ,Y, ,Y, , , ,Unknown, ,Yes, ,"On December 31, 2025 at 1:23 PM PT a Waymo Autonomous Vehicle (""Waymo AV"") operating in Los Angeles, California was in a collision involving a pick-up truck in a parking lot at 388 S. Hill Street.
The Waymo AV came to a stop facing northwestbound after completing a multipoint turn in a parking lot at 388 S. Hill Street. A pickup truck traveling southeastbound in the parking lot approached the Waymo AV and came to a stop to the right of the Waymo AV. The pickup truck then proceeded forward to pass the Waymo AV and the rear right side of the pickup truck made contact with the rear right side of the stationary Waymo AV. At the time of the impact, the Waymo AV' Level 4 ADS was engaged in autonomous mode. Both vehicles sustained damage.

Waymo is reporting this crash under Request No. 1 of Standing General Order 2021-01 a vehicle involved was towed away. Waymo may supplement or correct its reporting with additional information as it may become available.", ,ADS,current,26669.5,Unknown,Unknown,Unknown,Unknown,Unknown,Unknown,Unknown,Unknown,Unknown,Unknown,Unknown,Unknown,Unknown,Unknown,Unknown,Unknown,Unknown,Unknown,Unknown,Unknown,Unknown,Unknown,Unknown,Unknown,Unknown,45.0,Unknown,Unknown,Unknown,Unknown,Unknown,Unknown,Unknown,Unknown,Unknown,,Unknown,,Unknown,,Unknown,0.0,0.0,1.0,0.0,1,1,1,1,0,0,0,0,1,0,0,0,0,0,0,0,0,0,0,0,0,0,0,0,0,0,0,0,0,0,0,0,0,0,0,0,0,0,0,0,0,0,0,0,0,0,0,0,0,0,1,0,1,1,1,1,1,1,1,1,1,1,1,1,1,1,1,1,1,1,1,1,1,1,1,1,1,1,1,1,1,1,1,1,1,1,1,1,1,1,1,0,0.14109704196392756
44a3e9735d95629,30270-11474,1,Waymo LLC,5-Day,7.0,2024.0,AUG-2025,SADHW2S13R1,Y,,JAGUAR, ,I-PACE, ,2024.0, ,b0bffaff0b2b514,Unknown,"5th Generation ADS, Version 10", ,ADS,Verified Engaged,Waymo LLC, , ,Y, , , , , , , , , ,AUG-2025, ,08:36, ,44a3e9735d95629,[MAY CONTAIN PERSONALLY IDENTIFIABLE INFORMATION], ,[MAY CONTAIN PERSONALLY IDENTIFIABLE INFORMATION], ,, ,West Hollywood, ,CA,Unknown, ,Intersection, , ,Y, , , , , ,Y, , , , , , , , , , ,SUV,Property Damage. No Injured Reported,Proceeding Straight, , , , , ,Y, , , , , ,Stopped,"No Subject Vehicle, No Crash Partner","Yes Subject Vehicle, No Crash Partner",Subject Vehicle - All Belted,0.0, ,Y, , , , , , , , , , , , ,Y, ,Y, , , ,LASD, ,Yes, ,"On August [XXX], 2025 at 8:36 AM PT a Waymo Autonomous Vehicle (""Waymo AV"") operating in West Hollywood, California was in a collision involving an SUV on [XXX] at [XXX]. 
The Waymo AV was traveling southbound on [XXX] in the right lane and slowed to a stop for a red light at the intersection with [XXX]. An SUV approached the Waymo AV from behind, and the front left side of the SUV made contact with the rear right side of the stationary Waymo AV. At the time of the impact, the Waymo AV's Level 4 ADS was engaged in autonomous mode. Both vehicles sustained damage.
Waymo is reporting this crash under Request No. 1 of Standing General Order 2021-01 because a vehicle involved was towed away. Waymo may supplement or correct its reporting with additional information as it may become available.", ,ADS,current,26669.5,Unknown,Unknown,Unknown,Unknown,Unknown,Unknown,Unknown,Unknown,Unknown,Unknown,Unknown,Unknown,Unknown,Unknown,Unknown,Unknown,Unknown,Unknown,Unknown,Unknown,Unknown,Unknown,Unknown,Unknown,Unknown,45.0,Unknown,Unknown,Unknown,Unknown,Unknown,Unknown,Unknown,Unknown,Unknown,,Unknown,,Unknown,,Unknown,0.0,0.0,1.0,0.0,1,1,1,1,0,0,0,0,1,0,0,0,0,0,0,0,0,0,0,0,0,0,0,0,1,0,0,0,0,0,0,0,0,0,0,0,0,0,0,0,0,0,0,0,0,0,0,0,0,0,0,0,1,1,1,1,1,1,1,1,1,1,1,1,1,1,1,1,1,1,1,1,1,1,1,1,1,1,1,1,1,1,1,1,1,1,1,1,1,1,1,0,0.18088560122533995
455ee6bfa539476,30270-13556,1,Waymo LLC,5-Day,7.0,2024.0,JAN-2026,SADHW2S11R1,Y,[MAY CONTAIN PERSONALLY IDENTIFIABLE INFORMATION],JAGUAR, ,I-PACE, ,2024.0, ,2b55e4aa062086e,Unknown,"5th Generation ADS, Version 10", ,ADS,Verified Engaged,Waymo LLC, , ,Y, , , , , , , , , ,JAN-2026, ,16:24, ,455ee6bfa539476,[MAY CONTAIN PERSONALLY IDENTIFIABLE INFORMATION], ,[MAY CONTAIN PERSONALLY IDENTIFIABLE INFORMATION], ,[MAY CONTAIN PERSONALLY IDENTIFIABLE INFORMATION], ,Los Angeles, ,CA,[MAY CONTAIN PERSONALLY IDENTIFIABLE INFORMATION], ,Street, , ,Y, , , , , , , ,Y, , , , , , , , ,Pickup Truck,Property Damage. No Injured Reported,Passing, , , , , ,Y, , , , , ,Stopped,"No Subject Vehicle, No Crash Partner","Yes Subject Vehicle, No Crash Partner",Subject Vehicle - All Belted,0.0, , , , ,Y, , , , , , , , , ,Y, ,Y, , , ,Unknown, ,Yes, ,"On January 4, 2026 at 4:24 PM PT a Waymo Autonomous Vehicle (""Waymo AV"") operating in West Hollywood, California was in a collision involving a pickup truck on N. La Jolla Avenue at Santa Monica Boulevard.
The Waymo AV was stopped facing north, partially on the double yellow lane line, on a narrow portion of N. La Jolla Avenue with vehicles parked at the curb in both directions, for a red traffic light at the intersection with Santa Monica Boulevard. While the Waymo AV was stopped, a pickup truck traveling eastbound in the right lane on Santa Monica Boulevard proceeded to turn right onto N. La Jolla Avenue. As the pickup truck passed the stationary Waymo AV the front left side of the pickup truck made contact with the rear left side of the stationary Waymo AV. At the time of the impact, the Waymo AV's Level 4 ADS was engaged in autonomous mode. Both vehicles sustained damage.

Waymo is reporting this crash under Request No. 1 of Standing General Order 2021-01 because a vehicle involved was towed away. Waymo may supplement or correct its reporting with additional information as it may become available.", ,ADS,current,26669.5,Unknown,Unknown,Unknown,Unknown,Unknown,Unknown,Unknown,Unknown,Unknown,Unknown,Unknown,Unknown,Unknown,Unknown,Unknown,Unknown,Unknown,Unknown,Unknown,Unknown,Unknown,Unknown,Unknown,Unknown,Unknown,45.0,Unknown,Unknown,Unknown,Unknown,Unknown,Unknown,Unknown,Unknown,Unknown,,Unknown,,Unknown,,Unknown,0.0,0.0,1.0,0.0,1,1,1,1,0,0,0,0,1,0,0,0,0,0,0,0,0,0,0,0,0,0,0,0,0,0,0,0,0,0,0,0,0,0,0,0,0,0,0,0,0,0,0,0,0,0,0,0,0,0,1,0,1,1,1,1,1,1,1,1,1,1,1,1,1,1,1,1,1,1,1,1,1,1,1,1,1,1,1,1,1,1,1,1,1,1,1,1,1,1,1,0,0.12303227511525253
45b0caba122b97f,30270-11146,1,Waymo LLC,5-Day,7.0,2024.0,JUN-2025,SADHW2S19R1,Y,,JAGUAR, ,I-PACE, ,2024.0, ,8f344f838cfd700,Unknown,"5th Generation ADS, Version 10", ,ADS,Verified Engaged,Waymo LLC, , ,Y, , , , , , , , , ,JUN-2025, ,13:28, ,45b0caba122b97f,[MAY CONTAIN PERSONALLY IDENTIFIABLE INFORMATION], ,[MAY CONTAIN PERSONALLY IDENTIFIABLE INFORMATION], ,, ,Austin, ,TX,Unknown, ,Street, , ,Y, , , , , , , , ,Y, , , , , , , ,"Other, see Narrative",Property Damage. No Injured Reported,"Other, see Narrative", , , , , , , , , , ,Y,Proceeding Straight,"No Subject Vehicle, No Crash Partner","Yes Subject Vehicle, No Crash Partner",Subject Vehicle - No Passenger In Vehicle,31.0, , , , , , ,Y, , , ,Y, , , ,Y, ,Y, , , ,Unknown, ,Yes, ,"On June [XXX], 2025 at 1:28 PM CT a Waymo Autonomous Vehicle (""Waymo AV"") operating in Austin, Texas was in a collision involving debris on [XXX] near [XXX]. 
The Waymo AV was traveling southeastbound on [XXX] in the right lane when the vehicle traveling ahead of the Waymo AV made contact with a stationary piece of debris that was in the roadway. The Waymo AV then made contact with the debris as it was moving across the roadway. At the time of the impact, the Waymo AV's Level 4 ADS was engaged in autonomous mode. The Waymo AV sustained damage.
Waymo is reporting this crash under Request No. 1 of Standing General Order 2021-01 because a vehicle involved was towed away. Waymo may supplement or correct its reporting with additional information as it may become available.", ,ADS,current,26669.5,Unknown,Unknown,Unknown,Unknown,Unknown,Unknown,Unknown,Unknown,Unknown,Unknown,Unknown,Unknown,Unknown,Unknown,Unknown,Unknown,Unknown,Unknown,Unknown,Unknown,Unknown,Unknown,Unknown,Unknown,Unknown,45.0,Unknown,Unknown,Unknown,Unknown,Unknown,Unknown,Unknown,Unknown,Unknown,,Unknown,,Unknown,,Unknown,0.0,0.0,1.0,0.0,1,1,1,1,0,0,0,0,1,0,0,0,0,0,0,0,0,0,0,0,0,0,0,0,1,0,0,0,0,0,0,0,0,0,0,0,0,0,0,0,0,0,0,0,0,0,0,0,0,0,1,0,1,1,1,1,1,1,1,1,1,1,1,1,1,1,1,1,1,1,1,1,1,1,1,1,1,1,1,1,1,1,1,1,1,1,1,1,1,1,1,0,0.18368889783309297
465231c70c23f76,30270-11400,1,Waymo LLC,5-Day,7.0,2024.0,JUL-2025,SADHW2S15R1,Y,,JAGUAR, ,I-PACE, ,2024.0, ,5d4bcf07ec14385,Unknown,"5th Generation ADS, Version 10", ,ADS,Verified Engaged,Waymo LLC, , ,Y, , , , , , , , , ,JUL-2025, ,09:18, ,465231c70c23f76,[MAY CONTAIN PERSONALLY IDENTIFIABLE INFORMATION], ,[MAY CONTAIN PERSONALLY IDENTIFIABLE INFORMATION], ,, ,San Francisco, ,CA,Unknown, ,Street, , ,Y, , , , , , , ,Y, , , , , , , , ,Passenger Car,Property Damage. No Injured Reported,Proceeding Straight, , , , , , , , ,Y, , ,Stopped,"No Subject Vehicle, No Crash Partner","Yes Subject Vehicle, No Crash Partner",Subject Vehicle - No Passenger In Vehicle,0.0, , , , , , , ,Y, , , , , , ,Y, ,Y, , , ,Unknown, ,Yes, ,"On July [XXX], 2025 at 9:18 AM PT a Waymo Autonomous Vehicle (""Waymo AV"") operating in San Francisco, California was in a collision involving a passenger car on [XXX] near [XXX]. 
The Waymo AV was traveling southwestbound in the left lane on [XXX] when it slowed to a stop in a queue of traffic ahead. While the Waymo AV was stopped, a passenger car approached the Waymo AV from behind and the front of the passenger car made contact with the rear of the stationary Waymo AV. At the time of the impact, the Waymo AV's Level 4 ADS was engaged in autonomous mode. The Waymo AV sustained damage.
Waymo is reporting this crash under Request No. 1 of Standing General Order 2021-01 because a vehicle involved was towed away. Waymo may supplement or correct its reporting with additional information as it may become available.", ,ADS,current,26669.5,Unknown,Unknown,Unknown,Unknown,Unknown,Unknown,Unknown,Unknown,Unknown,Unknown,Unknown,Unknown,Unknown,Unknown,Unknown,Unknown,Unknown,Unknown,Unknown,Unknown,Unknown,Unknown,Unknown,Unknown,Unknown,45.0,Unknown,Unknown,Unknown,Unknown,Unknown,Unknown,Unknown,Unknown,Unknown,,Unknown,,Unknown,,Unknown,0.0,0.0,1.0,0.0,1,1,1,1,0,0,0,0,1,0,0,0,0,0,0,0,0,0,0,0,0,0,0,0,1,0,0,0,0,0,0,0,0,0,0,0,0,0,0,0,0,0,0,0,0,0,0,0,0,0,1,0,1,1,1,1,1,1,1,1,1,1,1,1,1,1,1,1,1,1,1,1,1,1,1,1,1,1,1,1,1,1,1,1,1,1,1,1,1,1,1,0,0.1851548608691038
472bd4e88959a10,30270-11802,1,Waymo LLC,5-Day,7.0,2024.0,OCT-2025,SADHW2S10M1,Y,,JAGUAR, ,I-PACE, ,2021.0, ,69e81170d7f51a7,Unknown,"5th Generation ADS, Version 10", ,ADS,Verified Engaged,Waymo LLC, , ,Y, , , , , , , , , ,SEP-2025, ,15:05, ,472bd4e88959a10,[MAY CONTAIN PERSONALLY IDENTIFIABLE INFORMATION], ,[MAY CONTAIN PERSONALLY IDENTIFIABLE INFORMATION], ,[MAY CONTAIN PERSONALLY IDENTIFIABLE INFORMATION], ,Phoenix, ,AZ,[MAY CONTAIN PERSONALLY IDENTIFIABLE INFORMATION], ,Intersection, , , ,Y, , ,Y, , , , , , ,Y, , , , , ,"Other, see Narrative",Property Damage. No Injured Reported,"Other, see Narrative", , , , , , , , , , ,Y,Proceeding Straight,"No Subject Vehicle, No Crash Partner","Yes Subject Vehicle, No Crash Partner",Subject Vehicle - No Passenger In Vehicle,13.0, , , , , , , , , ,Y,Y, , , ,Y, ,Y, , , ,Unknown, ,Yes, ,"On September 26, 2025 at 3:05 PM MT a Waymo Autonomous Vehicle (""Waymo AV"") operating in Phoenix, Arizona traveled through water on N. 14th Street at E. Desert Park Lane. 
The Waymo AV was traveling southbound on N. 14th Street when it encountered water in the roadway across N. 14th street. As the Waymo AV entered the water, the front and undercarriage of the Waymo AV made contact with the water. At the time of the impact, the Waymo AV's Level 4 ADS was engaged in autonomous mode. The Waymo AV sustained damage.

Waymo is reporting this crash under Request No. 1 of Standing General Order 2021-01 because a vehicle involved was towed away. Waymo may supplement or correct its reporting with additional information as it may become available.", ,ADS,current,26669.5,Unknown,Unknown,Unknown,Unknown,Unknown,Unknown,Unknown,Unknown,Unknown,Unknown,Unknown,Unknown,Unknown,Unknown,Unknown,Unknown,Unknown,Unknown,Unknown,Unknown,Unknown,Unknown,Unknown,Unknown,Unknown,45.0,Unknown,Unknown,Unknown,Unknown,Unknown,Unknown,Unknown,Unknown,Unknown,,Unknown,,Unknown,,Unknown,0.0,0.0,1.0,0.0,1,1,1,1,0,0,0,0,1,0,0,0,0,0,0,0,0,0,0,0,0,0,0,0,0,0,0,0,0,0,0,0,0,0,0,0,0,0,0,0,0,0,0,0,0,0,0,0,0,0,1,0,1,1,1,1,1,1,1,1,1,1,1,1,1,1,1,1,1,1,1,1,1,1,1,1,1,1,1,1,1,1,1,1,1,1,1,1,1,1,1,0,0.27645490230586206
4883424a68be80b,30270-13384,1,Waymo LLC,5-Day,7.0,2024.0,DEC-2025,SADHW2S11R1,Y,[MAY CONTAIN PERSONALLY IDENTIFIABLE INFORMATION],JAGUAR, ,I-PACE, ,2024.0, ,ef2a8b56a677197,Unknown,"5th Generation ADS, Version 10", ,ADS,Verified Engaged,Waymo LLC, , ,Y, , , , , , , , , ,DEC-2025, ,02:04, ,4883424a68be80b,[MAY CONTAIN PERSONALLY IDENTIFIABLE INFORMATION], ,[MAY CONTAIN PERSONALLY IDENTIFIABLE INFORMATION], ,[MAY CONTAIN PERSONALLY IDENTIFIABLE INFORMATION], ,South San Francisco, ,CA,[MAY CONTAIN PERSONALLY IDENTIFIABLE INFORMATION], ,Intersection, , ,Y, , , , , ,Y, , , , , , , , , , ,SUV,Property Damage. No Injured Reported,Proceeding Straight, , , , , , , , ,Y, , ,Stopped,"Yes Crash Partner, No Subject Vehicle","Yes Subject Vehicle, Yes Crash Partner",Subject Vehicle - All Belted,0.0, , , , , , , ,Y, , , , , , ,Y, ,Y, , , ,South San Francisco Police Department, ,Yes, ,"On December 14, 2025 at 2:04 AM PT a Waymo Autonomous Vehicle (""Waymo AV"") operating in South San Francisco, California was in a collision involving an SUV on Airport Boulevard at Tower Place. 
The Waymo AV was stopped facing southwest in the second to the right lane on Airport Boulevard for a red light at the intersection with Tower Place. While the Waymo AV was stopped, an SUV traveling southwestbound in the same lane approached the stationary Waymo AV from behind and the front of the SUV made contact with the rear of the stationary Waymo AV.  At the time of the impact, the Waymo AV's  Level 4 ADS was engaged in autonomous mode. Both vehicles sustained damage.

Waymo is reporting this crash under Request No. 1 of Standing General Order 2021-01 because a vehicle involved was towed away. Waymo may supplement or correct its reporting with additional information as it may become available.", ,ADS,current,26669.5,Unknown,Unknown,Unknown,Unknown,Unknown,Unknown,Unknown,Unknown,Unknown,Unknown,Unknown,Unknown,Unknown,Unknown,Unknown,Unknown,Unknown,Unknown,Unknown,Unknown,Unknown,Unknown,Unknown,Unknown,Unknown,45.0,Unknown,Unknown,Unknown,Unknown,Unknown,Unknown,Unknown,Unknown,Unknown,,Unknown,,Unknown,,Unknown,0.0,0.0,1.0,0.0,1,1,1,1,0,0,0,0,1,0,0,0,0,0,0,0,0,0,0,0,0,0,0,0,0,0,0,0,0,0,0,0,0,0,0,0,0,0,0,0,0,0,0,0,0,0,0,0,0,0,0,0,1,1,1,1,1,1,1,1,1,1,1,1,1,1,1,1,1,1,1,1,1,1,1,1,1,1,1,1,1,1,1,1,1,1,1,1,1,1,1,0,0.18088560122533995
48a69df2a6c3a88,30270-11204,1,Waymo LLC,5-Day,7.0,2024.0,JUN-2025,SADHW2S19M1,Y,,JAGUAR, ,I-PACE, ,2021.0, ,df84fa8aece7066,Unknown,"5th Generation ADS, Version 10", ,ADS,Verified Engaged,Waymo LLC, , ,Y, , , , , , , , , ,JUN-2025, ,05:58, ,48a69df2a6c3a88,[MAY CONTAIN PERSONALLY IDENTIFIABLE INFORMATION], ,[MAY CONTAIN PERSONALLY IDENTIFIABLE INFORMATION], ,, ,Phoenix, ,AZ,Unknown, ,Parking Lot, , ,Y, , , , , ,Y, , , , , , , , , , ,Van,No Injured Reported,Lane / Road Departure, , , , , , , , ,Y, , ,Stopped,"No Subject Vehicle, No Crash Partner","Yes Subject Vehicle, No Crash Partner",Subject Vehicle - No Passenger In Vehicle,0.0, , , , , , ,Y, , , , , , , ,Y, ,Y, , , ,Unknown, ,Yes, ,"On June [XXX], 2025 at 5:58 AM MT a Waymo Autonomous Vehicle (""Waymo AV"") operating in Phoenix, Arizona was in a collision involving a van at the entrance of a parking lot at [XXX]. 
The Waymo AV was stopped facing south at the entrance of a parking lot at [XXX] while yielding to traffic and preparing to make a left turn at the intersection at [XXX]. As the Waymo AV remained stopped, a van traveling westbound in the rightmost lane on [XXX] traveled onto the north sidewalk of [XXX]. It then entered the parking lot entrance from the sidewalk, traveling perpendicular to the standard direction of travel. The front of the van made contact with the front driver side of the Waymo AV, which was still stationary at intersection, causing the Waymo AV to spin and the front of the Waymo AV to then make contact with a sign pole. At the time of the impact, the Waymo AV's Level 4 ADS was engaged in autonomous mode. Both vehicles sustained damage.
Waymo is reporting this crash under Request No. 1 of Standing General Order 2021-01 because a vehicle involved was towed away. Waymo may supplement or correct its reporting with additional information as it may become available.", ,ADS,current,26669.5,Unknown,Unknown,Unknown,Unknown,Unknown,Unknown,Unknown,Unknown,Unknown,Unknown,Unknown,Unknown,Unknown,Unknown,Unknown,Unknown,Unknown,Unknown,Unknown,Unknown,Unknown,Unknown,Unknown,Unknown,Unknown,45.0,Unknown,Unknown,Unknown,Unknown,Unknown,Unknown,Unknown,Unknown,Unknown,,Unknown,,Unknown,,Unknown,0.0,0.0,1.0,0.0,1,1,1,1,0,0,0,0,1,0,0,0,0,0,0,0,0,0,0,0,0,0,0,0,1,0,0,0,0,0,0,0,0,0,0,0,0,0,0,0,0,0,0,0,0,0,0,0,0,0,1,0,1,1,1,1,1,1,1,1,1,1,1,1,1,1,1,1,1,1,1,1,1,1,1,1,1,1,1,1,1,1,1,1,1,1,1,1,1,1,1,0,0.10702399739342788
48d2d114d2ccebf,30270-11370,1,Waymo LLC,5-Day,7.0,2024.0,JUL-2025,SADHW2S16R1,Y,,JAGUAR, ,I-PACE, ,2024.0, ,8ce5535f8a34a72,Unknown,"5th Generation ADS, Version 10", ,ADS,Verified Engaged,Waymo LLC, , ,Y, , , , , , , , , ,JUL-2025, ,19:59, ,48d2d114d2ccebf,[MAY CONTAIN PERSONALLY IDENTIFIABLE INFORMATION], ,[MAY CONTAIN PERSONALLY IDENTIFIABLE INFORMATION], ,, ,Scottsdale, ,AZ,Unknown, ,Street, , ,Y, , , , , ,Y, , , , , , , , , , ,Passenger Car,Property Damage. No Injured Reported,Proceeding Straight, , , , , , , , ,Y, , ,Proceeding Straight,"Yes Crash Partner, No Subject Vehicle","Yes Subject Vehicle, No Crash Partner",Subject Vehicle - All Belted,1.0, , , , , , , ,Y, , , , , , ,Y, ,Y, , , ,Unknown, ,Yes, ,"On July [XXX], 2025 at 7:59 PM MT a Waymo Autonomous Vehicle (""Waymo AV"") operating in Scottsdale, Arizona was in a collision involving a passenger car on [XXX] at [XXX]. 
The Waymo AV was stopped in a queue of traffic facing west in the left-turn lane on [XXX] for a red traffic light at the intersection with [XXX]. When the traffic light turned green, the Waymo AV began to proceed forward with the queue of traffic, then slowed behind a passenger car that was waiting in the turn lane to make the unprotected left turn. While the Waymo AV was slowing, a passenger car that was initially stopped directly behind the Waymo AV approached the Waymo AV from behind and the front of the passenger car made contact with the rear of the Waymo AV. At the time of the impact, the Waymo AV's Level 4 ADS was engaged in autonomous mode. Both vehicles sustained damage.
Waymo is reporting this crash under Request No. 1 of Standing General Order 2021-01 because a vehicle involved was towed away and because of airbag deployment. Waymo may supplement or correct its reporting with additional information as it may become available.", ,ADS,current,26669.5,Unknown,Unknown,Unknown,Unknown,Unknown,Unknown,Unknown,Unknown,Unknown,Unknown,Unknown,Unknown,Unknown,Unknown,Unknown,Unknown,Unknown,Unknown,Unknown,Unknown,Unknown,Unknown,Unknown,Unknown,Unknown,45.0,Unknown,Unknown,Unknown,Unknown,Unknown,Unknown,Unknown,Unknown,Unknown,,Unknown,,Unknown,,Unknown,0.0,0.0,1.0,0.0,1,1,1,1,0,0,0,0,1,0,0,0,0,0,0,0,0,0,0,0,0,0,0,0,1,0,0,0,0,0,0,0,0,0,0,0,0,0,0,0,0,0,0,0,0,0,0,0,0,0,1,0,1,1,1,1,1,1,1,1,1,1,1,1,1,1,1,1,1,1,1,1,1,1,1,1,1,1,1,1,1,1,1,1,1,1,1,1,1,1,1,0,0.34415276563044916
492b74881a12e6e,30270-11739,1,Waymo LLC,5-Day,7.0,2024.0,SEP-2025,SADHW2S19R1,Y,,JAGUAR, ,I-PACE, ,2024.0, ,2be0285d40281eb,Unknown,"5th Generation ADS, Version 10", ,ADS,Verified Engaged,Waymo LLC, , ,Y, , , , , , , , , ,SEP-2025, ,05:54, ,492b74881a12e6e,[MAY CONTAIN PERSONALLY IDENTIFIABLE INFORMATION], ,[MAY CONTAIN PERSONALLY IDENTIFIABLE INFORMATION], ,[MAY CONTAIN PERSONALLY IDENTIFIABLE INFORMATION], ,Los Angeles, ,CA,[MAY CONTAIN PERSONALLY IDENTIFIABLE INFORMATION], ,Intersection, , ,Y, , , , , ,Y, , , , , , , , , , ,Passenger Car,Property Damage. No Injured Reported,Proceeding Straight, , , , , , , , ,Y, , ,Proceeding Straight,"Yes Crash Partner, No Subject Vehicle","Yes Subject Vehicle, No Crash Partner",Subject Vehicle - No Passenger In Vehicle,3.0, , , , , , , ,Y, , , , , , ,Y, ,Y, , , ,Unknown, ,Yes, ,"On September [XXX], 2025 at 5:54 AM PT a Waymo Autonomous Vehicle (""Waymo AV"") operating in Los Angeles, California was in a collision involving a passenger car on [XXX] at [XXX]. 
The Waymo AV was traveling northeastbound on [XXX] in the left lane when it began to slow for a stop sign at the intersection with [XXX]. While the Waymo AV was slowing, a passenger car traveling northeastbound in the left lane on [XXX] approached the Waymo AV from behind and the front of the passenger car made contact with the rear of the Waymo AV. At the time of the impact, the Waymo AV's Level 4 ADS was engaged in autonomous mode. Both vehicles sustained damage.
Waymo is reporting this crash under Request No. 1 of Standing General Order 2021-01 because a vehicle involved was towed away and because of airbag deployment. Waymo may supplement or correct its reporting with additional information as it may become available.", ,ADS,current,26669.5,Unknown,Unknown,Unknown,Unknown,Unknown,Unknown,Unknown,Unknown,Unknown,Unknown,Unknown,Unknown,Unknown,Unknown,Unknown,Unknown,Unknown,Unknown,Unknown,Unknown,Unknown,Unknown,Unknown,Unknown,Unknown,45.0,Unknown,Unknown,Unknown,Unknown,Unknown,Unknown,Unknown,Unknown,Unknown,,Unknown,,Unknown,,Unknown,0.0,0.0,1.0,0.0,1,1,1,1,0,0,0,0,1,0,0,0,0,0,0,0,0,0,0,0,0,0,0,0,0,0,0,0,0,0,0,0,0,0,0,0,0,0,0,0,0,0,0,0,0,0,0,0,0,0,1,0,1,1,1,1,1,1,1,1,1,1,1,1,1,1,1,1,1,1,1,1,1,1,1,1,1,1,1,1,1,1,1,1,1,1,1,1,1,1,1,0,0.3859013055555079
49592ecd1caefcf,30270-11327,2,Waymo LLC,Update,7.0,2024.0,AUG-2025,SADHW2S1XR1,Y,,JAGUAR, ,I-PACE, ,2024.0, ,b5adad53fe0fb70,Unknown,"5th Generation ADS, Version 10", ,ADS,Verified Engaged,Waymo LLC, , ,Y, , , , , , , , , ,JUL-2025, ,01:05, ,49592ecd1caefcf,[MAY CONTAIN PERSONALLY IDENTIFIABLE INFORMATION], ,[MAY CONTAIN PERSONALLY IDENTIFIABLE INFORMATION], ,, ,Los Angeles, ,CA,Unknown, ,Intersection, , ,Y, , , , , ,Y, , , , , , , , , , ,Passenger Car,Minor W/O Hospitalization,Proceeding Straight, , , , , , , , ,Y, , ,Stopped,"Yes Crash Partner, No Subject Vehicle","Yes Subject Vehicle, No Crash Partner",Subject Vehicle - All Belted,0.0, , , , , , , ,Y, , , , , , ,Y, ,Y, , , ,Los Angeles Police Department, ,Yes, ,"Other than an update to the highest severity injury alleged field to reflect a minor injury, the content of this report is unchanged from the initial report submitted on July 18, 2025 [REDACTED, MAY CONTAIN CONFIDENTIAL BUSINESS INFORMATION].
On July [XXX], 2025 at 1:05 AM PT a Waymo Autonomous Vehicle (""Waymo AV"") operating in Los Angeles, California was in a collision involving a passenger car on [XXX] and [XXX]. 
The Waymo AV was traveling southbound on [XXX] and came to a stop for a red traffic light at the intersection at [XXX]. A passenger car approached the Waymo AV from behind, and the front of the passenger car made contact with the rear of the stationary Waymo AV. At the time of the impact, the Waymo AV's Level 4 ADS was engaged in autonomous mode. Both vehicles sustained damage.
Waymo is reporting this crash under Request No. 1 of Standing General Order 2021-01 because a vehicle involved was towed away and because of airbag deployment. Waymo may supplement or correct its reporting with additional information as it may become available.", ,ADS,current,26669.5,Unknown,Unknown,Unknown,Unknown,Unknown,Unknown,Unknown,Unknown,Unknown,Unknown,Unknown,Unknown,Unknown,Unknown,Unknown,Unknown,Unknown,Unknown,Unknown,Unknown,Unknown,Unknown,Unknown,Unknown,Unknown,45.0,Unknown,Unknown,Unknown,Unknown,Unknown,Unknown,Unknown,Unknown,Unknown,,Unknown,,Unknown,,Unknown,1.0,0.0,1.0,0.0,1,1,1,1,0,0,0,0,1,0,0,0,0,0,0,0,0,0,0,0,0,0,0,0,1,0,0,0,0,0,0,0,0,0,0,0,0,0,0,0,0,0,0,0,0,0,0,0,0,0,0,0,1,1,1,1,1,1,1,1,1,1,1,1,1,1,1,1,1,1,1,1,1,1,1,1,1,1,1,1,1,1,1,1,1,1,1,1,1,1,1,0,0.21677385951928962
49f1db49f8cd147,30270-13060,1,Waymo LLC,5-Day,7.0,2024.0,NOV-2025,SADHW2S12R1,Y,[MAY CONTAIN PERSONALLY IDENTIFIABLE INFORMATION],JAGUAR, ,I-PACE, ,2024.0, ,ca62eeaf8438407,Unknown,"5th Generation ADS, Version 10", ,ADS,Verified Engaged,Waymo LLC, , ,Y, , , , , , , , , ,NOV-2025, ,00:37, ,49f1db49f8cd147,[MAY CONTAIN PERSONALLY IDENTIFIABLE INFORMATION], ,[MAY CONTAIN PERSONALLY IDENTIFIABLE INFORMATION], ,[MAY CONTAIN PERSONALLY IDENTIFIABLE INFORMATION], ,Austin, ,TX,[MAY CONTAIN PERSONALLY IDENTIFIABLE INFORMATION], ,Intersection, , ,Y, , , , , ,Y, , , , , , , , , , ,Passenger Car,Minor W/ Hospitalization,Traveling Wrong Way, , , , , ,Y, , , , , ,Parked,"Yes Subject Vehicle, Yes Crash Partner","Yes Subject Vehicle, Yes Crash Partner",Subject Vehicle - All Belted,0.0, , , , , , ,Y, , , , , , , ,Y, ,Y, , , ,Austin Police Department, ,Yes, ,"On November 6, 2025 at 12:37 AM CT a Waymo Autonomous Vehicle (""Waymo AV"") operating in Austin, Texas was in a collision involving a passenger car on S. I-35 Frontage Road at Manor Road. 
The Waymo AV was stopped facing southwest in the designated left turn lane on S. I-35 Frontage Road at the intersection with Manor Road with hazard lights activated. A passenger car traveling northeastbound on S. I-35 Frontage Road, in the Waymo AV's lane of travel and against the proper direction of traffic, approached the front of the Waymo AV, and the front left side of the passenger car made contact with the front left side of the stationary Waymo AV. At the time of the impact, the Waymo AV's Level 4 ADS was engaged in autonomous mode. Both vehicles sustained damage. The driver of the passenger car alleged minor injuries and was transported to a hospital in an ambulance.

Waymo is reporting this crash under Request No. 1 of Standing General Order 2021-01 because an individual involved was transported from the scene to a hospital for medical treatment Waymo may supplement or correct its reporting with additional information as it may become available.", ,ADS,current,26669.5,Unknown,Unknown,Unknown,Unknown,Unknown,Unknown,Unknown,Unknown,Unknown,Unknown,Unknown,Unknown,Unknown,Unknown,Unknown,Unknown,Unknown,Unknown,Unknown,Unknown,Unknown,Unknown,Unknown,Unknown,Unknown,45.0,Unknown,Unknown,Unknown,Unknown,Unknown,Unknown,Unknown,Unknown,Unknown,,Unknown,,Unknown,,Unknown,1.0,1.0,1.0,0.0,1,1,1,1,0,0,0,0,1,0,0,0,0,0,0,0,0,0,0,0,0,0,0,0,0,0,0,0,0,0,0,0,0,0,0,0,0,0,0,0,0,0,0,0,0,0,0,0,0,0,0,0,1,1,1,1,1,1,1,1,1,1,1,1,1,1,1,1,1,1,1,1,1,1,1,1,1,1,1,1,1,1,1,1,1,1,1,1,1,1,1,0,0.4653138220733198
4a4270ce39bd820,30270-12054,1,Waymo LLC,5-Day,7.0,2024.0,NOV-2025,SADHW2S11R1,Y,[MAY CONTAIN PERSONALLY IDENTIFIABLE INFORMATION],JAGUAR, ,I-PACE, ,2024.0, ,cc19d5fa0abfd73,Unknown,"5th Generation ADS, Version 10", ,ADS,Verified Engaged,Waymo LLC, , ,Y, , , , , , , , , ,NOV-2025, ,11:32, ,4a4270ce39bd820,[MAY CONTAIN PERSONALLY IDENTIFIABLE INFORMATION], ,[MAY CONTAIN PERSONALLY IDENTIFIABLE INFORMATION], ,[MAY CONTAIN PERSONALLY IDENTIFIABLE INFORMATION], ,Los Angeles, ,CA,[MAY CONTAIN PERSONALLY IDENTIFIABLE INFORMATION], ,Street, , ,Y, , , , , ,Y, , , , , , , , , , ,Heavy Truck,Property Damage. No Injured Reported,Proceeding Straight, , , , , ,Y, , , , , ,Stopped,"No Subject Vehicle, No Crash Partner","Yes Subject Vehicle, No Crash Partner",Subject Vehicle - All Belted,0.0, , , , ,Y, , , , , , , , , ,Y, ,Y, , , ,Los Angeles Police Department, ,Yes, ,"On November 3, 2025 at 11:32 AM PT a Waymo Autonomous Vehicle (""Waymo AV"") operating in Los Angeles, California was in a collision involving a heavy truck on Michael Avenue near Washington Boulevard. 
The Waymo AV was traveling northwestbound on a narrow portion of Michael Avenue when it maneuvered to the right and came to a stop to yield to a garbage truck that was traveling southeastbound on Michael Avenue. While the Waymo AV was stopped, the garbage truck proceeded forward to pass the Waymo AV and the front left side of the garbage truck made contact with the rear left side of the stationary Waymo AV. At the time of the impact, the Waymo AV's Level 4 ADS was engaged in autonomous mode. The Waymo AV sustained damage.

Waymo is reporting this crash under Request No. 1 of Standing General Order 2021-01 because a vehicle involved was towed away. Waymo may supplement or correct its reporting with additional information as it may become available.", ,ADS,current,26669.5,Unknown,Unknown,Unknown,Unknown,Unknown,Unknown,Unknown,Unknown,Unknown,Unknown,Unknown,Unknown,Unknown,Unknown,Unknown,Unknown,Unknown,Unknown,Unknown,Unknown,Unknown,Unknown,Unknown,Unknown,Unknown,45.0,Unknown,Unknown,Unknown,Unknown,Unknown,Unknown,Unknown,Unknown,Unknown,,Unknown,,Unknown,,Unknown,0.0,0.0,1.0,0.0,1,1,1,1,0,0,0,0,1,0,0,0,0,0,0,0,0,0,0,0,0,0,0,0,0,0,0,0,0,0,0,0,0,0,0,0,0,0,0,0,0,0,0,0,0,0,0,0,0,0,0,0,1,1,1,1,1,1,1,1,1,1,1,1,1,1,1,1,1,1,1,1,1,1,1,1,1,1,1,1,1,1,1,1,1,1,1,1,1,1,1,0,0.3099832464514498
4b5b13895842c1b,30270-11609,1,Waymo LLC,5-Day,7.0,2024.0,SEP-2025,SADHW2S13R1,Y,,JAGUAR, ,I-PACE, ,2024.0, ,01d7bab987ddc02,Unknown,"5th Generation ADS, Version 10", ,ADS,Verified Engaged,Waymo LLC, , ,Y, , , , , , , , , ,SEP-2025, ,19:17, ,4b5b13895842c1b,[MAY CONTAIN PERSONALLY IDENTIFIABLE INFORMATION], ,[MAY CONTAIN PERSONALLY IDENTIFIABLE INFORMATION], ,, ,San Francisco, ,CA,Unknown, ,Street, , ,Y, , , , , , , ,Y, , , , , , , , ,Bus,Property Damage. No Injured Reported,Passing, , , , , , , ,Y, , , ,Stopped,"No Subject Vehicle, No Crash Partner","Yes Subject Vehicle, No Crash Partner",Subject Vehicle - No Passenger In Vehicle,0.0, , , , ,Y, , , , , , , , , ,Y, ,Y, , , ,Unknown, ,Yes, ,"On September [XXX]\, 2025 at 7:17 PM PT a Waymo Autonomous Vehicle (""Waymo AV"") operating in San Francisco, California was in a collision involving a bus on [XXX] near [XXX]. 
The Waymo was traveling southeastbound on [XXX] when it came to a stop in a queue of traffic in the right lane. While the Waymo AV remained stopped, a bus that was traveling behind the Waymo AV proceeded to change lanes to maneuver around the left of the Waymo AV. As the bus proceeded alongside the Waymo AV, the right side of the bus made contact with the rear left side of the stationary Waymo AV. At the time of the impact, the Waymo AV's Level 4 ADS was engaged in autonomous mode. The Waymo AV sustained damage.
Waymo is reporting this crash under Request No. 1 of Standing General Order 2021-01 because a vehicle involved was towed away. Waymo may supplement or correct its reporting with additional information as it may become available.", ,ADS,current,26669.5,Unknown,Unknown,Unknown,Unknown,Unknown,Unknown,Unknown,Unknown,Unknown,Unknown,Unknown,Unknown,Unknown,Unknown,Unknown,Unknown,Unknown,Unknown,Unknown,Unknown,Unknown,Unknown,Unknown,Unknown,Unknown,45.0,Unknown,Unknown,Unknown,Unknown,Unknown,Unknown,Unknown,Unknown,Unknown,,Unknown,,Unknown,,Unknown,0.0,0.0,1.0,0.0,1,1,1,1,0,0,0,0,1,0,0,0,0,0,0,0,0,0,0,0,0,0,0,0,1,0,0,0,0,0,0,0,0,0,0,0,0,0,0,0,0,0,0,0,0,0,0,0,0,0,1,0,1,1,1,1,1,1,1,1,1,1,1,1,1,1,1,1,1,1,1,1,1,1,1,1,1,1,1,1,1,1,1,1,1,1,1,1,1,1,1,0,0.23688122370172457
4b65528edef2a8b,13781-11784,1,"Tesla, Inc.",5-Day,7.0,2024.0,SEP-2025,7SAYGDEE5TF,Y,,TESLA, ,Model Y, ,2026.0, ,596d2b70a37cdb1,Unknown,"[REDACTED, MAY CONTAIN CONFIDENTIAL BUSINESS INFORMATION]",Y,ADS,Verified Engaged,Tesla Inc, , , , ,Y, , , , , , , ,SEP-2025, ,20:42, ,4b65528edef2a8b,[MAY CONTAIN PERSONALLY IDENTIFIABLE INFORMATION], ,[MAY CONTAIN PERSONALLY IDENTIFIABLE INFORMATION], ,[MAY CONTAIN PERSONALLY IDENTIFIABLE INFORMATION], ,Austin, ,TX,[MAY CONTAIN PERSONALLY IDENTIFIABLE INFORMATION], ,Intersection, , ,Y, , , , , ,Y, , , , , , , , , , ,Passenger Car,Property Damage. No Injured Reported,Backing, , , , , , ,Y, , , , ,Proceeding Straight,"No Subject Vehicle, No Crash Partner","Yes Subject Vehicle, No Crash Partner",Unknown,6.0, , , , , , , , ,Y, , , , , , , ,Y,Y, , ,No, ,"[REDACTED, MAY CONTAIN CONFIDENTIAL BUSINESS INFORMATION]",Y,"[REDACTED, MAY CONTAIN CONFIDENTIAL BUSINESS INFORMATION]",Y,ADS,current,26669.5,Unknown,Unknown,Unknown,Unknown,Unknown,Unknown,Unknown,Unknown,Unknown,Unknown,Unknown,Unknown,Unknown,Unknown,Unknown,Unknown,Unknown,Unknown,Unknown,Unknown,Unknown,Unknown,Unknown,Unknown,Unknown,45.0,Unknown,Unknown,Unknown,Unknown,Unknown,Unknown,Unknown,Unknown,Unknown,,Unknown,,Unknown,,Unknown,0.0,0.0,1.0,0.0,1,1,1,1,0,0,0,0,1,0,0,0,0,0,0,0,0,0,0,0,0,0,0,0,0,0,0,0,0,0,0,0,0,0,0,0,0,0,0,0,0,0,0,0,0,0,0,0,0,0,0,0,1,1,1,1,1,1,1,1,1,1,1,1,1,1,1,1,1,1,1,1,1,1,1,1,1,1,1,1,1,1,1,1,1,1,1,1,1,1,1,0,0.1777607446378353
4d83937ba1de317,30270-11627,1,Waymo LLC,5-Day,7.0,2024.0,SEP-2025,SADHW2S14R1,Y,,JAGUAR, ,I-PACE, ,2024.0, ,d3d11a83f01da9b,Unknown,"5th Generation ADS, Version 10", ,ADS,Verified Engaged,Waymo LLC, , ,Y, , , , , , , , , ,SEP-2025, ,19:58, ,4d83937ba1de317,[MAY CONTAIN PERSONALLY IDENTIFIABLE INFORMATION], ,[MAY CONTAIN PERSONALLY IDENTIFIABLE INFORMATION], ,, ,San Francisco, ,CA,Unknown, ,Street, , ,Y, , , , , ,Y, , , , , , , , , , ,Van,Property Damage. No Injured Reported,Passing, , , , , , , ,Y, , , ,Parked,"No Subject Vehicle, No Crash Partner","Yes Subject Vehicle, No Crash Partner",Subject Vehicle - Not Belted - see Narrative,0.0, , ,Y, , , , , , , , , , , ,Y, ,Y, , , ,Unknown, ,Yes, ,"On September [XXX], 2025 at 7:58 PM PT a Waymo Autonomous Vehicle (""Waymo AV"") operating in San Francisco, California was in a collision involving a van on [XXX] at [XXX]. 
The Waymo AV was traveling northeastbound on [XXX] when it came to a stop for a passenger drop-off near the intersection with [XXX]. While the Waymo AV was parked with its hazard lights activated, a van approached the Waymo AV from behind and entered the oncoming lane of [XXX] to maneuver around the Waymo AV. As the van passed the stationary Waymo AV on the left, a rider in the Waymo AV opened the rear left side door and the right side of the van made contact with the left rear side door. The passenger of the Waymo AV was not belted at the time of the impact because they were preparing to exit. At the time of the impact, the Waymo AV's Level 4 ADS was engaged in autonomous mode. Both vehicles sustained damage. No injuries were reported. 
Waymo is reporting this crash under Request No. 1 of Standing General Order 2021-01 because a vehicle involved was towed away. Waymo may supplement or correct its reporting with additional information as it may become available.", ,ADS,current,26669.5,Unknown,Unknown,Unknown,Unknown,Unknown,Unknown,Unknown,Unknown,Unknown,Unknown,Unknown,Unknown,Unknown,Unknown,Unknown,Unknown,Unknown,Unknown,Unknown,Unknown,Unknown,Unknown,Unknown,Unknown,Unknown,45.0,Unknown,Unknown,Unknown,Unknown,Unknown,Unknown,Unknown,Unknown,Unknown,,Unknown,,Unknown,,Unknown,0.0,0.0,1.0,0.0,1,1,1,1,0,0,0,0,1,0,0,0,0,0,0,0,0,0,0,0,0,0,0,0,1,0,0,0,0,0,0,0,0,0,0,0,0,0,0,0,0,0,0,0,0,0,0,0,0,0,1,0,1,1,1,1,1,1,1,1,1,1,1,1,1,1,1,1,1,1,1,1,1,1,1,1,1,1,1,1,1,1,1,1,1,1,1,1,1,1,1,0,0.11608183983379758
4dba4909c267c16,30270-11936,1,Waymo LLC,5-Day,7.0,2024.0,OCT-2025,SADHW2S15R1,Y,,JAGUAR, ,I-PACE, ,2024.0, ,40d4b09e1a7b48f,Unknown,"5th Generation ADS, Version 10", ,ADS,Verified Engaged,Waymo LLC, , ,Y, , , , , , , , , ,OCT-2025, ,22:12, ,4dba4909c267c16,[MAY CONTAIN PERSONALLY IDENTIFIABLE INFORMATION], ,[MAY CONTAIN PERSONALLY IDENTIFIABLE INFORMATION], ,[MAY CONTAIN PERSONALLY IDENTIFIABLE INFORMATION], ,San Mateo, ,CA,[MAY CONTAIN PERSONALLY IDENTIFIABLE INFORMATION], ,Intersection, , , ,Y, , , , ,Y, , , , , , , , , , ,Passenger Car,Property Damage. No Injured Reported,Proceeding Straight, , , , , , , , ,Y, , ,Stopped,"No Subject Vehicle, No Crash Partner","Yes Subject Vehicle, Yes Crash Partner",Subject Vehicle - No Passenger In Vehicle,0.0, , , , , , , ,Y, , , , , , ,Y, ,Y, , , ,San Mateo Sheriffs Department, ,Yes, ,"On October 20, 2025 at 10:12 PM PT a Waymo Autonomous Vehicle (""Waymo AV"") operating in San Mateo, California was in a collision involving a passenger car on Ralston Avenue at the entrance and exit ramps of State Route 92 J. Arthur Younger Freeway.
The Waymo AV was traveling northwestbound in the left lane on Ralston Avenue when it came to a stop before entering the intersection at the entrance and exit ramps of State Route 92 to yield to inoperative traffic lights that were not exhibiting any signal. While the Waymo AV remained stopped, a passenger car traveling northwestbound on Ralston Avenue in the left lane approached the Waymo AV from behind, and the front of the passenger car made contact with the rear of the Waymo AV. At the time of the impact, the Waymo AV's Level 4 ADS was engaged in autonomous mode. Both vehicles sustained damage.

Waymo is reporting this crash under Request No. 1 of Standing General Order 2021-01 because a vehicle involved was towed away. Waymo may supplement or correct its reporting with additional information as it may become available.", ,ADS,current,26669.5,Unknown,Unknown,Unknown,Unknown,Unknown,Unknown,Unknown,Unknown,Unknown,Unknown,Unknown,Unknown,Unknown,Unknown,Unknown,Unknown,Unknown,Unknown,Unknown,Unknown,Unknown,Unknown,Unknown,Unknown,Unknown,45.0,Unknown,Unknown,Unknown,Unknown,Unknown,Unknown,Unknown,Unknown,Unknown,,Unknown,,Unknown,,Unknown,0.0,0.0,1.0,0.0,1,1,1,1,0,0,0,0,1,0,0,0,0,0,0,0,0,0,0,0,0,0,0,0,0,0,0,0,0,0,0,0,0,0,0,0,0,0,0,0,0,0,0,0,0,0,0,0,0,0,0,0,1,1,1,1,1,1,1,1,1,1,1,1,1,1,1,1,1,1,1,1,1,1,1,1,1,1,1,1,1,1,1,1,1,1,1,1,1,1,1,0,0.21677385951928962
4e746021b472ab5,30270-13277,1,Waymo LLC,5-Day,7.0,2024.0,DEC-2025,SADHW2S11R1,Y,[MAY CONTAIN PERSONALLY IDENTIFIABLE INFORMATION],JAGUAR, ,I-PACE, ,2024.0, ,450b288c5c8a114,Unknown,"5th Generation ADS, Version 10", ,ADS,Verified Engaged,Waymo LLC, , ,Y, , , , , , , , , ,DEC-2025, ,09:29, ,4e746021b472ab5,[MAY CONTAIN PERSONALLY IDENTIFIABLE INFORMATION], ,[MAY CONTAIN PERSONALLY IDENTIFIABLE INFORMATION], ,[MAY CONTAIN PERSONALLY IDENTIFIABLE INFORMATION], ,Atlanta, ,GA,[MAY CONTAIN PERSONALLY IDENTIFIABLE INFORMATION], ,Street, , , , , , , ,Y, , ,Y, , , , , , , , ,"Other, see Narrative",Property Damage. No Injured Reported,Backing, , , , , , ,Y, , , , ,Stopped,"No Subject Vehicle, No Crash Partner","Yes Subject Vehicle, No Crash Partner",Subject Vehicle - No Passenger In Vehicle,0.0, , , , , , , , , ,Y, , , , ,Y, ,Y, , , ,Atlanta Police Department, ,Yes, ,"On December 3, 2025 at 9:29 AM ET a Waymo Autonomous Vehicle (""Waymo AV"") operating in Atlanta, Georgia was in a collision involving a street sweeper construction vehicle on Nelson Street SW near Mangum Street SW. 
The Waymo AV was traveling westbound through a construction zone on Nelson Street SW when a street sweeper traveling westbound on Nelson Street in front of the Waymo AV slowed to a stop. The Waymo AV slowed to a stop to yield to the street sweeper, and the street sweeper reversed, and the rear of the street sweeper made contact with the front of the stationary Waymo AV. At the time of the impact, the Waymo AV's Level 4 ADS was engaged in autonomous mode. The Waymo AV sustained damage.

Waymo is reporting this crash under Request No. 1 of Standing General Order 2021-01 because a vehicle involved was towed away. Waymo may supplement or correct its reporting with additional information as it may become available.", ,ADS,current,26669.5,Unknown,Unknown,Unknown,Unknown,Unknown,Unknown,Unknown,Unknown,Unknown,Unknown,Unknown,Unknown,Unknown,Unknown,Unknown,Unknown,Unknown,Unknown,Unknown,Unknown,Unknown,Unknown,Unknown,Unknown,Unknown,45.0,Unknown,Unknown,Unknown,Unknown,Unknown,Unknown,Unknown,Unknown,Unknown,,Unknown,,Unknown,,Unknown,0.0,0.0,1.0,0.0,1,1,1,1,0,0,0,0,1,0,0,0,0,0,0,0,0,0,0,0,0,0,0,0,0,0,0,0,0,0,0,0,0,0,0,0,0,0,0,0,0,0,0,0,0,0,0,0,0,0,0,0,1,1,1,1,1,1,1,1,1,1,1,1,1,1,1,1,1,1,1,1,1,1,1,1,1,1,1,1,1,1,1,1,1,1,1,1,1,1,1,0,0.030664036946719656
4ef86957b945a92,30270-11849,2,Waymo LLC,Update,7.0,2024.0,NOV-2025,SADHW2S15R1,Y,[MAY CONTAIN PERSONALLY IDENTIFIABLE INFORMATION],JAGUAR, ,I-PACE, ,2024.0, ,f8a19e7e07f0a4f,Unknown,"5th Generation ADS, Version 10", ,ADS,Verified Engaged,Waymo LLC, , ,Y, , , , , , , , , ,OCT-2025, ,22:16, ,4ef86957b945a92,[MAY CONTAIN PERSONALLY IDENTIFIABLE INFORMATION], ,[MAY CONTAIN PERSONALLY IDENTIFIABLE INFORMATION], ,[MAY CONTAIN PERSONALLY IDENTIFIABLE INFORMATION], ,Los Angeles, ,CA,[MAY CONTAIN PERSONALLY IDENTIFIABLE INFORMATION], ,Street, , ,Y, , , , , ,Y, , , , , , , , , , ,SUV,Unknown,Proceeding Straight, , , , , , , , ,Y, , ,Parked,"No Subject Vehicle, No Crash Partner","Yes Subject Vehicle, No Crash Partner",Subject Vehicle - All Belted,0.0, , , , ,Y, , , , , , , , , ,Y, ,Y, , , ,Los Angeles Police Department, ,Yes, ,"Other than an update to the highest severity injury alleged field to reflect an unknown  injury level, the content of this report is unchanged from the initial report submitted on October 10, 2025 [REDACTED, MAY CONTAIN CONFIDENTIAL BUSINESS INFORMATION].
On October 6, 2025 at 10:16 PM PT a Waymo Autonomous Vehicle (""Waymo AV"") operating in Los Angeles, California was in a collision involving an SUV on N. McCadden Place near Sunset Boulevard. 

The Waymo AV was parked at the curb facing north on N. McCadden Place for a passenger drop-off with hazard lights activated. An SUV traveling northbound on N. McCadden Place maneuvered towards the parked Waymo AV. As the SUV approached the Waymo AV from behind, the front of the SUV made contact with the rear left side of the stationary Waymo AV. At the time of the impact, the Waymo AV's Level 4 ADS was engaged in autonomous mode. Both vehicles sustained damage. Waymo later received notice of alleged unknown injuries from the passengers in the Waymo AV.

Waymo is reporting this crash under Request No. 1 of Standing General Order 2021-01 because a vehicle involved was towed away. Waymo may supplement or correct its reporting with additional information as it may become available.", ,ADS,current,26669.5,Unknown,Unknown,Unknown,Unknown,Unknown,Unknown,Unknown,Unknown,Unknown,Unknown,Unknown,Unknown,Unknown,Unknown,Unknown,Unknown,Unknown,Unknown,Unknown,Unknown,Unknown,Unknown,Unknown,Unknown,Unknown,45.0,Unknown,Unknown,Unknown,Unknown,Unknown,Unknown,Unknown,Unknown,Unknown,,Unknown,,Unknown,,Unknown,,0.0,1.0,,1,1,1,1,0,0,0,0,1,0,0,0,0,0,0,0,0,0,0,0,0,0,0,0,0,0,0,0,0,0,0,0,0,0,0,0,0,0,0,0,0,0,0,0,0,0,0,0,0,0,0,0,1,1,1,1,1,1,1,1,1,1,1,1,1,1,1,1,1,1,1,1,1,1,1,1,1,1,1,1,1,1,1,1,1,1,1,1,1,1,1,0,0.22241862066770224
50423c969f57fbe,30270-13128,1,Waymo LLC,5-Day,7.0,2024.0,NOV-2025,SADHW2S10R1,Y,[MAY CONTAIN PERSONALLY IDENTIFIABLE INFORMATION],JAGUAR, ,I-PACE, ,2024.0, ,b6e31bec9d67330,Unknown,"5th Generation ADS, Version 10", ,ADS,Verified Engaged,Waymo LLC, , ,Y, , , , , , , , , ,NOV-2025, ,01:59, ,50423c969f57fbe,[MAY CONTAIN PERSONALLY IDENTIFIABLE INFORMATION], ,[MAY CONTAIN PERSONALLY IDENTIFIABLE INFORMATION], ,[MAY CONTAIN PERSONALLY IDENTIFIABLE INFORMATION], ,San Francisco, ,CA,[MAY CONTAIN PERSONALLY IDENTIFIABLE INFORMATION], ,Street, , ,Y, , , , , ,Y, , , , , , , , , , ,Passenger Car,Property Damage. No Injured Reported,Proceeding Straight, , , , , , , , ,Y, , ,Parked,"No Subject Vehicle, No Crash Partner","Yes Subject Vehicle, No Crash Partner",Subject Vehicle - No Passenger In Vehicle,0.0, , , , , , , ,Y, , , , , , ,Y, ,Y, , , ,Unknown, ,Yes, ,"On November 15, 2025 at 1:59 AM PT a Waymo Autonomous Vehicle (""Waymo AV"") operating in San Francisco, California was in a collision involving a passenger car on Castro Street near 18th Street.
The Waymo AV was parked in-lane facing south on Castro Street for a passenger pick-up with hazard lights activated. While the Waymo AV was parked, a passenger car that was initially stopped facing south directly behind the Waymo AV approached the Waymo AV from behind and the front of the passenger car made contact with the rear of the stationary Waymo AV. At the time of the impact, the Waymo AV's Level 4 ADS was engaged in autonomous mode. Both vehicles sustained damage.

Waymo is reporting this crash under Request No. 1 of Standing General Order 2021-01 because a vehicle involved was towed away. Waymo may supplement or correct its reporting with additional information as it may become available.", ,ADS,current,26669.5,Unknown,Unknown,Unknown,Unknown,Unknown,Unknown,Unknown,Unknown,Unknown,Unknown,Unknown,Unknown,Unknown,Unknown,Unknown,Unknown,Unknown,Unknown,Unknown,Unknown,Unknown,Unknown,Unknown,Unknown,Unknown,45.0,Unknown,Unknown,Unknown,Unknown,Unknown,Unknown,Unknown,Unknown,Unknown,,Unknown,,Unknown,,Unknown,0.0,0.0,1.0,0.0,1,1,1,1,0,0,0,0,1,0,0,0,0,0,0,0,0,0,0,0,0,0,0,0,0,0,0,0,0,0,0,0,0,0,0,0,0,0,0,0,0,0,0,0,0,0,0,0,0,0,1,0,1,1,1,1,1,1,1,1,1,1,1,1,1,1,1,1,1,1,1,1,1,1,1,1,1,1,1,1,1,1,1,1,1,1,1,1,1,1,1,0,0.2638924038534716
50ee93e087a787d,30270-13559,1,Waymo LLC,5-Day,7.0,2024.0,JAN-2026,SADHW2S12R1,Y,[MAY CONTAIN PERSONALLY IDENTIFIABLE INFORMATION],JAGUAR, ,I-PACE, ,2024.0, ,c05f5429a926f80,Unknown,"5th Generation ADS, Version 10", ,ADS,Verified Engaged,Waymo LLC, , ,Y, , , , , , , , , ,JAN-2026, ,00:15, ,50ee93e087a787d,[MAY CONTAIN PERSONALLY IDENTIFIABLE INFORMATION], ,[MAY CONTAIN PERSONALLY IDENTIFIABLE INFORMATION], ,[MAY CONTAIN PERSONALLY IDENTIFIABLE INFORMATION], ,Phoenix, ,AZ,[MAY CONTAIN PERSONALLY IDENTIFIABLE INFORMATION], ,Parking Lot, , ,Y, , , , , ,Y, , , , , , , , , , ,Other Fixed Object,Property Damage. No Injured Reported,Unknown,Unknown,Unknown,Unknown,Unknown,Unknown,Unknown,Unknown,Unknown,Unknown,Unknown,Unknown,Proceeding Straight,"No Subject Vehicle, Unknown Crash Partner","Yes Subject Vehicle, Unknown Crash Partner",Subject Vehicle - Not Belted - see Narrative,5.0, , , , , , , , , , ,Y, , , ,Y, ,Y, , , ,Unknown, ,Yes, ,"On January 4, 2026 at 12:15 AM MT a Waymo Autonomous Vehicle (""Waymo AV"") operating in Phoenix, Arizona was in a collision involving a speed bump at the entrance of a parking lot at 3002 N. 40th Street.
The Waymo AV was traveling eastbound on E. Pinchot Avenue when it made a slight right turn onto N. 40th Street, then began turning left into a parking lot driveway entrance at  3002 N. 40th Street. As the Waymo AV completed turning left and entering the parking lot entrance at a low rate of speed, the undercarriage of the Waymo AV made contact with a speed bump. At the time of the impact, the Waymo AV's Level 4 ADS was engaged in autonomous mode. The Waymo AV sustained damage. A passenger in the Waymo AV was not belted at the time of the collision. 

Waymo is reporting this crash under Request No. 1 of Standing General Order 2021-01 because a vehicle involved was towed away. Waymo may supplement or correct its reporting with additional information as it may become available.", ,ADS,current,26669.5,Unknown,Unknown,Unknown,Unknown,Unknown,Unknown,Unknown,Unknown,Unknown,Unknown,Unknown,Unknown,Unknown,Unknown,Unknown,Unknown,Unknown,Unknown,Unknown,Unknown,Unknown,Unknown,Unknown,Unknown,Unknown,45.0,Unknown,Unknown,Unknown,Unknown,Unknown,Unknown,Unknown,Unknown,Unknown,,Unknown,,Unknown,,Unknown,0.0,0.0,1.0,0.0,1,1,1,1,0,0,0,0,1,0,0,0,0,0,0,0,0,0,0,0,0,0,0,0,0,0,0,0,0,0,0,0,0,0,0,0,0,1,1,1,1,1,1,1,1,1,1,1,1,0,1,0,1,1,1,1,1,1,1,1,1,1,1,1,1,1,1,1,1,1,1,1,1,1,1,1,1,1,1,1,1,1,1,1,1,1,1,1,1,1,1,0,0.43007296881848234
52b720a94612208,30270-11925,1,Waymo LLC,5-Day,7.0,2024.0,OCT-2025,SADHW2S19R1,Y,,JAGUAR, ,I-PACE, ,2024.0, ,644430fcc38b0d9,Unknown,"5th Generation ADS, Version 10", ,ADS,Verified Engaged,Waymo LLC, , ,Y, , , , , , , , , ,OCT-2025, ,00:59, ,52b720a94612208,[MAY CONTAIN PERSONALLY IDENTIFIABLE INFORMATION], ,[MAY CONTAIN PERSONALLY IDENTIFIABLE INFORMATION], ,[MAY CONTAIN PERSONALLY IDENTIFIABLE INFORMATION], ,Los Angeles, ,CA,[MAY CONTAIN PERSONALLY IDENTIFIABLE INFORMATION], ,Street, , ,Y, , , , , ,Y, , , , , , , , , , ,Heavy Truck,Property Damage. No Injured Reported,Proceeding Straight, ,Y, , , , , , , , , ,Stopped,"No Subject Vehicle, No Crash Partner","Yes Subject Vehicle, No Crash Partner",Subject Vehicle - No Passenger In Vehicle,0.0, , , , ,Y, , , , , , , , , ,Y, ,Y, , , ,Unknown, ,Yes, ,"On October 16, 2025 at 12:59 AM PT a Waymo Autonomous Vehicle (""Waymo AV"") operating in Los Angeles, California was in a collision involving a heavy truck on N. Madison Avenue near Monroe Street. 
The Waymo AV was traveling northbound on a narrow portion of N. Madison Avenue with vehicles parked at the curb in both directions when it slowed to a stop to yield to a heavy truck traveling southbound on N. Madison Avenue. As the heavy truck passed the stationary Waymo AV, the left side of the heavy truck trailer made contact with the rear left side of the Waymo AV. At the time of the impact, the Waymo AV's Level 4 ADS was engaged in autonomous mode. The Waymo AV sustained damage.

Waymo is reporting this crash under Request No. 1 of Standing General Order 2021-01 because a vehicle involved was towed away. Waymo may supplement or correct its reporting with additional information as it may become available.", ,ADS,current,26669.5,Unknown,Unknown,Unknown,Unknown,Unknown,Unknown,Unknown,Unknown,Unknown,Unknown,Unknown,Unknown,Unknown,Unknown,Unknown,Unknown,Unknown,Unknown,Unknown,Unknown,Unknown,Unknown,Unknown,Unknown,Unknown,45.0,Unknown,Unknown,Unknown,Unknown,Unknown,Unknown,Unknown,Unknown,Unknown,,Unknown,,Unknown,,Unknown,0.0,0.0,1.0,0.0,1,1,1,1,0,0,0,0,1,0,0,0,0,0,0,0,0,0,0,0,0,0,0,0,0,0,0,0,0,0,0,0,0,0,0,0,0,0,0,0,0,0,0,0,0,0,0,0,0,0,1,0,1,1,1,1,1,1,1,1,1,1,1,1,1,1,1,1,1,1,1,1,1,1,1,1,1,1,1,1,1,1,1,1,1,1,1,1,1,1,1,0,0.3099832464514498
534cbfd41219280,30270-13068,1,Waymo LLC,5-Day,7.0,2024.0,NOV-2025,SADHW2S1XR1,Y,[MAY CONTAIN PERSONALLY IDENTIFIABLE INFORMATION],JAGUAR, ,I-PACE, ,2024.0, ,13965860762147e,Unknown,"5th Generation ADS, Version 10", ,ADS,Verified Engaged,Waymo LLC, , ,Y, , , , , , , , , ,NOV-2025, ,17:33, ,534cbfd41219280,[MAY CONTAIN PERSONALLY IDENTIFIABLE INFORMATION], ,[MAY CONTAIN PERSONALLY IDENTIFIABLE INFORMATION], ,[MAY CONTAIN PERSONALLY IDENTIFIABLE INFORMATION], ,Los Angeles, ,CA,[MAY CONTAIN PERSONALLY IDENTIFIABLE INFORMATION], ,Street, , ,Y, , , , , ,Y, , , , , , , , , , ,Bus,Property Damage. No Injured Reported,Proceeding Straight, , , , , , , ,Y, , , ,Stopped,"No Subject Vehicle, No Crash Partner","Yes Subject Vehicle, No Crash Partner",Subject Vehicle - No Passenger In Vehicle,0.0, , ,Y, , , , , , , , , , , ,Y, ,Y, , , ,Unknown, ,Yes, ,"On November 7, 2025 at 5:33 PM PT a Waymo Autonomous Vehicle (""Waymo AV"") operating in Los Angeles, California was in a collision involving a bus on Broadway near W. 11th Street.
The Waymo AV was stopped at the curb on Broadway facing northeast for a passenger pick-up with hazard lights activated when a bus traveling northeastbound on Broadway slowed to a stop to the left of the Waymo AV for a red light at the intersection with W. 11th Street. After the light turned green, the bus proceeded forward and the right side of the bus made contact with the left side of the stationary Waymo AV. At the time of the impact, the Waymo AV's Level 4 ADS was engaged in autonomous mode. The Waymo AV sustained damage.

Waymo is reporting this crash under Request No. 1 of Standing General Order 2021-01 because a vehicle involved was towed away. Waymo may supplement or correct its reporting with additional information as it may become available.", ,ADS,current,26669.5,Unknown,Unknown,Unknown,Unknown,Unknown,Unknown,Unknown,Unknown,Unknown,Unknown,Unknown,Unknown,Unknown,Unknown,Unknown,Unknown,Unknown,Unknown,Unknown,Unknown,Unknown,Unknown,Unknown,Unknown,Unknown,45.0,Unknown,Unknown,Unknown,Unknown,Unknown,Unknown,Unknown,Unknown,Unknown,,Unknown,,Unknown,,Unknown,0.0,0.0,1.0,0.0,1,1,1,1,0,0,0,0,1,0,0,0,0,0,0,0,0,0,0,0,0,0,0,0,0,0,0,0,0,0,0,0,0,0,0,0,0,0,0,0,0,0,0,0,0,0,0,0,0,0,1,0,1,1,1,1,1,1,1,1,1,1,1,1,1,1,1,1,1,1,1,1,1,1,1,1,1,1,1,1,1,1,1,1,1,1,1,1,1,1,1,0,0.38462503814474086
53b2c239e2ff616,30270-11742,1,Waymo LLC,5-Day,7.0,2024.0,SEP-2025,SADHW2S19R1,Y,,JAGUAR, ,I-PACE, ,2024.0, ,290fca443f38770,Unknown,"5th Generation ADS, Version 10", ,ADS,Verified Engaged,Waymo LLC, , ,Y, , , , , , , , , ,SEP-2025, ,10:07, ,53b2c239e2ff616,[MAY CONTAIN PERSONALLY IDENTIFIABLE INFORMATION], ,[MAY CONTAIN PERSONALLY IDENTIFIABLE INFORMATION], ,[MAY CONTAIN PERSONALLY IDENTIFIABLE INFORMATION], ,San Francisco, ,CA,[MAY CONTAIN PERSONALLY IDENTIFIABLE INFORMATION], ,Street, , ,Y, , , , , ,Y, , , , , , , , , , ,SUV,Property Damage. No Injured Reported,Changing Lanes, , , , , , , ,Y, , , ,Proceeding Straight,"No Subject Vehicle, No Crash Partner","Yes Subject Vehicle, No Crash Partner",Subject Vehicle - All Belted,12.0, , , , , , ,Y, , , , , , , ,Y, ,Y, , , ,Unknown, ,Yes, ,"On September[XXX], 2025 at 10:07 AM PT a Waymo Autonomous Vehicle (""Waymo AV"") operating in San Francisco, Californnia was in a collision involving an SUV on[XXX] at [XXX]. 
The Waymo AV was traveling eastbound on [XXX] in the left lane as a [XXX] train traveling eastbound was stopped to the left of the Waymo AV. As the Waymo AV approached the intersection with [XXX], intending to continue straight, an SUV traveling southbound across [XXX] emerged from behind the [XXX] train and crossed the dedicated [XXX] rail tracks directly in front of the [XXX] train and into the Waymo AV's lane of travel. The right side of the SUV made contact with the front left side of the Waymo AV. At the time of the impact, the Waymo AV's Level 4 ADS was engaged in autonomous mode. Both vehicles sustained damage.
Waymo is reporting this crash under Request No. 1 of Standing General Order 2021-01 because a vehicle involved was towed away. Waymo may supplement or correct its reporting with additional information as it may become available.", ,ADS,current,26669.5,Unknown,Unknown,Unknown,Unknown,Unknown,Unknown,Unknown,Unknown,Unknown,Unknown,Unknown,Unknown,Unknown,Unknown,Unknown,Unknown,Unknown,Unknown,Unknown,Unknown,Unknown,Unknown,Unknown,Unknown,Unknown,45.0,Unknown,Unknown,Unknown,Unknown,Unknown,Unknown,Unknown,Unknown,Unknown,,Unknown,,Unknown,,Unknown,0.0,0.0,1.0,0.0,1,1,1,1,0,0,0,0,1,0,0,0,0,0,0,0,0,0,0,0,0,0,0,0,0,0,0,0,0,0,0,0,0,0,0,0,0,0,0,0,0,0,0,0,0,0,0,0,0,0,1,0,1,1,1,1,1,1,1,1,1,1,1,1,1,1,1,1,1,1,1,1,1,1,1,1,1,1,1,1,1,1,1,1,1,1,1,1,1,1,1,0,0.20895600336185202
550378e84cbe32d,30270-11596,1,Waymo LLC,5-Day,7.0,2024.0,SEP-2025,SADHW2S15R1,Y,,JAGUAR, ,I-PACE, ,2024.0, ,d0ebac371478862,Unknown,"5th Generation ADS, Version 10", ,ADS,Verified Engaged,Waymo LLC, , ,Y, , , , , , , , , ,AUG-2025, ,20:36, ,550378e84cbe32d,[MAY CONTAIN PERSONALLY IDENTIFIABLE INFORMATION], ,[MAY CONTAIN PERSONALLY IDENTIFIABLE INFORMATION], ,, ,San Francisco, ,CA,Unknown, ,Street, , ,Y, , , , , ,Y, , , , , , , , , , ,Passenger Car,Property Damage. No Injured Reported,Proceeding Straight, , , , , , , , ,Y, , ,Stopped,"No Subject Vehicle, No Crash Partner","Yes Subject Vehicle, No Crash Partner",Subject Vehicle - All Belted,0.0, , , , , , , ,Y, , , , , , ,Y, ,Y, , , ,Unknown, ,Yes, ,"On August [XXX], 2025 at 8:36 PM PT a Waymo Autonomous Vehicle (""Waymo AV"") operating in San Francisco, California was in a collision involving a passenger car on [XXX] at [XXX]. 
The Waymo AV was traveling westbound on [XXX] when it came to a stop for a red light at the intersection at [XXX]. While the Waymo AV remained stopped, a passenger car approached the Waymo AV from behind and the front of the passenger car made contact with the rear of the stationary Waymo AV. At the time of the impact, the Waymo AV's Level 4 ADS was engaged in autonomous mode. Both vehicles sustained damage.
Waymo is reporting this crash under Request No. 1 of Standing General Order 2021-01 because a vehicle involved was towed away. Waymo may supplement or correct its reporting with additional information as it may become available.", ,ADS,current,26669.5,Unknown,Unknown,Unknown,Unknown,Unknown,Unknown,Unknown,Unknown,Unknown,Unknown,Unknown,Unknown,Unknown,Unknown,Unknown,Unknown,Unknown,Unknown,Unknown,Unknown,Unknown,Unknown,Unknown,Unknown,Unknown,45.0,Unknown,Unknown,Unknown,Unknown,Unknown,Unknown,Unknown,Unknown,Unknown,,Unknown,,Unknown,,Unknown,0.0,0.0,1.0,0.0,1,1,1,1,0,0,0,0,1,0,0,0,0,0,0,0,0,0,0,0,0,0,0,0,1,0,0,0,0,0,0,0,0,0,0,0,0,0,0,0,0,0,0,0,0,0,0,0,0,0,1,0,1,1,1,1,1,1,1,1,1,1,1,1,1,1,1,1,1,1,1,1,1,1,1,1,1,1,1,1,1,1,1,1,1,1,1,1,1,1,1,0,0.19381256776994382
563dda883ac7ccc,30270-11500,1,Waymo LLC,5-Day,7.0,2024.0,AUG-2025,SADHW2S15R1,Y,,JAGUAR, ,I-PACE, ,2024.0, ,feeb9235b719c75,Unknown,"5th Generation ADS, Version 10", ,ADS,Verified Engaged,Waymo LLC, , ,Y, , , , , , , , , ,AUG-2025, ,12:42, ,563dda883ac7ccc,[MAY CONTAIN PERSONALLY IDENTIFIABLE INFORMATION], ,[MAY CONTAIN PERSONALLY IDENTIFIABLE INFORMATION], ,, ,Phoenix, ,AZ,Unknown, ,Street, , , , , , , ,Y,Y, , , , , , , , , , ,"Other, see Narrative",Property Damage. No Injured Reported,"Other, see Narrative", , , , , , , , , , ,Y,Proceeding Straight,"No Subject Vehicle, No Crash Partner","Yes Subject Vehicle, No Crash Partner",Subject Vehicle - No Passenger In Vehicle,13.0, , , , , , ,Y, , , , , , , ,Y, ,Y, , , ,Unknown, ,Yes, ,"On August [XXX], 2025 at 12:42 PM MT a Waymo Autonomous Vehicle (""Waymo AV"") operating in Phoenix, Arizona was in a collision involving a section of removed pavement on [XXX] near [XXX]. 
The Waymo AV was traveling southbound through a construction zone on [XXX] in the rightmost lane delineated by a line of temporary orange pylons when it approached a parked construction truck in its lane of travel with a mounted arrow board displaying a flashing left arrow. The Waymo AV changed lanes to continue traveling southbound on [XXX] to the left of the line of pylons. As the Waymo AV continued to follow the path delineated by the pylons, it encountered a section of the pavement that had been removed creating a drop in the lane surface, and the front left wheel proceeded over the section of removed pavement.. At the time of the impact, the Waymo AV's Level 4 ADS was engaged in autonomous mode. The Waymo AV sustained damage.
Waymo is reporting this crash under Request No. 1 of Standing General Order 2021-01 because a vehicle involved was towed away. Waymo may supplement or correct its reporting with additional information as it may become available.", ,ADS,current,26669.5,Unknown,Unknown,Unknown,Unknown,Unknown,Unknown,Unknown,Unknown,Unknown,Unknown,Unknown,Unknown,Unknown,Unknown,Unknown,Unknown,Unknown,Unknown,Unknown,Unknown,Unknown,Unknown,Unknown,Unknown,Unknown,45.0,Unknown,Unknown,Unknown,Unknown,Unknown,Unknown,Unknown,Unknown,Unknown,,Unknown,,Unknown,,Unknown,0.0,0.0,1.0,0.0,1,1,1,1,0,0,0,0,1,0,0,0,0,0,0,0,0,0,0,0,0,0,0,0,1,0,0,0,0,0,0,0,0,0,0,0,0,0,0,0,0,0,0,0,0,0,0,0,0,0,1,0,1,1,1,1,1,1,1,1,1,1,1,1,1,1,1,1,1,1,1,1,1,1,1,1,1,1,1,1,1,1,1,1,1,1,1,1,1,1,1,0,0.2732552169447186
57077729fff8e86,30270-13192,1,Waymo LLC,5-Day,7.0,2024.0,NOV-2025,SADHW2S15R1,Y,[MAY CONTAIN PERSONALLY IDENTIFIABLE INFORMATION],JAGUAR, ,I-PACE, ,2024.0, ,6396e4f8e325a37,Unknown,"5th Generation ADS, Version 10", ,ADS,Verified Engaged,Waymo LLC, , ,Y, , , , , , , , , ,NOV-2025, ,17:31, ,57077729fff8e86,[MAY CONTAIN PERSONALLY IDENTIFIABLE INFORMATION], ,[MAY CONTAIN PERSONALLY IDENTIFIABLE INFORMATION], ,[MAY CONTAIN PERSONALLY IDENTIFIABLE INFORMATION], ,Tempe, ,AZ,[MAY CONTAIN PERSONALLY IDENTIFIABLE INFORMATION], ,Street, , ,Y, , , , , , , ,Y, , , , , , , , ,Passenger Car,Minor W/ Hospitalization,Changing Lanes, , ,Y, , , , , , , , ,Stopped,"No Subject Vehicle, No Crash Partner","Yes Subject Vehicle, Yes Crash Partner",Subject Vehicle - No Passenger In Vehicle,0.0, , , , ,Y, , , , , , , , , ,Y, ,Y, , , ,Tempe Police Department, ,Yes, ,"On November 22, 2025 at 5:31 PM MT a Waymo Autonomous Vehicle (""Waymo AV"") operating in Tempe, Arizona was in a collision involving a passenger car on S. Perry Lane at E. University Drive. 
The Waymo AV was stopped facing south on S. Perry Lane for a stop sign at the intersection with E. University Drive with its right turn signal activated in preparation for a right turn. While the Waymo AV was stopped, a passenger car traveling southbound on S. Perry Lane approached the Waymo AV from behind at a high rate of speed and began to maneuver to the left, and the front right side of the passenger car made contact with the rear left side of the stationary Waymo AV. The front of the passenger car then made contact with the rear of a second passenger car that was stopped at the stop sign in front of and to the left of the Waymo AV. At the time of the impact, the Waymo AV's Level 4 ADS was engaged in autonomous mode. All three vehicles sustained damage. The driver of the second passenger car was transported to a hospital by an ambulance with unknown injuries.

Waymo is reporting this crash under Request No. 1 of Standing General Order 2021-01 because an individual involved was transported from the scene to a hospital for medical treatment. Waymo may supplement or correct its reporting with additional information as it may become available.", ,ADS,current,26669.5,Unknown,Unknown,Unknown,Unknown,Unknown,Unknown,Unknown,Unknown,Unknown,Unknown,Unknown,Unknown,Unknown,Unknown,Unknown,Unknown,Unknown,Unknown,Unknown,Unknown,Unknown,Unknown,Unknown,Unknown,Unknown,45.0,Unknown,Unknown,Unknown,Unknown,Unknown,Unknown,Unknown,Unknown,Unknown,,Unknown,,Unknown,,Unknown,1.0,0.0,1.0,0.0,1,1,1,1,0,0,0,0,1,0,0,0,0,0,0,0,0,0,0,0,0,0,0,0,0,0,0,0,0,0,0,0,0,0,0,0,0,0,0,0,0,0,0,0,0,0,0,0,0,0,0,0,1,1,1,1,1,1,1,1,1,1,1,1,1,1,1,1,1,1,1,1,1,1,1,1,1,1,1,1,1,1,1,1,1,1,1,1,1,1,1,0,0.10347857270496473
572d061decfdca8,30270-13546,1,Waymo LLC,5-Day,7.0,2024.0,JAN-2026,SADHW2S1XR1,Y,[MAY CONTAIN PERSONALLY IDENTIFIABLE INFORMATION],JAGUAR, ,I-PACE, ,2024.0, ,d908397c783a4b0,Unknown,"5th Generation ADS, Version 10", ,ADS,Verified Engaged,Waymo LLC, , ,Y, , , , , , , , , ,JAN-2026, ,16:55, ,572d061decfdca8,[MAY CONTAIN PERSONALLY IDENTIFIABLE INFORMATION], ,[MAY CONTAIN PERSONALLY IDENTIFIABLE INFORMATION], ,[MAY CONTAIN PERSONALLY IDENTIFIABLE INFORMATION], ,Atlanta, ,GA,[MAY CONTAIN PERSONALLY IDENTIFIABLE INFORMATION], ,Intersection, , ,Y, , , , , ,Y, , , , , , , , , , ,Passenger Car,Property Damage. No Injured Reported,Making Right Turn, , , , , ,Y, , , , , ,Proceeding Straight,"No Subject Vehicle, No Crash Partner","Yes Subject Vehicle, Yes Crash Partner",Subject Vehicle - No Passenger In Vehicle,28.0, , , , , , , , ,Y, , , , , ,Y, ,Y, , , ,Atlanta Police Department, ,Yes, ,"On January 1, 2026 at 4:55 PM ET a Waymo Autonomous Vehicle (""Waymo AV"") operating in Atlanta, Georgia was in a collision involving a passenger car on Ellsworth Industrial Boulevard NW at Chattahoochee Avenue NW. 
The Waymo AV was traveling southbound in the right lane on Ellsworth Industrial Boulevard NW, proceeding straight at a green light through the intersection with Chattahoochee Avenue NW. As the Waymo AV was exiting the intersection, a passenger car traveling eastbound on Chattahoochee Avenue NW in the rightmost lane proceeded to make a right turn against a red traffic light onto Ellsworth Industrial Boulevard NW, entering the Waymo AV's lane of travel, and the front left corner of the passenger car made contact with the right side of the Waymo AV. At the time of the impact, the Waymo AV's Level 4 ADS was engaged in autonomous mode. Both vehicles sustained damage.

Waymo is reporting this crash under Request No. 1 of Standing General Order 2021-01 because a vehicle was towed away. Waymo may supplement or correct its reporting with additional information as it may become available.", ,ADS,current,26669.5,Unknown,Unknown,Unknown,Unknown,Unknown,Unknown,Unknown,Unknown,Unknown,Unknown,Unknown,Unknown,Unknown,Unknown,Unknown,Unknown,Unknown,Unknown,Unknown,Unknown,Unknown,Unknown,Unknown,Unknown,Unknown,45.0,Unknown,Unknown,Unknown,Unknown,Unknown,Unknown,Unknown,Unknown,Unknown,,Unknown,,Unknown,,Unknown,0.0,0.0,1.0,0.0,1,1,1,1,0,0,0,0,1,0,0,0,0,0,0,0,0,0,0,0,0,0,0,0,0,0,0,0,0,0,0,0,0,0,0,0,0,0,0,0,0,0,0,0,0,0,0,0,0,0,0,0,1,1,1,1,1,1,1,1,1,1,1,1,1,1,1,1,1,1,1,1,1,1,1,1,1,1,1,1,1,1,1,1,1,1,1,1,1,1,1,0,0.4266933613412244
572eda94d5649db,30270-13444,1,Waymo LLC,5-Day,7.0,2024.0,DEC-2025,SADHW2S14R1,Y,[MAY CONTAIN PERSONALLY IDENTIFIABLE INFORMATION],JAGUAR, ,I-PACE, ,2024.0, ,d63bb65fa259846,Unknown,"5th Generation ADS, Version 10", ,ADS,Verified Engaged,Waymo LLC, , ,Y, , , , , , , , , ,DEC-2025, ,15:41, ,572eda94d5649db,[MAY CONTAIN PERSONALLY IDENTIFIABLE INFORMATION], ,[MAY CONTAIN PERSONALLY IDENTIFIABLE INFORMATION], ,[MAY CONTAIN PERSONALLY IDENTIFIABLE INFORMATION], ,Los Angeles, ,CA,[MAY CONTAIN PERSONALLY IDENTIFIABLE INFORMATION], ,Street, , ,Y, , , , , ,Y, , , , , , , , , , ,Passenger Car,Property Damage. No Injured Reported,Proceeding Straight, ,Y, , , , , , , , , ,Stopped,"No Subject Vehicle, No Crash Partner","Yes Subject Vehicle, No Crash Partner",Subject Vehicle - All Belted,0.0, , , , ,Y, , , , , , , , , ,Y, ,Y, , , ,Unknown, ,Yes, ,"On December 19, 2025 at 3:41 PM PT a Waymo Autonomous Vehicle (""Waymo AV"") operating in Los Angeles, California was in a collision involving a passenger car on S. Holt Avenue near Sawyer Street.
The Waymo AV was traveling southbound on a narrow portion of S. Holt Avenue when it maneuvered to the right towards the curb and slowed to a stop to yield to a passenger car traveling northbound on S. Holt Avenue. While the Waymo AV was stopped, the passenger car proceeded to pass to the left of the Waymo AV and the left side of the passenger car made contact with the rear left side of the stationary Waymo AV. At the time of the impact, the Waymo AV's Level 4 ADS was engaged in autonomous mode. Both vehicles sustained damage.

Waymo is reporting this crash under Request No. 1 of Standing General Order 2021-01 because a vehicle involved was towed away. Waymo may supplement or correct its reporting with additional information as it may become available.", ,ADS,current,26669.5,Unknown,Unknown,Unknown,Unknown,Unknown,Unknown,Unknown,Unknown,Unknown,Unknown,Unknown,Unknown,Unknown,Unknown,Unknown,Unknown,Unknown,Unknown,Unknown,Unknown,Unknown,Unknown,Unknown,Unknown,Unknown,45.0,Unknown,Unknown,Unknown,Unknown,Unknown,Unknown,Unknown,Unknown,Unknown,,Unknown,,Unknown,,Unknown,0.0,0.0,1.0,0.0,1,1,1,1,0,0,0,0,1,0,0,0,0,0,0,0,0,0,0,0,0,0,0,0,0,0,0,0,0,0,0,0,0,0,0,0,0,0,0,0,0,0,0,0,0,0,0,0,0,0,1,0,1,1,1,1,1,1,1,1,1,1,1,1,1,1,1,1,1,1,1,1,1,1,1,1,1,1,1,1,1,1,1,1,1,1,1,1,1,1,1,0,0.19381256776994382
5775424de1e4cb2,30270-13544,1,Waymo LLC,5-Day,7.0,2024.0,JAN-2026,SADHW2S11R1,Y,[MAY CONTAIN PERSONALLY IDENTIFIABLE INFORMATION],JAGUAR, ,I-PACE, ,2024.0, ,be3c2d2b252838f,Unknown,"5th Generation ADS, Version 10", ,ADS,Verified Engaged,Waymo LLC, , ,Y, , , , , , , , , ,JAN-2026, ,02:36, ,5775424de1e4cb2,[MAY CONTAIN PERSONALLY IDENTIFIABLE INFORMATION], ,[MAY CONTAIN PERSONALLY IDENTIFIABLE INFORMATION], ,[MAY CONTAIN PERSONALLY IDENTIFIABLE INFORMATION], ,Phoenix, ,AZ,[MAY CONTAIN PERSONALLY IDENTIFIABLE INFORMATION], ,Parking Lot, , , , , , ,Y, ,Y, , , , , , , , , , ,SUV,Property Damage. No Injured Reported,Passing, , , , , , , ,Y, , , ,Stopped,"No Subject Vehicle, No Crash Partner","Yes Subject Vehicle, No Crash Partner",Subject Vehicle - Not Belted - see Narrative,0.0, , , , ,Y, , , , , , , , , ,Y, ,Y, , , ,Unknown, ,Yes, ,"On January 1, 2026 at 2:36 AM MT a Waymo Autonomous Vehicle (""Waymo AV"") operating in Phoenix, Arizona was in a collision involving an SUV in a parking lot near 730 W. Mariposa Street.
The Waymo AV was stopped facing north in-lane in a parking lot at 730 W. Mariposa Street, yielding to a queue of traffic stopping and going in both directions. While the Waymo AV was stopped, an SUV that was initially stopped directly behind the Waymo AV proceeded to pass the Waymo AV to the left, and the right side of the SUV made contact with the rear left side of the stationary Waymo AV. At the time of the impact, the Waymo AV's Level 4 ADS was engaged in autonomous mode. Both vehicles sustained damage. A passenger in the Waymo AV was not belted at the time of the collision. 

Waymo is reporting this crash under Request No. 1 of Standing General Order 2021-01 because a vehicle involved was towed away. Waymo may supplement or correct its reporting with additional information as it may become available.", ,ADS,current,26669.5,Unknown,Unknown,Unknown,Unknown,Unknown,Unknown,Unknown,Unknown,Unknown,Unknown,Unknown,Unknown,Unknown,Unknown,Unknown,Unknown,Unknown,Unknown,Unknown,Unknown,Unknown,Unknown,Unknown,Unknown,Unknown,45.0,Unknown,Unknown,Unknown,Unknown,Unknown,Unknown,Unknown,Unknown,Unknown,,Unknown,,Unknown,,Unknown,0.0,0.0,1.0,0.0,1,1,1,1,0,0,0,0,1,0,0,0,0,0,0,0,0,0,0,0,0,0,0,0,0,0,0,0,0,0,0,0,0,0,0,0,0,0,0,0,0,0,0,0,0,0,0,0,0,0,1,0,1,1,1,1,1,1,1,1,1,1,1,1,1,1,1,1,1,1,1,1,1,1,1,1,1,1,1,1,1,1,1,1,1,1,1,1,1,1,1,0,0.11219740919929293
57e4cb7d01bf5d8,30270-12012,1,Waymo LLC,5-Day,7.0,2024.0,NOV-2025,SADHW2S15R1,Y,,JAGUAR, ,I-PACE, ,2024.0, ,86ebcd25fb576c4,Unknown,"5th Generation ADS, Version 10", ,ADS,Verified Engaged,Waymo LLC, , ,Y, , , , , , , , , ,OCT-2025, ,06:08, ,57e4cb7d01bf5d8,[MAY CONTAIN PERSONALLY IDENTIFIABLE INFORMATION], ,[MAY CONTAIN PERSONALLY IDENTIFIABLE INFORMATION], ,[MAY CONTAIN PERSONALLY IDENTIFIABLE INFORMATION], ,Phoenix, ,AZ,[MAY CONTAIN PERSONALLY IDENTIFIABLE INFORMATION], ,Street, , ,Y, , , , , ,Y, , , , , , , , , , ,Pickup Truck,Minor W/O Hospitalization,Proceeding Straight, , ,Y, , , , , , , , ,Proceeding Straight,"No Subject Vehicle, No Crash Partner","Yes Subject Vehicle, No Crash Partner",Subject Vehicle - All Belted,1.0, , , , ,Y, , , , , , , , , ,Y, ,Y, , , ,Phoenix Police Department, ,Yes, ,"On October 29, 2025 at 6:08 AM MT a Waymo Autonomous Vehicle (""Waymo AV"") operating in Phoenix, Arizona was in a collision involving a pickup truck on 7th Street at E. Missouri Avenue. 
The Waymo AV was traveling northbound on 7th Street in the rightmost lane when it slowed for a queue of traffic at the intersection with E. Missouri Avenue. As the Waymo AV was slowing, a pickup truck traveling northbound on 7th Street, partially in the rightmost lane and partially in the second from the right lane, approached the Waymo AV from behind and the front right of the pickup truck made contact with the rear left of the Waymo AV. At the time of the impact, the Waymo AV's Level 4 ADS was engaged in autonomous mode. Both vehicles sustained damage. The passenger in the Waymo AV alleged a minor injury.

Waymo is reporting this crash under Request No. 1 of Standing General Order 2021-01 a vehicle involved was towed away. Waymo may supplement or correct its reporting with additional information as it may become available.", ,ADS,current,26669.5,Unknown,Unknown,Unknown,Unknown,Unknown,Unknown,Unknown,Unknown,Unknown,Unknown,Unknown,Unknown,Unknown,Unknown,Unknown,Unknown,Unknown,Unknown,Unknown,Unknown,Unknown,Unknown,Unknown,Unknown,Unknown,45.0,Unknown,Unknown,Unknown,Unknown,Unknown,Unknown,Unknown,Unknown,Unknown,,Unknown,,Unknown,,Unknown,1.0,0.0,1.0,0.0,1,1,1,1,0,0,0,0,1,0,0,0,0,0,0,0,0,0,0,0,0,0,0,0,0,0,0,0,0,0,0,0,0,0,0,0,0,0,0,0,0,0,0,0,0,0,0,0,0,0,0,0,1,1,1,1,1,1,1,1,1,1,1,1,1,1,1,1,1,1,1,1,1,1,1,1,1,1,1,1,1,1,1,1,1,1,1,1,1,1,1,0,0.3814144313342037
58879cba1755aad,30270-11837,1,Waymo LLC,5-Day,7.0,2024.0,OCT-2025,SADHW2S14R1,Y,,JAGUAR, ,I-PACE, ,2024.0, ,ad459da60bd740d,Unknown,"5th Generation ADS, Version 10", ,ADS,Verified Engaged,Waymo LLC, , ,Y, , , , , , , , , ,OCT-2025, ,17:22, ,58879cba1755aad,[MAY CONTAIN PERSONALLY IDENTIFIABLE INFORMATION], ,[MAY CONTAIN PERSONALLY IDENTIFIABLE INFORMATION], ,[MAY CONTAIN PERSONALLY IDENTIFIABLE INFORMATION], ,Los Angeles, ,CA,[MAY CONTAIN PERSONALLY IDENTIFIABLE INFORMATION], ,Street, , ,Y, , , , , ,Y, , , , , , , , , , ,SUV,Property Damage. No Injured Reported,Proceeding Straight, ,Y, , , , , , , , , ,Stopped,"No Subject Vehicle, No Crash Partner","Yes Subject Vehicle, No Crash Partner",Subject Vehicle - No Passenger In Vehicle,0.0, , , , ,Y, , , , , , , , , ,Y, ,Y, , , ,Unknown, ,Yes, ,"On October 3, 2025 at 5:22 PM PT a Waymo Autonomous Vehicle (""Waymo AV"") operating in Los Angeles, California was in a collision involving an SUV on S. Mansfield Avenue near Westhaven Street. 
The Waymo AV was traveling southbound on a narrow portion of S. Mansfield Avenue, made more narrow by the presence of a pickup truck on the east side of the roadway parked partially in a driveway and partially with the rear of the pickup truck in the roadway. As the Waymo AV maneuvered to pass the parked pickup truck, an SUV traveling northbound approached the pickup truck and Waymo AV. The Waymo AV came to a stop to yield to the SUV, which continued forward without stopping. The Waymo AV activated its hazard lights and shifted into reverse to attempt to make room for the passing SUV, but as the SUV attempted to pass between the Waymo AV and the rear of the pickup truck, the left side of the SUV made contact with the rear left side of the stationary Waymo AV. At the time of the impact, the Waymo AV's Level 4 ADS was engaged in autonomous mode. Both vehicles sustained damage.

Waymo is reporting this crash under Request No. 1 of Standing General Order 2021-01 because a vehicle involved was towed away. Waymo may supplement or correct its reporting with additional information as it may become available.", ,ADS,current,26669.5,Unknown,Unknown,Unknown,Unknown,Unknown,Unknown,Unknown,Unknown,Unknown,Unknown,Unknown,Unknown,Unknown,Unknown,Unknown,Unknown,Unknown,Unknown,Unknown,Unknown,Unknown,Unknown,Unknown,Unknown,Unknown,45.0,Unknown,Unknown,Unknown,Unknown,Unknown,Unknown,Unknown,Unknown,Unknown,,Unknown,,Unknown,,Unknown,0.0,0.0,1.0,0.0,1,1,1,1,0,0,0,0,1,0,0,0,0,0,0,0,0,0,0,0,0,0,0,0,0,0,0,0,0,0,0,0,0,0,0,0,0,0,0,0,0,0,0,0,0,0,0,0,0,0,1,0,1,1,1,1,1,1,1,1,1,1,1,1,1,1,1,1,1,1,1,1,1,1,1,1,1,1,1,1,1,1,1,1,1,1,1,1,1,1,1,0,0.16094455026027885
59c8f0ea2de9faa,30270-11588,1,Waymo LLC,5-Day,7.0,2024.0,SEP-2025,SADHW2S11R1,Y,,JAGUAR, ,I-PACE, ,2024.0, ,cd223ee0c0d774c,Unknown,"5th Generation ADS, Version 10", ,ADS,Verified Engaged,Waymo LLC, , ,Y, , , , , , , , , ,AUG-2025, ,10:54, ,59c8f0ea2de9faa,[MAY CONTAIN PERSONALLY IDENTIFIABLE INFORMATION], ,[MAY CONTAIN PERSONALLY IDENTIFIABLE INFORMATION], ,, ,Palo Alto, ,CA,Unknown, ,Intersection, , ,Y, , , , , ,Y, , , , , , , , , , ,SUV,Property Damage. No Injured Reported,Proceeding Straight, , ,Y, , , , , , , , ,Stopped,"No Subject Vehicle, No Crash Partner","Yes Subject Vehicle, No Crash Partner",Subject Vehicle - No Passenger In Vehicle,0.0, , , , ,Y, , , , , , , , , ,Y, ,Y, , , ,Unknown, ,Yes, ,"On August [XXX], 2025 at 10:54 AM PT a Waymo Autonomous Vehicle (""Waymo AV"") operating in Palo Alto, California was in a collision involving an SUV on [XXX] at [XXX]. 
The Waymo AV was traveling eastbound on [XXX] when it came to a stop for the stop sign at the intersection with [XXX]. An SUV that was traveling behind the Waymo AV approached the Waymo AV from behind and the front right side of the SUV made contact with the rear left side of the stationary Waymo AV. At the time of the impact, the Waymo AV's Level 4 ADS was engaged in autonomous mode. Both vehicles sustained damage. 
Waymo is reporting this crash under Request No. 1 of Standing General Order 2021-01 because a vehicle involved was towed away. Waymo may supplement or correct its reporting with additional information as it may become available.", ,ADS,current,26669.5,Unknown,Unknown,Unknown,Unknown,Unknown,Unknown,Unknown,Unknown,Unknown,Unknown,Unknown,Unknown,Unknown,Unknown,Unknown,Unknown,Unknown,Unknown,Unknown,Unknown,Unknown,Unknown,Unknown,Unknown,Unknown,45.0,Unknown,Unknown,Unknown,Unknown,Unknown,Unknown,Unknown,Unknown,Unknown,,Unknown,,Unknown,,Unknown,0.0,0.0,1.0,0.0,1,1,1,1,0,0,0,0,1,0,0,0,0,0,0,0,0,0,0,0,0,0,0,0,1,0,0,0,0,0,0,0,0,0,0,0,0,0,0,0,0,0,0,0,0,0,0,0,0,0,1,0,1,1,1,1,1,1,1,1,1,1,1,1,1,1,1,1,1,1,1,1,1,1,1,1,1,1,1,1,1,1,1,1,1,1,1,1,1,1,1,0,0.18088560122533995
59f1938f3e901e0,30270-13484,1,Waymo LLC,5-Day,7.0,2024.0,DEC-2025,SADHW2S12R1,Y,[MAY CONTAIN PERSONALLY IDENTIFIABLE INFORMATION],JAGUAR, ,I-PACE, ,2024.0, ,f07aedd654e601f,Unknown,"5th Generation ADS, Version 10", ,ADS,Verified Engaged,Waymo LLC, , ,Y, , , , , , , , , ,DEC-2025, ,17:22, ,59f1938f3e901e0,[MAY CONTAIN PERSONALLY IDENTIFIABLE INFORMATION], ,[MAY CONTAIN PERSONALLY IDENTIFIABLE INFORMATION], ,[MAY CONTAIN PERSONALLY IDENTIFIABLE INFORMATION], ,Inglewood, ,CA,[MAY CONTAIN PERSONALLY IDENTIFIABLE INFORMATION], ,Intersection, , ,Y, , , , , , , ,Y, , , , , , , , ,SUV,No Injured Reported,Making Right Turn, , , , , ,Y, , , , , ,Proceeding Straight,"No Subject Vehicle, No Crash Partner","Yes Subject Vehicle, No Crash Partner",Subject Vehicle - All Belted,22.0, ,Y, , , , , , , , , , , , ,Y, ,Y, , , ,Unknown, ,Yes, ,"On December 23, 2025 at 5:22 PM PT a Waymo Autonomous Vehicle (¢ÂÂWaymo AVÃ¢ÂÂ) operating in Los Angeles, California was in a collision involving an SUV on West Hyde Park Boulevard at Glenway Drive. 
The Waymo AV was traveling southwestbound on West Hyde Park Boulevard and proceeding straight at the intersection with Glenway Drive. While the Waymo AV was proceeding through the intersection, an SUV that was travelling southeastbound on Glenway Drive proceeded to make a right turn onto southwestbound West Hyde Park Boulevard without stopping while facing a stop sign. The front of the SUV made contact with the rear right side of the Waymo AV. At the time of the impact, the Waymo AV's Level 4 ADS was engaged in autonomous mode. The Waymo AV sustained damage. 

Waymo is reporting this crash under Request No. 1 of Standing General Order 2021-01 because a vehicle involved was towed away. Waymo may supplement or correct its reporting with additional information as it may become available.", ,ADS,current,26669.5,Unknown,Unknown,Unknown,Unknown,Unknown,Unknown,Unknown,Unknown,Unknown,Unknown,Unknown,Unknown,Unknown,Unknown,Unknown,Unknown,Unknown,Unknown,Unknown,Unknown,Unknown,Unknown,Unknown,Unknown,Unknown,45.0,Unknown,Unknown,Unknown,Unknown,Unknown,Unknown,Unknown,Unknown,Unknown,,Unknown,,Unknown,,Unknown,0.0,0.0,1.0,0.0,1,1,1,1,0,0,0,0,1,0,0,0,0,0,0,0,0,0,0,0,0,0,0,0,0,0,0,0,0,0,0,0,0,0,0,0,0,0,0,0,0,0,0,0,0,0,0,0,0,0,1,0,1,1,1,1,1,1,1,1,1,1,1,1,1,1,1,1,1,1,1,1,1,1,1,1,1,1,1,1,1,1,1,1,1,1,1,1,1,1,1,0,0.33275318548478394
5a2e2ce28378bff,30270-13023,1,Waymo LLC,5-Day,7.0,2024.0,NOV-2025,SADHW2S15R1,Y,[MAY CONTAIN PERSONALLY IDENTIFIABLE INFORMATION],JAGUAR, ,I-PACE, ,2024.0, ,00fa24afe50168b,Unknown,"5th Generation ADS, Version 10", ,ADS,Verified Engaged,Waymo LLC, , ,Y, , , , , , , , , ,NOV-2025, ,10:28, ,5a2e2ce28378bff,[MAY CONTAIN PERSONALLY IDENTIFIABLE INFORMATION], ,[MAY CONTAIN PERSONALLY IDENTIFIABLE INFORMATION], ,[MAY CONTAIN PERSONALLY IDENTIFIABLE INFORMATION], ,San Francisco, ,CA,[MAY CONTAIN PERSONALLY IDENTIFIABLE INFORMATION], ,Intersection, , ,Y, , , , , ,Y, , , , , , , , , , ,Pickup Truck,Property Damage. No Injured Reported,Changing Lanes, , , , , , , ,Y, , , ,Proceeding Straight,"No Subject Vehicle, No Crash Partner","Yes Subject Vehicle, No Crash Partner",Subject Vehicle - All Belted,11.0, , , , , , ,Y, , , , , , , ,Y, ,Y, , , ,Unknown, ,Yes, ,"On November 2, 2025 at 10:28 AM PT a Waymo Autonomous Vehicle (""Waymo AV"") operating in San Francisco, California was in a collision involving a pickup truck on Powell Street at Pacific Avenue. 
The Waymo AV was traveling northbound in the left lane on Powell Street and approaching the intersection with Pacific Avenue. As the Waymo AV entered the intersection to proceed straight at a green light, a pickup truck that was stopped facing north in the adjacent right lane proceeded to change lanes into the left lane, and the front left side of the pickup truck made contact with the right side of the Waymo AV. At the time of the impact, the Waymo AV's Level 4 ADS was engaged in autonomous mode. Both vehicles sustained damage.

Waymo is reporting this crash under Request No. 1 of Standing General Order 2021-01 because a vehicle involved was towed away. Waymo may supplement or correct its reporting with additional information as it may become available.", ,ADS,current,26669.5,Unknown,Unknown,Unknown,Unknown,Unknown,Unknown,Unknown,Unknown,Unknown,Unknown,Unknown,Unknown,Unknown,Unknown,Unknown,Unknown,Unknown,Unknown,Unknown,Unknown,Unknown,Unknown,Unknown,Unknown,Unknown,45.0,Unknown,Unknown,Unknown,Unknown,Unknown,Unknown,Unknown,Unknown,Unknown,,Unknown,,Unknown,,Unknown,0.0,0.0,1.0,0.0,1,1,1,1,0,0,0,0,1,0,0,0,0,0,0,0,0,0,0,0,0,0,0,0,0,0,0,0,0,0,0,0,0,0,0,0,0,0,0,0,0,0,0,0,0,0,0,0,0,0,1,0,1,1,1,1,1,1,1,1,1,1,1,1,1,1,1,1,1,1,1,1,1,1,1,1,1,1,1,1,1,1,1,1,1,1,1,1,1,1,1,0,0.30512898286992574
5a3c442be71fcfe,30270-12045,1,Waymo LLC,5-Day,7.0,2024.0,NOV-2025,SADHW2S14R1,Y,[MAY CONTAIN PERSONALLY IDENTIFIABLE INFORMATION],JAGUAR, ,I-PACE, ,2024.0, ,3bd6f15920c9303,Unknown,"5th Generation ADS, Version 10", ,ADS,Verified Engaged,Waymo LLC, , ,Y, , , , , , , , , ,OCT-2025, ,17:22, ,5a3c442be71fcfe,[MAY CONTAIN PERSONALLY IDENTIFIABLE INFORMATION], ,[MAY CONTAIN PERSONALLY IDENTIFIABLE INFORMATION], ,[MAY CONTAIN PERSONALLY IDENTIFIABLE INFORMATION], ,San Francisco, ,CA,[MAY CONTAIN PERSONALLY IDENTIFIABLE INFORMATION], ,Street, , ,Y, , , , , ,Y, , , , , , , , , , ,Passenger Car,Property Damage. No Injured Reported,Making Right Turn, , , , , ,Y, , , , , ,Proceeding Straight,"No Subject Vehicle, No Crash Partner","Yes Subject Vehicle, No Crash Partner",Subject Vehicle - All Belted,2.0, , , , ,Y, , , , , , , , , ,Y, ,Y, , , ,Unknown, ,Yes, ,"On October 31, 2025 at 5:22 PM PT a Waymo Autonomous Vehicle (""Waymo AV"") operating in San Francisco, California was in a collision involving a passenger car on Roosevelt Way at Museum Way.
The Waymo AV was traveling eastbound on Roosevelt Way when it began to slow for a stop sign at the intersection with Museum Way. A passenger car traveling southwestbound on Roosevelt Way proceeded to make a slight right turn at the intersection to continue on Roosevelt Way. As the passenger car crossed through the intersection, it crossed the center double yellow line and the front left side of the passenger car made contact with the rear left side of the Waymo AV. At the time of the impact, the Waymo AV's Level 4 ADS was engaged in autonomous mode. Both vehicles sustained damage.

Waymo is reporting this crash under Request No. 1 of Standing General Order 2021-01 because a vehicle involved was towed away. Waymo may supplement or correct its reporting with additional information as it may become available.", ,ADS,current,26669.5,Unknown,Unknown,Unknown,Unknown,Unknown,Unknown,Unknown,Unknown,Unknown,Unknown,Unknown,Unknown,Unknown,Unknown,Unknown,Unknown,Unknown,Unknown,Unknown,Unknown,Unknown,Unknown,Unknown,Unknown,Unknown,45.0,Unknown,Unknown,Unknown,Unknown,Unknown,Unknown,Unknown,Unknown,Unknown,,Unknown,,Unknown,,Unknown,0.0,0.0,1.0,0.0,1,1,1,1,0,0,0,0,1,0,0,0,0,0,0,0,0,0,0,0,0,0,0,0,0,0,0,0,0,0,0,0,0,0,0,0,0,0,0,0,0,0,0,0,0,0,0,0,0,0,1,0,1,1,1,1,1,1,1,1,1,1,1,1,1,1,1,1,1,1,1,1,1,1,1,1,1,1,1,1,1,1,1,1,1,1,1,1,1,1,1,0,0.27917713420880114
5ae11ed429c3054,30270-11420,1,Waymo LLC,5-Day,7.0,2024.0,AUG-2025,SADHW2S16R1,Y,,JAGUAR, ,I-PACE, ,2024.0, ,a97e90018f89699,Unknown,"5th Generation ADS, Version 10", ,ADS,Verified Engaged,Waymo LLC, , ,Y, , , , , , , , , ,JUL-2025, ,14:54, ,5ae11ed429c3054,[MAY CONTAIN PERSONALLY IDENTIFIABLE INFORMATION], ,[MAY CONTAIN PERSONALLY IDENTIFIABLE INFORMATION], ,, ,San Francisco, ,CA,Unknown, ,Street, , ,Y, , , , , , , , ,Y, , , , , , , ,Bus,Property Damage. No Injured Reported,Proceeding Straight, , , , , , , ,Y, , , ,Stopped,"No Subject Vehicle, No Crash Partner","Yes Subject Vehicle, No Crash Partner",Subject Vehicle - All Belted,0.0, , ,Y, , , , , , , , , , , ,Y, ,Y, , , ,San Francisco Police Department, ,Yes, ,"On July [XXX], 2025 at 2:54 PM PT a Waymo Autonomous Vehicle (""Waymo AV"") operating in San Francisco, California was in a collision involving a bus on [XXX] near [XXX]. 
The Waymo AV was stopped facing east in the third from the right lane on [XXX] for a queue of traffic at the intersection at [XXX]. A bus that was stopped facing east in the fourth from the right lane on [XXX] with an open storage compartment door on the passenger side of the bus that extended into the Waymo AV's lane of travel. The bus proceeded forward as traffic ahead advanced, and the open storage compartment door made contact with the driver side mirror of the stationary Waymo AV. At the time of the impact, the Waymo AV's Level 4 ADS was engaged in autonomous mode. The Waymo AV sustained damage.
Waymo is reporting this crash under Request No. 1 of Standing General Order 2021-01 a vehicle involved was towed away. Waymo may supplement or correct its reporting with additional information as it may become available.", ,ADS,current,26669.5,Unknown,Unknown,Unknown,Unknown,Unknown,Unknown,Unknown,Unknown,Unknown,Unknown,Unknown,Unknown,Unknown,Unknown,Unknown,Unknown,Unknown,Unknown,Unknown,Unknown,Unknown,Unknown,Unknown,Unknown,Unknown,45.0,Unknown,Unknown,Unknown,Unknown,Unknown,Unknown,Unknown,Unknown,Unknown,,Unknown,,Unknown,,Unknown,0.0,0.0,1.0,0.0,1,1,1,1,0,0,0,0,1,0,0,0,0,0,0,0,0,0,0,0,0,0,0,0,1,0,0,0,0,0,0,0,0,0,0,0,0,0,0,0,0,0,0,0,0,0,0,0,0,0,0,0,1,1,1,1,1,1,1,1,1,1,1,1,1,1,1,1,1,1,1,1,1,1,1,1,1,1,1,1,1,1,1,1,1,1,1,1,1,1,1,0,0.20783282697772357
5c20154740676df,30270-13328,1,Waymo LLC,5-Day,7.0,2024.0,DEC-2025,SADHW2S18R1,Y,[MAY CONTAIN PERSONALLY IDENTIFIABLE INFORMATION],JAGUAR, ,I-PACE, ,2024.0, ,3420c672857f1de,Unknown,"5th Generation ADS, Version 10", ,ADS,Verified Engaged,Waymo LLC, , ,Y, , , , , , , , , ,DEC-2025, ,23:31, ,5c20154740676df,[MAY CONTAIN PERSONALLY IDENTIFIABLE INFORMATION], ,[MAY CONTAIN PERSONALLY IDENTIFIABLE INFORMATION], ,[MAY CONTAIN PERSONALLY IDENTIFIABLE INFORMATION], ,Venice, ,CA,[MAY CONTAIN PERSONALLY IDENTIFIABLE INFORMATION], ,Street, , ,Y, , , , , ,Y, , , , , , , , , , ,SUV,Property Damage. No Injured Reported,Passing, , ,Y, , , , , , , , ,Making Right Turn,"No Subject Vehicle, No Crash Partner","Yes Subject Vehicle, No Crash Partner",Subject Vehicle - No Passenger In Vehicle,7.0, , , , ,Y, , , , , , , , , ,Y, ,Y, , , ,Unknown, ,Yes, ,"On December 10, 2025 at 11:31 PM PT a Waymo Autonomous Vehicle (""Waymo AV"") operating in Venice, California was in a collision involving an SUV on Pacific Avenue at 29th Place.
The Waymo AV was traveling southeastbound on Pacific Avenue with its right turn signal activated and initiated a right turn onto 29th Place. While the Waymo AV was turning, an SUV traveling southeastbound on Pacific Avenue proceeded to pass the Waymo AV on the left and the front right side of the SUV made contact with the rear left side of the Waymo AV. At the time of the impact, the Waymo AV's Level 4 ADS was engaged in autonomous mode. The Waymo AV sustained damage.

Waymo is reporting this crash under Request No. 1 of Standing General Order 2021-01 because a vehicle involved was towed away. Waymo may supplement or correct its reporting with additional information as it may become available.", ,ADS,current,26669.5,Unknown,Unknown,Unknown,Unknown,Unknown,Unknown,Unknown,Unknown,Unknown,Unknown,Unknown,Unknown,Unknown,Unknown,Unknown,Unknown,Unknown,Unknown,Unknown,Unknown,Unknown,Unknown,Unknown,Unknown,Unknown,45.0,Unknown,Unknown,Unknown,Unknown,Unknown,Unknown,Unknown,Unknown,Unknown,,Unknown,,Unknown,,Unknown,0.0,0.0,1.0,0.0,1,1,1,1,0,0,0,0,1,0,0,0,0,0,0,0,0,0,0,0,0,0,0,0,0,0,0,0,0,0,0,0,0,0,0,0,0,0,0,0,0,0,0,0,0,0,0,0,0,0,1,0,1,1,1,1,1,1,1,1,1,1,1,1,1,1,1,1,1,1,1,1,1,1,1,1,1,1,1,1,1,1,1,1,1,1,1,1,1,1,1,0,0.10659458077102724
5c611728d7fbd04,30270-13370,1,Waymo LLC,5-Day,7.0,2024.0,DEC-2025,SADHW2S13R1,Y,[MAY CONTAIN PERSONALLY IDENTIFIABLE INFORMATION],JAGUAR, ,I-PACE, ,2024.0, ,f7c884a4ace1a1c,Unknown,"5th Generation ADS, Version 10", ,ADS,Verified Engaged,Waymo LLC, , ,Y, , , , , , , , , ,DEC-2025, ,01:35, ,5c611728d7fbd04,[MAY CONTAIN PERSONALLY IDENTIFIABLE INFORMATION], ,[MAY CONTAIN PERSONALLY IDENTIFIABLE INFORMATION], ,[MAY CONTAIN PERSONALLY IDENTIFIABLE INFORMATION], ,Los Angeles, ,CA,[MAY CONTAIN PERSONALLY IDENTIFIABLE INFORMATION], ,Street, , ,Y, , , , , ,Y, , , , , , , , , , ,Passenger Car,Minor W/O Hospitalization,Making Right Turn, , , , , ,Y, , , , , ,Proceeding Straight,"No Subject Vehicle, No Crash Partner","Yes Subject Vehicle, No Crash Partner",Subject Vehicle - No Passenger In Vehicle,34.0, ,Y, , , , , , , , , , , , ,Y, ,Y, , , ,Unknown, ,Yes, ,"On December 13, 2025 at 1:35 AM PT a Waymo Autonomous Vehicle (""Waymo AV"") operating in Los Angeles, California was in a collision involving a passenger car on W. 3rd Street near S. Western Avenue. 
The Waymo AV was traveling westbound on W. 3rd Street in the left lane and proceeding straight at the intersection at S. Western Avenue. While the Waymo AV was exiting the intersection, a passenger car traveling southbound on S. Western Avenue proceeded to make a right turn onto W. 3rd Street. As the passenger car was completing the right turn, the passenger car partially entered the Waymo AV's lane of travel, and the front left side of the passenger car made contact with the rear right side of the Waymo AV. At the time of the impact, the Waymo AV's Level 4 ADS was engaged in autonomous mode. Both vehicles sustained damage. The driver of the passenger car alleged a minor injury.

Waymo is reporting this crash under Request No. 1 of Standing General Order 2021-01 because a vehicle involved was towed away. Waymo may supplement or correct its reporting with additional information as it may become available.", ,ADS,current,26669.5,Unknown,Unknown,Unknown,Unknown,Unknown,Unknown,Unknown,Unknown,Unknown,Unknown,Unknown,Unknown,Unknown,Unknown,Unknown,Unknown,Unknown,Unknown,Unknown,Unknown,Unknown,Unknown,Unknown,Unknown,Unknown,45.0,Unknown,Unknown,Unknown,Unknown,Unknown,Unknown,Unknown,Unknown,Unknown,,Unknown,,Unknown,,Unknown,1.0,0.0,1.0,0.0,1,1,1,1,0,0,0,0,1,0,0,0,0,0,0,0,0,0,0,0,0,0,0,0,0,0,0,0,0,0,0,0,0,0,0,0,0,0,0,0,0,0,0,0,0,0,0,0,0,0,1,0,1,1,1,1,1,1,1,1,1,1,1,1,1,1,1,1,1,1,1,1,1,1,1,1,1,1,1,1,1,1,1,1,1,1,1,1,1,1,1,0,0.4211676002824176
5f502707c16ba16,30270-11424,1,Waymo LLC,5-Day,7.0,2024.0,AUG-2025,SADHW2S15R1,Y,,JAGUAR, ,I-PACE, ,2024.0, ,62b4cc3ccf82b8e,Unknown,"5th Generation ADS, Version 10", ,ADS,Verified Engaged,Waymo LLC, , ,Y, , , , , , , , , ,JUL-2025, ,13:27, ,5f502707c16ba16,[MAY CONTAIN PERSONALLY IDENTIFIABLE INFORMATION], ,[MAY CONTAIN PERSONALLY IDENTIFIABLE INFORMATION], ,, ,Phoenix, ,AZ,Unknown, ,Parking Lot, , ,Y, , , , , ,Y, , , , , , , , , , ,SUV,Property Damage. No Injured Reported,Backing, , , , , , , ,Y, , , ,Proceeding Straight,"No Subject Vehicle, No Crash Partner","Yes Subject Vehicle, Yes Crash Partner",Subject Vehicle - No Passenger In Vehicle,5.0, , , , , , ,Y, , , , , , , ,Y, ,Y, , , ,Unknown, ,Yes, ,"On July [XXX], 2025 at 1:27 PM MT two Waymo Autonomous Vehicles (""Waymo AV"") operating in Phoenix, Arizona were involved in a collision in the West Parking Lot off of [XXX] at the [XXX].
The Waymo AV was parked facing north in a parking stall in the West Parking Lot off of [XXX]. The Waymo AV proceeded to reverse to exit the parking stall, and came to a stop, preparing to maneuver forward and to the left. While the Waymo AV was stopped, a second Waymo AV ([XXX]) that was parked in the left adjacent parking stall proceeded to reverse to exit its parking stall. While the second Waymo AV was reversing, the initial Waymo AV proceeded forward and the front left of the Waymo AV made contact with the right side of the second Waymo AV. At the time of the impact, both Waymo AV's Level 4 ADS were engaged in autonomous mode. Both vehicles sustained damage.
Waymo is reporting this crash under Request No. 1 of Standing General Order 2021-01 because a vehicle involved was towed away. Waymo may supplement or correct its reporting with additional information as it may become available.", ,ADS,current,26669.5,Unknown,Unknown,Unknown,Unknown,Unknown,Unknown,Unknown,Unknown,Unknown,Unknown,Unknown,Unknown,Unknown,Unknown,Unknown,Unknown,Unknown,Unknown,Unknown,Unknown,Unknown,Unknown,Unknown,Unknown,Unknown,45.0,Unknown,Unknown,Unknown,Unknown,Unknown,Unknown,Unknown,Unknown,Unknown,,Unknown,,Unknown,,Unknown,0.0,0.0,1.0,0.0,1,1,1,1,0,0,0,0,1,0,0,0,0,0,0,0,0,0,0,0,0,0,0,0,1,0,0,0,0,0,0,0,0,0,0,0,0,0,0,0,0,0,0,0,0,0,0,0,0,0,1,0,1,1,1,1,1,1,1,1,1,1,1,1,1,1,1,1,1,1,1,1,1,1,1,1,1,1,1,1,1,1,1,1,1,1,1,1,1,1,1,0,0.15555114423933492
600e5d97e4280fc,30270-13189,1,Waymo LLC,Monthly,11.0,2025.0,DEC-2025,SADHW2S14R1,Y,[MAY CONTAIN PERSONALLY IDENTIFIABLE INFORMATION],JAGUAR, ,I-PACE, ,2024.0, ,f465dbb2ddb5bab,Unknown,"5th Generation ADS, Version 10", ,ADS,Verified Engaged,Waymo LLC, , ,Y, , , , , , , , , ,NOV-2025, ,23:37, ,600e5d97e4280fc,[MAY CONTAIN PERSONALLY IDENTIFIABLE INFORMATION], ,[MAY CONTAIN PERSONALLY IDENTIFIABLE INFORMATION], ,[MAY CONTAIN PERSONALLY IDENTIFIABLE INFORMATION], ,San Francisco, ,CA,[MAY CONTAIN PERSONALLY IDENTIFIABLE INFORMATION], ,Intersection, , ,Y, , , , , ,Y, , , , , , , , , , ,SUV,Property Damage. No Injured Reported,Proceeding Straight, , , , , , , , ,Y, , ,Stopped,"No Subject Vehicle, No Crash Partner","Yes Subject Vehicle, No Crash Partner",Subject Vehicle - All Belted,0.0, , , , , , , ,Y, , , , , , ,Y, ,Y, , , ,Unknown, ,Yes, ,"On November 19, 2025 at 11:37 PM PT a Waymo Autonomous Vehicle (""Waymo AV"") operating in San Francisco, California was in a collision involving an SUV on Castro Street at 16th Street.
The Waymo AV was traveling southbound on Castro Street when it slowed to a stop for a stop sign at the intersection with 16th Street. While the Waymo AV was stopped, an SUV traveling southbound on Castro Street approached the Waymo AV from behind, and the front of the SUV made contact with the rear of the stationary Waymo AV. At the time of the impact, the Waymo AV's Level 4 ADS was engaged in autonomous mode. Both vehicles sustained damage.

Waymo is reporting this crash under Request No. 1 of Standing General Order 2021-01 because a vehicle involved was towed away. Waymo may supplement or correct its reporting with additional information as it may become available.", ,ADS,current,26669.5,Unknown,Unknown,Unknown,Unknown,Unknown,Unknown,Unknown,Unknown,Unknown,Unknown,Unknown,Unknown,Unknown,Unknown,Unknown,Unknown,Unknown,Unknown,Unknown,Unknown,Unknown,Unknown,Unknown,Unknown,Unknown,45.0,Unknown,Unknown,Unknown,Unknown,Unknown,Unknown,Unknown,Unknown,Unknown,,Unknown,,Unknown,,Unknown,0.0,0.0,1.0,0.0,1,1,0,0,0,0,0,0,1,0,0,0,0,0,0,0,0,0,0,0,0,0,0,0,0,0,0,0,0,0,0,0,0,0,0,0,0,0,0,0,0,0,0,0,0,0,0,0,0,0,1,0,1,1,1,1,1,1,1,1,1,1,1,1,1,1,1,1,1,1,1,1,1,1,1,1,1,1,1,1,1,1,1,1,1,1,1,1,1,1,1,0,0.24101562892661615
616f675a2e2ccb7,30270-13449,1,Waymo LLC,5-Day,7.0,2024.0,DEC-2025,SADHW2S18R1,Y,[MAY CONTAIN PERSONALLY IDENTIFIABLE INFORMATION],JAGUAR, ,I-PACE, ,2024.0, ,309e7e541d5b57b,Unknown,"5th Generation ADS, Version 10", ,ADS,Verified Engaged,Waymo LLC, , ,Y, , , , , , , , , ,DEC-2025, ,15:17, ,616f675a2e2ccb7,[MAY CONTAIN PERSONALLY IDENTIFIABLE INFORMATION], ,[MAY CONTAIN PERSONALLY IDENTIFIABLE INFORMATION], ,[MAY CONTAIN PERSONALLY IDENTIFIABLE INFORMATION], ,Austin, ,TX,[MAY CONTAIN PERSONALLY IDENTIFIABLE INFORMATION], ,Intersection, , ,Y, , , , , ,Y, , , , , , , , , , ,SUV,Property Damage. No Injured Reported,Proceeding Straight, , , , , , , , ,Y, , ,Stopped,"Yes Crash Partner, No Subject Vehicle","Yes Subject Vehicle, No Crash Partner",Subject Vehicle - No Passenger In Vehicle,0.0, , , , , , , ,Y, , , , , , ,Y, ,Y, , , ,Austin Police Department, ,Yes, ,"On December 21, 2025 at 3:17 PM CT a Waymo Autonomous Vehicle (""Waymo AV"") operating in Austin, Texas was in a collision involving an SUV on E. 7th Street at S. I-35 Frontage Road. 
The Waymo AV was stopped facing east in the fourth from the right lane on E. 7th Street for a red light at the intersection with S. I-35 Frontage Road. When the traffic light turned green, the Waymo AV proceeded a short distance and then slowed down before entering the intersection to yield to an active emergency police vehicle traveling southbound on S. I-35 Frontage Road near E. 8th Street with emergency lights activated. While the Waymo AV was stopped, an SUV that was initially stopped directly behind the Waymo AV proceeded forward and the front of the SUV made contact with the rear of the stationary Waymo AV. At the time of the impact, the Waymo AV's Level 4 ADS was engaged in autonomous mode. Both vehicles sustained damage.

Waymo is reporting this crash under Request No. 1 of Standing General Order 2021-01 because a vehicle involved was towed away. Waymo may supplement or correct its reporting with additional information as it may become available.", ,ADS,current,26669.5,Unknown,Unknown,Unknown,Unknown,Unknown,Unknown,Unknown,Unknown,Unknown,Unknown,Unknown,Unknown,Unknown,Unknown,Unknown,Unknown,Unknown,Unknown,Unknown,Unknown,Unknown,Unknown,Unknown,Unknown,Unknown,45.0,Unknown,Unknown,Unknown,Unknown,Unknown,Unknown,Unknown,Unknown,Unknown,,Unknown,,Unknown,,Unknown,0.0,0.0,1.0,0.0,1,1,1,1,0,0,0,0,1,0,0,0,0,0,0,0,0,0,0,0,0,0,0,0,0,0,0,0,0,0,0,0,0,0,0,0,0,0,0,0,0,0,0,0,0,0,0,0,0,0,0,0,1,1,1,1,1,1,1,1,1,1,1,1,1,1,1,1,1,1,1,1,1,1,1,1,1,1,1,1,1,1,1,1,1,1,1,1,1,1,1,0,0.18088560122533995
617413a35322fb6,30270-13507,1,Waymo LLC,5-Day,7.0,2024.0,JAN-2026,SADHW2S14M1,Y,[MAY CONTAIN PERSONALLY IDENTIFIABLE INFORMATION],JAGUAR, ,I-PACE, ,2021.0, ,e9b9f799cbe72bd,Unknown,"5th Generation ADS, Version 10", ,ADS,Verified Engaged,Waymo LLC, , ,Y, , , , , , , , , ,DEC-2025, ,05:54, ,617413a35322fb6,[MAY CONTAIN PERSONALLY IDENTIFIABLE INFORMATION], ,[MAY CONTAIN PERSONALLY IDENTIFIABLE INFORMATION], ,[MAY CONTAIN PERSONALLY IDENTIFIABLE INFORMATION], ,Brisbane, ,CA,[MAY CONTAIN PERSONALLY IDENTIFIABLE INFORMATION], ,Street, , ,Y, , , , , ,Y, , , , , , , , , , ,Heavy Truck,Property Damage. No Injured Reported,Making Right Turn, , , , , , , ,Y, , , ,Stopped,"No Subject Vehicle, No Crash Partner","Yes Subject Vehicle, No Crash Partner",Subject Vehicle - No Passenger In Vehicle,0.0, , , , , , ,Y, , , , , , , ,Y, ,Y, , , ,Brisbane Police Department, ,Yes, ,"On December 29, 2025 at 5:54 AM PT a Waymo Autonomous Vehicle (""Waymo AV"") operating in Brisbane, California was in a collision involving a heavy truck on Valley Drive at a parking lot entrance at 453 Valley Drive.
The Waymo AV was traveling eastbound in the right lane on Valley Drive when it began to slow for a heavy truck traveling eastbound in the right lane on Valley Drive in front of the Waymo AV. The heavy truck changed lanes to the left and the Waymo AV proceeded forward in the right lane, adjacent to the heavy truck. The heavy truck then proceeded to turn right from the left lane into the parking lot at 453 Valley Drive, entering the Waymo AV's lane of travel. The Waymo AV slowed to a stop as the heavy truck continued to turn, and the right of the heavy truck trailer made contact with the front left side of the stationary Waymo AV. At the time of the impact, the Waymo AV's Level 4 ADS was engaged in autonomous mode. The Waymo AV sustained damage.

Waymo is reporting this crash under Request No. 1 of Standing General Order 2021-01 because a vehicle involved was towed away. Waymo may supplement or correct its reporting with additional information as it may become available.", ,ADS,current,26669.5,Unknown,Unknown,Unknown,Unknown,Unknown,Unknown,Unknown,Unknown,Unknown,Unknown,Unknown,Unknown,Unknown,Unknown,Unknown,Unknown,Unknown,Unknown,Unknown,Unknown,Unknown,Unknown,Unknown,Unknown,Unknown,45.0,Unknown,Unknown,Unknown,Unknown,Unknown,Unknown,Unknown,Unknown,Unknown,,Unknown,,Unknown,,Unknown,0.0,0.0,1.0,0.0,1,1,1,1,0,0,0,0,1,0,0,0,0,0,0,0,0,0,0,0,0,0,0,0,0,0,0,0,0,0,0,0,0,0,0,0,0,0,0,0,0,0,0,0,0,0,0,0,0,0,0,0,1,1,1,1,1,1,1,1,1,1,1,1,1,1,1,1,1,1,1,1,1,1,1,1,1,1,1,1,1,1,1,1,1,1,1,1,1,1,1,0,0.24534274393239505
63c4aa594622616,30270-13550,1,Waymo LLC,5-Day,7.0,2024.0,JAN-2026,SADHW2S15R1,Y,[MAY CONTAIN PERSONALLY IDENTIFIABLE INFORMATION],JAGUAR, ,I-PACE, ,2024.0, ,7a90c8d783166f4,Unknown,"5th Generation ADS, Version 10", ,ADS,Verified Engaged,Waymo LLC, , ,Y, , , , , , , , , ,JAN-2026, ,19:38, ,63c4aa594622616,[MAY CONTAIN PERSONALLY IDENTIFIABLE INFORMATION], ,[MAY CONTAIN PERSONALLY IDENTIFIABLE INFORMATION], ,[MAY CONTAIN PERSONALLY IDENTIFIABLE INFORMATION], ,Los Angeles, ,CA,[MAY CONTAIN PERSONALLY IDENTIFIABLE INFORMATION], ,Street, , ,Y, , , , , , , , , , ,Y, , , , , ,SUV,Minor W/O Hospitalization,"Other, see Narrative", , , , , , , , ,Y, , ,Stopped,"Yes Crash Partner, No Subject Vehicle","Yes Subject Vehicle, No Crash Partner",Subject Vehicle - All Belted,0.0, , , , , , , ,Y, , , , , , ,Y, ,Y, , , ,West Hollywood Sheriff's Department, ,Yes, ,"On January 3, 2026 at 7:38 PM PT a Waymo Autonomous Vehicle (""Waymo AV"") operating in West Hollywood, California was in a collision involving an SUV on Fountain Avenue near N. Fairfax Avenue.
The Waymo AV was traveling eastbound in the left lane on Fountain Avenue when it slowed to a stop to yield to a queue of traffic stopped for a red light at the intersection with N. Fairfax Avenue. While the Waymo AV was stopped, an SUV traveling eastbound in the left lane on Fountain Avenue began to slow as it approached the Waymo AV from behind. As the SUV was slowing, a heavy truck traveling behind the SUV made contact with the rear of the SUV, and as a result of this contact, the front of the SUV then made contact with the rear of the stationary Waymo AV. At the time of the impact, the Waymo AV's Level 4 ADS was engaged in autonomous mode. The SUV and the Waymo AV sustained damage. A passenger in the Waymo AV alleged minor injury.

Waymo is reporting this crash under Request No. 1 of Standing General Order 2021-01 because a vehicle involved was towed away. Waymo may supplement or correct its reporting with additional information as it may become available.", ,ADS,current,26669.5,Unknown,Unknown,Unknown,Unknown,Unknown,Unknown,Unknown,Unknown,Unknown,Unknown,Unknown,Unknown,Unknown,Unknown,Unknown,Unknown,Unknown,Unknown,Unknown,Unknown,Unknown,Unknown,Unknown,Unknown,Unknown,45.0,Unknown,Unknown,Unknown,Unknown,Unknown,Unknown,Unknown,Unknown,Unknown,,Unknown,,Unknown,,Unknown,1.0,0.0,1.0,0.0,1,1,1,1,0,0,0,0,1,0,0,0,0,0,0,0,0,0,0,0,0,0,0,0,0,0,0,0,0,0,0,0,0,0,0,0,0,0,0,0,0,0,0,0,0,0,0,0,0,0,0,0,1,1,1,1,1,1,1,1,1,1,1,1,1,1,1,1,1,1,1,1,1,1,1,1,1,1,1,1,1,1,1,1,1,1,1,1,1,1,1,0,0.18239141315808305
642b9d8879d269b,30270-11605,1,Waymo LLC,5-Day,7.0,2024.0,SEP-2025,SADHW2S1XR1,Y,,JAGUAR, ,I-PACE, ,2024.0, ,aca840db6563bbb,Unknown,"5th Generation ADS, Version 10", ,ADS,Verified Engaged,Waymo LLC, , ,Y, , , , , , , , , ,AUG-2025, ,17:25, ,642b9d8879d269b,[MAY CONTAIN PERSONALLY IDENTIFIABLE INFORMATION], ,[MAY CONTAIN PERSONALLY IDENTIFIABLE INFORMATION], ,, ,San Francisco, ,CA,Unknown, ,Street, , ,Y, , , , , ,Y, , , , , , , , , , ,SUV,No Injured Reported,Proceeding Straight, , , , , , , ,Y, , , ,Parked,"No Subject Vehicle, No Crash Partner","Yes Subject Vehicle, No Crash Partner",Subject Vehicle - Not Belted - see Narrative,0.0, , , , ,Y, , , , , , , , , ,Y, ,Y, , , ,Unknown, ,Yes, ,"On August [XXX], 2025 at 5:25 PM PT a Waymo Autonomous Vehicle (""Waymo AV"") operating in San Francisco, California was in a collision involving an SUV on [XXX] near [XXX]. 
The Waymo AV was parked at the curb facing north on [XXX] for a passenger drop-off with hazard lights activated. An SUV was traveling northbound on [XXX]. As the SUV approached the parked Waymo AV, a Waymo AV passenger opened the rear left door and the right side of the SUV made contact with the open left rear door of the stopped Waymo AV. At the time of the impact, the Waymo AV's Level 4 ADS was engaged in autonomous mode. Both vehicles sustained damage. The passengers in the Waymo AV were not belted at the time of the collision as they were preparing to exit the Waymo AV.
Waymo is reporting this crash under Request No. 1 of Standing General Order 2021-01 because a vehicle involved was towed away. Waymo may supplement or correct its reporting with additional information as it may become available.", ,ADS,current,26669.5,Unknown,Unknown,Unknown,Unknown,Unknown,Unknown,Unknown,Unknown,Unknown,Unknown,Unknown,Unknown,Unknown,Unknown,Unknown,Unknown,Unknown,Unknown,Unknown,Unknown,Unknown,Unknown,Unknown,Unknown,Unknown,45.0,Unknown,Unknown,Unknown,Unknown,Unknown,Unknown,Unknown,Unknown,Unknown,,Unknown,,Unknown,,Unknown,0.0,0.0,1.0,0.0,1,1,1,1,0,0,0,0,1,0,0,0,0,0,0,0,0,0,0,0,0,0,0,0,1,0,0,0,0,0,0,0,0,0,0,0,0,0,0,0,0,0,0,0,0,0,0,0,0,0,1,0,1,1,1,1,1,1,1,1,1,1,1,1,1,1,1,1,1,1,1,1,1,1,1,1,1,1,1,1,1,1,1,1,1,1,1,1,1,1,1,0,0.22241862066770224
648613db05d6eb9,30270-11547,1,Waymo LLC,5-Day,7.0,2024.0,AUG-2025,SADHW2S10R1,Y,,JAGUAR, ,I-PACE, ,2024.0, ,043a0641d7f833c,Unknown,"5th Generation ADS, Version 10", ,ADS,Verified Engaged,Waymo LLC, , ,Y, , , , , , , , , ,AUG-2025, ,09:21, ,648613db05d6eb9,[MAY CONTAIN PERSONALLY IDENTIFIABLE INFORMATION], ,[MAY CONTAIN PERSONALLY IDENTIFIABLE INFORMATION], ,, ,Culver City, ,CA,Unknown, ,Street, , ,Y, , , , , ,Y, , , , , , , , , , ,Heavy Truck,Property Damage. No Injured Reported,Proceeding Straight, ,Y, , , , , , , , , ,Stopped,"No Subject Vehicle, No Crash Partner","Yes Subject Vehicle, No Crash Partner",Subject Vehicle - All Belted,0.0, , , , ,Y, , , , , , , , , ,Y, ,Y, , , ,Unknown, ,Yes, ,"On August [XXX], 2025 at 9:21 AM PT a Waymo Autonomous Vehicle (""Waymo AV"") operating in Los Angeles, California was in a collision involving a heavy truck on [XXX] near [XXX]. 
The Waymo AV was stopped facing northwest on [XXX], yielding to a garbage truck traveling southeast in a narrow roadway with parked vehicles on both sides of the street.  As the garbage truck passed the stopped Waymo AV, the left side of the garbage truck made contact with the rear left side of the Waymo AV.  At the time of the impact, the Waymo AV's Level 4 ADS was engaged in autonomous mode. The Waymo AV sustained damage.
Waymo is reporting this crash under Request No. 1 of Standing General Order 2021-01 because a vehicle involved was towed away. Waymo may supplement or correct its reporting with additional information as it may become available.", ,ADS,current,26669.5,Unknown,Unknown,Unknown,Unknown,Unknown,Unknown,Unknown,Unknown,Unknown,Unknown,Unknown,Unknown,Unknown,Unknown,Unknown,Unknown,Unknown,Unknown,Unknown,Unknown,Unknown,Unknown,Unknown,Unknown,Unknown,45.0,Unknown,Unknown,Unknown,Unknown,Unknown,Unknown,Unknown,Unknown,Unknown,,Unknown,,Unknown,,Unknown,0.0,0.0,1.0,0.0,1,1,1,1,0,0,0,0,1,0,0,0,0,0,0,0,0,0,0,0,0,0,0,0,1,0,0,0,0,0,0,0,0,0,0,0,0,0,0,0,0,0,0,0,0,0,0,0,0,0,1,0,1,1,1,1,1,1,1,1,1,1,1,1,1,1,1,1,1,1,1,1,1,1,1,1,1,1,1,1,1,1,1,1,1,1,1,1,1,1,1,0,0.3099832464514498
64f79f6cea38760,30270-13303,1,Waymo LLC,5-Day,7.0,2024.0,DEC-2025,SADHW2S13R1,Y,[MAY CONTAIN PERSONALLY IDENTIFIABLE INFORMATION],JAGUAR, ,I-PACE, ,2024.0, ,c066490829bccdd,Unknown,"5th Generation ADS, Version 10", ,ADS,Verified Engaged,Waymo LLC, , ,Y, , , , , , , , , ,DEC-2025, ,18:32, ,64f79f6cea38760,[MAY CONTAIN PERSONALLY IDENTIFIABLE INFORMATION], ,[MAY CONTAIN PERSONALLY IDENTIFIABLE INFORMATION], ,[MAY CONTAIN PERSONALLY IDENTIFIABLE INFORMATION], ,Tempe, ,AZ,[MAY CONTAIN PERSONALLY IDENTIFIABLE INFORMATION], ,Street, , ,Y, , , , , ,Y, , , , , , , , , , ,SUV,Property Damage. No Injured Reported,Stopped, , ,Y, , , , , , , , ,Stopped,"No Subject Vehicle, No Crash Partner","Yes Subject Vehicle, Yes Crash Partner",Subject Vehicle - All Belted,0.0, , , , , , , ,Y, , , , , , ,Y, ,Y, , , ,Tempe Police Department, ,Yes, ,"On December 7, 2025 at 6:32 PM MT a Waymo Autonomous Vehicle (""Waymo AV"") operating in Tempe, Arizona was in a collision involving an SUV on Priest Drive at the U.S. Route 60 East on-ramp.
The Waymo AV was traveling northbound in the leftmost lane on Priest Drive when it slowed to a stop to yield to a passenger car stopped facing north in the leftmost lane at a green light at the intersection with the U.S. Route 60 East on-ramp. While the Waymo AV was stopped, an SUV traveling northbound in the leftmost lane on Priest Drive approached the Waymo AV from behind and slowed to a stop. While the passenger car, the Waymo AV, and the SUV, were all stopped, a van traveling northbound in the leftmost lane on Priest Drive approached the stopped SUV from behind and the front left side of the van made contact with the rear right side of the stationary SUV, and as a result the front right side of the SUV then made contact with the rear of the stationary Waymo AV. At the time of the impact, the Waymo AV's Level 4 ADS was engaged in autonomous mode. All three vehicles sustained damage.

Waymo is reporting this crash under Request No. 1 of Standing General Order 2021-01 because a vehicle involved was towed away. Waymo may supplement or correct its reporting with additional information as it may become available.", ,ADS,current,26669.5,Unknown,Unknown,Unknown,Unknown,Unknown,Unknown,Unknown,Unknown,Unknown,Unknown,Unknown,Unknown,Unknown,Unknown,Unknown,Unknown,Unknown,Unknown,Unknown,Unknown,Unknown,Unknown,Unknown,Unknown,Unknown,45.0,Unknown,Unknown,Unknown,Unknown,Unknown,Unknown,Unknown,Unknown,Unknown,,Unknown,,Unknown,,Unknown,0.0,0.0,1.0,0.0,1,1,1,1,0,0,0,0,1,0,0,0,0,0,0,0,0,0,0,0,0,0,0,0,0,0,0,0,0,0,0,0,0,0,0,0,0,0,0,0,0,0,0,0,0,0,0,0,0,0,0,0,1,1,1,1,1,1,1,1,1,1,1,1,1,1,1,1,1,1,1,1,1,1,1,1,1,1,1,1,1,1,1,1,1,1,1,1,1,1,1,0,0.1088671851044803
655c60b0b9f9de6,30270-13487,1,Waymo LLC,5-Day,7.0,2024.0,DEC-2025,SADHW2S11R1,Y,[MAY CONTAIN PERSONALLY IDENTIFIABLE INFORMATION],JAGUAR, ,I-PACE, ,2024.0, ,ffc2886fcab2b22,Unknown,"5th Generation ADS, Version 10", ,ADS,Verified Engaged,Waymo LLC, , ,Y, , , , , , , , , ,DEC-2025, ,15:02, ,655c60b0b9f9de6,[MAY CONTAIN PERSONALLY IDENTIFIABLE INFORMATION], ,[MAY CONTAIN PERSONALLY IDENTIFIABLE INFORMATION], ,[MAY CONTAIN PERSONALLY IDENTIFIABLE INFORMATION], ,Austin, ,TX,[MAY CONTAIN PERSONALLY IDENTIFIABLE INFORMATION], ,Parking Lot, , ,Y, , , , , ,Y, , , , , , , , , , ,Other Fixed Object,Property Damage. No Injured Reported,Unknown,Unknown,Unknown,Unknown,Unknown,Unknown,Unknown,Unknown,Unknown,Unknown,Unknown,Unknown,Proceeding Straight,"No Subject Vehicle, No Crash Partner","Yes Subject Vehicle, No Crash Partner",Subject Vehicle - All Belted,10.0, , , , , , , , , , ,Y, , , ,Y, ,Y, , , ,Unknown, ,Yes, ,"On December 24, 2025 at 3:02 PM CT a Waymo Autonomous Vehicle (""Waymo AV"") operating in Austin, Texas made contact with the pavement in a parking lot driveway entrance on West Stassney Lane near Menchaca Road.
The Waymo AV was traveling southeastbound on West Stassney Lane in the left lane, and began to turn left into a parking lot driveway entrance when the underside of the Waymo AV made contact with the pavement. At the time of the impact, the Waymo AV's Level 4 ADS was engaged in autonomous mode. The Waymo AV sustained damage.

Waymo is reporting this crash under Request No. 1 of Standing General Order 2021-01 because a vehicle involved was towed away. Waymo may supplement or correct its reporting with additional information as it may become available.", ,ADS,current,26669.5,Unknown,Unknown,Unknown,Unknown,Unknown,Unknown,Unknown,Unknown,Unknown,Unknown,Unknown,Unknown,Unknown,Unknown,Unknown,Unknown,Unknown,Unknown,Unknown,Unknown,Unknown,Unknown,Unknown,Unknown,Unknown,45.0,Unknown,Unknown,Unknown,Unknown,Unknown,Unknown,Unknown,Unknown,Unknown,,Unknown,,Unknown,,Unknown,0.0,0.0,1.0,0.0,1,1,1,1,0,0,0,0,1,0,0,0,0,0,0,0,0,0,0,0,0,0,0,0,0,0,0,0,0,0,0,0,0,0,0,0,0,1,1,1,1,1,1,1,1,1,1,1,1,0,1,0,1,1,1,1,1,1,1,1,1,1,1,1,1,1,1,1,1,1,1,1,1,1,1,1,1,1,1,1,1,1,1,1,1,1,1,1,1,1,1,0,0.4543703855150697
6586da4de372b9e,30270-11625,1,Waymo LLC,5-Day,7.0,2024.0,SEP-2025,SADHW2S15R1,Y,,JAGUAR, ,I-PACE, ,2024.0, ,e1804ae27c0a305,Unknown,"5th Generation ADS, Version 10", ,ADS,Verified Engaged,Waymo LLC, , ,Y, , , , , , , , , ,SEP-2025, ,23:08, ,6586da4de372b9e,[MAY CONTAIN PERSONALLY IDENTIFIABLE INFORMATION], ,[MAY CONTAIN PERSONALLY IDENTIFIABLE INFORMATION], ,, ,San Francisco, ,CA,Unknown, ,Street, , ,Y, , , , , ,Y, , , , , , , , , , ,Motorcycle,Property Damage. No Injured Reported,Proceeding Straight, , , , , , , , ,Y, , ,Proceeding Straight,"No Subject Vehicle, No Crash Partner","Yes Subject Vehicle, No Crash Partner",Subject Vehicle - No Passenger In Vehicle,1.0, , , , , , , ,Y, , , , , , ,Y, ,Y, , , ,San Francisco Police Department, ,Yes, ,"On September [XXX], 2025 at 11:08 PM PT a Waymo Autonomous Vehicle (""Waymo AV"") operating in San Francisco, California was in a collision involving a motorcycle on [XXX] at [XXX]. 
The Waymo AV was traveling southwestbound on [XXX] when it slowed to a stop to yield to a vehicle stopped in-lane facing southwest on [XXX].  A motorcycle that was traveling behind the Waymo AV approached the Waymo AV from behind and the front of the motorcycle made contact with the rear of the stationary Waymo AV. At the time of the impact, the Waymo AV's Level 4 ADS was engaged in autonomous mode. Both vehicles sustained damage.
Waymo is reporting this crash under Request No. 1 of Standing General Order 2021-01 because a vehicle involved was towed away. Waymo may supplement or correct its reporting with additional information as it may become available.", ,ADS,current,26669.5,Unknown,Unknown,Unknown,Unknown,Unknown,Unknown,Unknown,Unknown,Unknown,Unknown,Unknown,Unknown,Unknown,Unknown,Unknown,Unknown,Unknown,Unknown,Unknown,Unknown,Unknown,Unknown,Unknown,Unknown,Unknown,45.0,Unknown,Unknown,Unknown,Unknown,Unknown,Unknown,Unknown,Unknown,Unknown,,Unknown,,Unknown,,Unknown,0.0,0.0,1.0,0.0,1,1,1,1,0,0,0,0,1,0,0,0,0,0,0,0,0,0,0,0,0,0,0,0,1,0,0,0,0,0,0,0,0,0,0,0,0,0,0,0,0,0,0,0,0,0,0,0,0,0,0,0,1,1,1,1,1,1,1,1,1,1,1,1,1,1,1,1,1,1,1,1,1,1,1,1,1,1,1,1,1,1,1,1,1,1,1,1,1,1,1,0,0.16320976716643246
65ade2f4391bf55,30270-13081,1,Waymo LLC,5-Day,7.0,2024.0,NOV-2025,SADHW2S1XR1,Y,[MAY CONTAIN PERSONALLY IDENTIFIABLE INFORMATION],JAGUAR, ,I-PACE, ,2024.0, ,2f014456b7b3b3c,Unknown,"5th Generation ADS, Version 10", ,ADS,Verified Engaged,Waymo LLC, , ,Y, , , , , , , , , ,NOV-2025, ,20:59, ,65ade2f4391bf55,[MAY CONTAIN PERSONALLY IDENTIFIABLE INFORMATION], ,[MAY CONTAIN PERSONALLY IDENTIFIABLE INFORMATION], ,[MAY CONTAIN PERSONALLY IDENTIFIABLE INFORMATION], ,Austin, ,TX,[MAY CONTAIN PERSONALLY IDENTIFIABLE INFORMATION], ,Street, , ,Y, , , , , ,Y, , , , , , , , , , ,Passenger Car,Property Damage. No Injured Reported,Changing Lanes, , ,Y, , , , , , , , ,Proceeding Straight,"No Subject Vehicle, No Crash Partner","Yes Subject Vehicle, No Crash Partner",Subject Vehicle - All Belted,21.0, , , , ,Y, , , , , , , , , ,Y, ,Y, , , ,Unknown, ,Yes, ,"On November 8, 2025 at 8:59 PM CT a Waymo Autonomous Vehicle (""Waymo AV"") operating in Austin, Texas was in a collision involving a passenger car on S. Lamar Boulevard near Collier Street. 
The Waymo AV was traveling southwestbound in the second from the right lane on S. Lamar Boulevard when a passenger car that was stopped facing southwest in the adjacent bidirectional center turn lane proceeded to change lanes to the Waymo AV's lane of travel, and the front right side of the passenger car made contact with the rear left side of the Waymo AV. At the time of the impact, the Waymo AV's Level 4 ADS was engaged in autonomous mode. The Waymo AV sustained damage.

Waymo is reporting this crash under Request No. 1 of Standing General Order 2021-01 because a vehicle involved was towed away. Waymo may supplement or correct its reporting with additional information as it may become available.", ,ADS,current,26669.5,Unknown,Unknown,Unknown,Unknown,Unknown,Unknown,Unknown,Unknown,Unknown,Unknown,Unknown,Unknown,Unknown,Unknown,Unknown,Unknown,Unknown,Unknown,Unknown,Unknown,Unknown,Unknown,Unknown,Unknown,Unknown,45.0,Unknown,Unknown,Unknown,Unknown,Unknown,Unknown,Unknown,Unknown,Unknown,,Unknown,,Unknown,,Unknown,0.0,0.0,1.0,0.0,1,1,1,1,0,0,0,0,1,0,0,0,0,0,0,0,0,0,0,0,0,0,0,0,0,0,0,0,0,0,0,0,0,0,0,0,0,0,0,0,0,0,0,0,0,0,0,0,0,0,1,0,1,1,1,1,1,1,1,1,1,1,1,1,1,1,1,1,1,1,1,1,1,1,1,1,1,1,1,1,1,1,1,1,1,1,1,1,1,1,1,0,0.28331210386760225
6903df3243c21a0,30270-11766,1,Waymo LLC,5-Day,7.0,2024.0,SEP-2025,SADHW2S11R1,Y,,JAGUAR, ,I-PACE, ,2024.0, ,4a5bc3848bebc6d,Unknown,"5th Generation ADS, Version 10", ,ADS,Verified Engaged,Waymo LLC, , ,Y, , , , , , , , , ,SEP-2025, ,22:56, ,6903df3243c21a0,[MAY CONTAIN PERSONALLY IDENTIFIABLE INFORMATION], ,[MAY CONTAIN PERSONALLY IDENTIFIABLE INFORMATION], ,[MAY CONTAIN PERSONALLY IDENTIFIABLE INFORMATION], ,Austin, ,TX,[MAY CONTAIN PERSONALLY IDENTIFIABLE INFORMATION], ,Parking Lot, , ,Y, , , , , ,Y, , , , , , , , , , ,"Other, see Narrative",Property Damage. No Injured Reported,"Other, see Narrative", , , , , , , , , , ,Y,Proceeding Straight,"No Subject Vehicle, No Crash Partner","Yes Subject Vehicle, No Crash Partner",Subject Vehicle - All Belted,9.0, ,Y, , , , , , , , ,Y, , , ,Y, ,Y, , , ,Unknown, ,Yes, ,"On September 24, 2025 at 10:56 PM CT a Waymo Autonomous Vehicle (""Waymo AV"") operating in Austin, Texas made contact with the pavement at the parking lot entrance of 2952 Barton Skyway. 
The Waymo AV was traveling southbound on Barton Skyway when it began to turn left into a parking lot at 2952 Barton Skyway. As the Waymo AV proceeded eastbound into the entrance of the parking lot, the Waymo AV's undercarriage made contact with the pavement at the entrance of the parking lot. At the time of the impact, the Waymo AV's Level 4 ADS was engaged in autonomous mode. The Waymo AV sustained damage.

Waymo is reporting this crash under Request No. 2 of Standing General Order 2021-01 because a vehicle involved was towed away. Waymo may supplement or correct its reporting with additional information as it may become available.", ,ADS,current,26669.5,Unknown,Unknown,Unknown,Unknown,Unknown,Unknown,Unknown,Unknown,Unknown,Unknown,Unknown,Unknown,Unknown,Unknown,Unknown,Unknown,Unknown,Unknown,Unknown,Unknown,Unknown,Unknown,Unknown,Unknown,Unknown,45.0,Unknown,Unknown,Unknown,Unknown,Unknown,Unknown,Unknown,Unknown,Unknown,,Unknown,,Unknown,,Unknown,0.0,0.0,1.0,0.0,1,1,1,1,0,0,0,0,1,0,0,0,0,0,0,0,0,0,0,0,0,0,0,0,0,0,0,0,0,0,0,0,0,0,0,0,0,0,0,0,0,0,0,0,0,0,0,0,0,0,1,0,1,1,1,1,1,1,1,1,1,1,1,1,1,1,1,1,1,1,1,1,1,1,1,1,1,1,1,1,1,1,1,1,1,1,1,1,1,1,1,0,0.3034862629902851
69636cc1600b313,30270-12051,1,Waymo LLC,5-Day,7.0,2024.0,NOV-2025,SADHW2S18R1,Y,[MAY CONTAIN PERSONALLY IDENTIFIABLE INFORMATION],JAGUAR, ,I-PACE, ,2024.0, ,6754a0a7ed022ae,Unknown,"5th Generation ADS, Version 10", ,ADS,Verified Engaged,Waymo LLC, , ,Y, , , , , , , , , ,NOV-2025, ,02:13, ,69636cc1600b313,[MAY CONTAIN PERSONALLY IDENTIFIABLE INFORMATION], ,[MAY CONTAIN PERSONALLY IDENTIFIABLE INFORMATION], ,[MAY CONTAIN PERSONALLY IDENTIFIABLE INFORMATION], ,Scottsdale, ,AZ,[MAY CONTAIN PERSONALLY IDENTIFIABLE INFORMATION], ,Street, , ,Y, , , , , ,Y, , , , , , , , , , ,SUV,Minor W/ Hospitalization,Proceeding Straight, , , , , ,Y, , , , , ,Proceeding Straight,"Yes Subject Vehicle, Yes Crash Partner","Yes Subject Vehicle, Yes Crash Partner",Subject Vehicle - No Passenger In Vehicle,25.0, , , , , , ,Y, , , , , , , ,Y, ,Y, , , ,Phoenix Police Department, ,Yes, ,"On November 2, 2025 at 2:13 AM MT a Waymo Autonomous Vehicle (""Waymo AV"") operating in Scottsdale, Arizona was in a collision involving a SUV on E. Acoma Drive near N. 68th Street.
The Waymo AV was traveling westbound on E. Acoma Drive when an SUV traveling eastbound on E. Acoma Drive crossed the center dashed yellow line and entered the Waymo AV's lane of travel, and the front left side of the SUV made contact with the front left side of the Waymo AV. At the time of the impact, the Waymo AV's Level 4 ADS was engaged in autonomous mode. Both vehicles sustained damage. The driver of the SUV alleged injuries and was transported to a hospital by an ambulance.

Waymo is reporting this crash under Request No. 1 of Standing General Order 2021-01 because an individual involved was transported from the scene to a hospital for medical treatment. Waymo may supplement or correct its reporting with additional information as it may become available.", ,ADS,current,26669.5,Unknown,Unknown,Unknown,Unknown,Unknown,Unknown,Unknown,Unknown,Unknown,Unknown,Unknown,Unknown,Unknown,Unknown,Unknown,Unknown,Unknown,Unknown,Unknown,Unknown,Unknown,Unknown,Unknown,Unknown,Unknown,45.0,Unknown,Unknown,Unknown,Unknown,Unknown,Unknown,Unknown,Unknown,Unknown,,Unknown,,Unknown,,Unknown,1.0,1.0,1.0,0.0,1,1,1,1,0,0,0,0,1,0,0,0,0,0,0,0,0,0,0,0,0,0,0,0,0,0,0,0,0,0,0,0,0,0,0,0,0,0,0,0,0,0,0,0,0,0,0,0,0,0,0,0,1,1,1,1,1,1,1,1,1,1,1,1,1,1,1,1,1,1,1,1,1,1,1,1,1,1,1,1,1,1,1,1,1,1,1,1,1,1,1,0,0.40186247066358033
69aa25a07f80696,30270-11430,1,Waymo LLC,5-Day,7.0,2024.0,AUG-2025,SADHW2S14R1,Y,,JAGUAR, ,I-PACE, ,2024.0, ,9e40989f06c0576,Unknown,"5th Generation ADS, Version 10", ,ADS,Verified Engaged,Waymo LLC, , ,Y, , , , , , , , , ,JUL-2025, ,18:43, ,69aa25a07f80696,[MAY CONTAIN PERSONALLY IDENTIFIABLE INFORMATION], ,[MAY CONTAIN PERSONALLY IDENTIFIABLE INFORMATION], ,, ,Inglewood, ,CA,Unknown, ,Street, , ,Y, , , , , ,Y, , , , , , , , , , ,Passenger Car,Property Damage. No Injured Reported,Proceeding Straight, , , , , , , , ,Y, , ,Stopped,"No Subject Vehicle, No Crash Partner","Yes Subject Vehicle, No Crash Partner",Subject Vehicle - No Passenger In Vehicle,0.0, , , , , , , ,Y, , , , , , ,Y, ,Y, , , ,Unknown, ,Yes, ,"On July [XXX], 2025 at 6:43 PM PT a Waymo Autonomous Vehicle (""Waymo AV"") operating in Inglewood, California was in a collision involving a passenger car on [XXX] at [XXX]. 
The Waymo AV was traveling westbound on [XXX] and came to a stop for a queue of traffic turning left at the intersection with [XXX]. A passenger car approached the Waymo AV from behind and the front of the passenger car made contact with the rear of the Waymo AV. At the time of the impact, the Waymo AV's Level 4 ADS was engaged in autonomous mode. Both vehicles sustained damage.
Waymo is reporting this crash under Request No. 1 of Standing General Order 2021-01 because a vehicle involved was towed away. Waymo may supplement or correct its reporting with additional information as it may become available.", ,ADS,current,26669.5,Unknown,Unknown,Unknown,Unknown,Unknown,Unknown,Unknown,Unknown,Unknown,Unknown,Unknown,Unknown,Unknown,Unknown,Unknown,Unknown,Unknown,Unknown,Unknown,Unknown,Unknown,Unknown,Unknown,Unknown,Unknown,45.0,Unknown,Unknown,Unknown,Unknown,Unknown,Unknown,Unknown,Unknown,Unknown,,Unknown,,Unknown,,Unknown,0.0,0.0,1.0,0.0,1,1,1,1,0,0,0,0,1,0,0,0,0,0,0,0,0,0,0,0,0,0,0,0,1,0,0,0,0,0,0,0,0,0,0,0,0,0,0,0,0,0,0,0,0,0,0,0,0,0,1,0,1,1,1,1,1,1,1,1,1,1,1,1,1,1,1,1,1,1,1,1,1,1,1,1,1,1,1,1,1,1,1,1,1,1,1,1,1,1,1,0,0.19381256776994382
6c35c4687ba2a7e,30270-11589,1,Waymo LLC,5-Day,7.0,2024.0,SEP-2025,SADHW2S1XR1,Y,,JAGUAR, ,I-PACE, ,2024.0, ,60e3bf6248e7a0e,Unknown,"5th Generation ADS, Version 10", ,ADS,Verified Engaged,Waymo LLC, , ,Y, , , , , , , , , ,AUG-2025, ,02:29, ,6c35c4687ba2a7e,[MAY CONTAIN PERSONALLY IDENTIFIABLE INFORMATION], ,[MAY CONTAIN PERSONALLY IDENTIFIABLE INFORMATION], ,, ,Daly City, ,CA,Unknown, ,Intersection, , ,Y, , , , , ,Y, , , , , , , , , , ,Passenger Car,Property Damage. No Injured Reported,Proceeding Straight, , , , , , , , ,Y, , ,Stopped,"Yes Subject Vehicle, Yes Crash Partner","Yes Subject Vehicle, Yes Crash Partner",Subject Vehicle - All Belted,0.0, , , , , , , ,Y, , , , , , ,Y, ,Y, , , ,Unknown, ,Yes, ,"On August [XXX], 2025 at 2:29 AM PT a Waymo Autonomous Vehicle (""Waymo AV"") operating in Daly City, California was in a collision involving a passenger car on [XXX] at [XXX]. 
The Waymo AV was stopped facing south on [XXX] in the left lane for a red light at the intersection with [XXX]. While the Waymo AV remained stopped for the red light, a passenger car approached the Waymo AV from behind and the front of the passenger car made contact with the rear of the stationary Waymo AV. At the time of the impact, the Waymo AV's Level 4 ADS was engaged in autonomous mode. Both vehicles sustained damage.
Waymo is reporting this crash under Request No. 1 of Standing General Order 2021-01 because a vehicle involved was towed away and because of airbag deployment. Waymo may supplement or correct its reporting with additional information as it may become available.", ,ADS,current,26669.5,Unknown,Unknown,Unknown,Unknown,Unknown,Unknown,Unknown,Unknown,Unknown,Unknown,Unknown,Unknown,Unknown,Unknown,Unknown,Unknown,Unknown,Unknown,Unknown,Unknown,Unknown,Unknown,Unknown,Unknown,Unknown,45.0,Unknown,Unknown,Unknown,Unknown,Unknown,Unknown,Unknown,Unknown,Unknown,,Unknown,,Unknown,,Unknown,0.0,1.0,1.0,0.0,1,1,1,1,0,0,0,0,1,0,0,0,0,0,0,0,0,0,0,0,0,0,0,0,1,0,0,0,0,0,0,0,0,0,0,0,0,0,0,0,0,0,0,0,0,0,0,0,0,0,1,0,1,1,1,1,1,1,1,1,1,1,1,1,1,1,1,1,1,1,1,1,1,1,1,1,1,1,1,1,1,1,1,1,1,1,1,1,1,1,1,0,0.21677385951928962
6fc6e04c8d8c904,13781-11986,2,"Tesla, Inc.",Update,7.0,2024.0,DEC-2025,7SAYGDEE2TF,Y,[MAY CONTAIN PERSONALLY IDENTIFIABLE INFORMATION],TESLA, ,Model Y, ,2026.0, ,5436637777b3ba8,Unknown,"[REDACTED, MAY CONTAIN CONFIDENTIAL BUSINESS INFORMATION]",Y,ADS,Verified Engaged,Tesla Inc, , , , ,Y, , , , , , , ,OCT-2025, ,01:28, ,6fc6e04c8d8c904,[MAY CONTAIN PERSONALLY IDENTIFIABLE INFORMATION], ,[MAY CONTAIN PERSONALLY IDENTIFIABLE INFORMATION], ,[MAY CONTAIN PERSONALLY IDENTIFIABLE INFORMATION], ,Austin, ,TX,[MAY CONTAIN PERSONALLY IDENTIFIABLE INFORMATION], ,Street, , , ,Y, , , , , , , ,Y, , , , , , , ,"Other, see Narrative",Property Damage. No Injured Reported,"Other, see Narrative", , , , , , , , ,Y, , ,Proceeding Straight,"No Subject Vehicle, No Crash Partner","Yes Subject Vehicle, Unknown Crash Partner",Subject Vehicle - All Belted,18.0, , , , , , , , ,Y, , , , , , , ,Y,Y, , ,Unknown, ,"[REDACTED, MAY CONTAIN CONFIDENTIAL BUSINESS INFORMATION]",Y,"[REDACTED, MAY CONTAIN CONFIDENTIAL BUSINESS INFORMATION]",Y,ADS,current,26669.5,Unknown,Unknown,Unknown,Unknown,Unknown,Unknown,Unknown,Unknown,Unknown,Unknown,Unknown,Unknown,Unknown,Unknown,Unknown,Unknown,Unknown,Unknown,Unknown,Unknown,Unknown,Unknown,Unknown,Unknown,Unknown,45.0,Unknown,Unknown,Unknown,Unknown,Unknown,Unknown,Unknown,Unknown,Unknown,,Unknown,,Unknown,,Unknown,0.0,0.0,1.0,0.0,1,1,1,1,0,0,0,0,1,0,0,0,0,0,0,0,0,0,0,0,0,0,0,0,0,0,0,0,0,0,0,0,0,0,0,0,0,0,0,0,0,0,0,0,0,0,0,0,0,0,1,0,1,1,1,1,1,1,1,1,1,1,1,1,1,1,1,1,1,1,1,1,1,1,1,1,1,1,1,1,1,1,1,1,1,1,1,1,1,1,1,0,0.14833513634203632
6fef0bd4d38ff9c,30270-11543,1,Waymo LLC,5-Day,7.0,2024.0,AUG-2025,SADHW2S18R1,Y,,JAGUAR, ,I-PACE, ,2024.0, ,414a581fb3c2819,Unknown,"5th Generation ADS, Version 10", ,ADS,Verified Engaged,Waymo LLC, , ,Y, , , , , , , , , ,AUG-2025, ,18:37, ,6fef0bd4d38ff9c,[MAY CONTAIN PERSONALLY IDENTIFIABLE INFORMATION], ,[MAY CONTAIN PERSONALLY IDENTIFIABLE INFORMATION], ,, ,Los Angeles, ,CA,Unknown, ,Street, , ,Y, , , , , ,Y, , , , , , , , , , ,SUV,Property Damage. No Injured Reported,Proceeding Straight, , ,Y, , , , ,Y, , , ,Parked,"No Subject Vehicle, No Crash Partner","Yes Subject Vehicle, No Crash Partner",Subject Vehicle - No Passenger In Vehicle,0.0, , , , ,Y, , , , , , , , , ,Y, ,Y, , , ,Unknown, ,Yes, ,"On August [XXX], 2025 at 6:37 PM PT a Waymo Autonomous Vehicle (""Waymo AV"") operating in Venice, California was in a collision involving an SUV on [XXX] at [XXX]. 
The Waymo AV was parked partially in-lane at the curb facing southeast on [XXX] at [XXX] for a passenger pickup with its hazard lights activated. While the Waymo AV remained parked, an SUV traveling southeastbound on [XXX] passed the Waymo AV on the left and the front right side of the SUV made contact with the rear left side of the stationary Waymo AV. At the time of the impact, the Waymo AV's Level 4 ADS was engaged in autonomous mode. The Waymo AV sustained damage.
Waymo is reporting this crash under Request No. 1 of Standing General Order 2021-01 because a vehicle involved was towed away. Waymo may supplement or correct its reporting with additional information as it may become available.", ,ADS,current,26669.5,Unknown,Unknown,Unknown,Unknown,Unknown,Unknown,Unknown,Unknown,Unknown,Unknown,Unknown,Unknown,Unknown,Unknown,Unknown,Unknown,Unknown,Unknown,Unknown,Unknown,Unknown,Unknown,Unknown,Unknown,Unknown,45.0,Unknown,Unknown,Unknown,Unknown,Unknown,Unknown,Unknown,Unknown,Unknown,,Unknown,,Unknown,,Unknown,0.0,0.0,1.0,0.0,1,1,1,1,0,0,0,0,1,0,0,0,0,0,0,0,0,0,0,0,0,0,0,0,1,0,0,0,0,0,0,0,0,0,0,0,0,0,0,0,0,0,0,0,0,0,0,0,0,0,1,0,1,1,1,1,1,1,1,1,1,1,1,1,1,1,1,1,1,1,1,1,1,1,1,1,1,1,1,1,1,1,1,1,1,1,1,1,1,1,1,0,0.22241862066770224
71db0433e9fe6dd,30270-11612,1,Waymo LLC,5-Day,7.0,2024.0,SEP-2025,SADHW2S13R1,Y,,JAGUAR, ,I-PACE, ,2024.0, ,075e604001abb0b,Unknown,"5th Generation ADS, Version 10", ,ADS,Verified Engaged,Waymo LLC, , ,Y, , , , , , , , , ,SEP-2025, ,18:41, ,71db0433e9fe6dd,[MAY CONTAIN PERSONALLY IDENTIFIABLE INFORMATION], ,[MAY CONTAIN PERSONALLY IDENTIFIABLE INFORMATION], ,, ,Austin, ,TX,Unknown, ,Intersection, , ,Y, , , , , ,Y, , , , , , , , , , ,SUV,Property Damage. No Injured Reported,Proceeding Straight, , , , , , , ,Y, , , ,Making Left Turn,"No Subject Vehicle, No Crash Partner","Yes Subject Vehicle, No Crash Partner",Subject Vehicle - No Passenger In Vehicle,14.0, , ,Y, , , , , ,Y, , , , , ,Y, ,Y, , , ,Austin Police Department, ,Yes, ,"On September [XXX], 2025 at 6:41 PM CT a Waymo Autonomous Vehicle (""Waymo AV"") operating in Austin, Texas was in a collision involving an SUV on [XXX] at [XXX]. 
The Waymo AV was traveling northwestbound on [XXX] with its left turn signal activated in the second from the left lane, which is a designated left turn and through lane. An SUV was traveling northwestbound in the adjacent leftmost lane, which is a designated left turn-only lane. As the Waymo AV and the SUV entered the intersection at [XXX], the Waymo AV began to turn left and the SUV in the left turn-only lane continued to proceed forward without turning left. The right side of the SUV made contact with the left side of the Waymo AV. At the time of the impact, the Waymo AV's Level 4 ADS was engaged in autonomous mode. The Waymo AV sustained damage.
Waymo is reporting this crash under Request No. 1 of Standing General Order 2021-01 because a vehicle involved was towed away. Waymo may supplement or correct its reporting with additional information as it may become available.", ,ADS,current,26669.5,Unknown,Unknown,Unknown,Unknown,Unknown,Unknown,Unknown,Unknown,Unknown,Unknown,Unknown,Unknown,Unknown,Unknown,Unknown,Unknown,Unknown,Unknown,Unknown,Unknown,Unknown,Unknown,Unknown,Unknown,Unknown,45.0,Unknown,Unknown,Unknown,Unknown,Unknown,Unknown,Unknown,Unknown,Unknown,,Unknown,,Unknown,,Unknown,0.0,0.0,1.0,0.0,1,1,1,1,0,0,0,0,1,0,0,0,0,0,0,0,0,0,0,0,0,0,0,0,1,0,0,0,0,0,0,0,0,0,0,0,0,0,0,0,0,0,0,0,0,0,0,0,0,0,0,0,1,1,1,1,1,1,1,1,1,1,1,1,1,1,1,1,1,1,1,1,1,1,1,1,1,1,1,1,1,1,1,1,1,1,1,1,1,1,1,0,0.3742298225214549
726438b36fdd328,30270-13442,1,Waymo LLC,5-Day,7.0,2024.0,DEC-2025,SADHW2S1XR1,Y,[MAY CONTAIN PERSONALLY IDENTIFIABLE INFORMATION],JAGUAR, ,I-PACE, ,2024.0, ,b2d5a6b55702ba9,Unknown,"5th Generation ADS, Version 10", ,ADS,Verified Engaged,Waymo LLC, , ,Y, , , , , , , , , ,DEC-2025, ,23:07, ,726438b36fdd328,[MAY CONTAIN PERSONALLY IDENTIFIABLE INFORMATION], ,[MAY CONTAIN PERSONALLY IDENTIFIABLE INFORMATION], ,[MAY CONTAIN PERSONALLY IDENTIFIABLE INFORMATION], ,San Francisco, ,CA,[MAY CONTAIN PERSONALLY IDENTIFIABLE INFORMATION], ,Intersection, , ,Y, , , , , ,Y, , , , , , , , , , ,Passenger Car,Property Damage. No Injured Reported,Proceeding Straight, , , , , , , , ,Y, , ,Stopped,"No Subject Vehicle, No Crash Partner","Yes Subject Vehicle, No Crash Partner",Subject Vehicle - No Passenger In Vehicle,0.0, , , , , , , ,Y, , , , , , ,Y, ,Y, , , ,Unknown, ,Yes, ,"On December 18, 2025 at 11:07 PM PT a Waymo Autonomous Vehicle (""Waymo AV"") operating in San Francisco, California was in a collision involving a passenger car on Mission Street at Bosworth Street. 
The Waymo AV was stopped facing southwest in the left lane on Mission Street for a red light at the intersection with Bosworth Street. While the Waymo AV was stopped, a passenger car traveling southwestbound on Mission Street in the same lane approached the Waymo AV from behind, and the front of the passenger car made contact with the rear of the Waymo AV. At the time of the impact, the Waymo AV's Level 4 ADS was engaged in autonomous mode. Both vehicles sustained damage.

Waymo is reporting this crash under Request No. 1 of Standing General Order 2021-01 because a vehicle involved was towed away. Waymo may supplement or correct its reporting with additional information as it may become available.", ,ADS,current,26669.5,Unknown,Unknown,Unknown,Unknown,Unknown,Unknown,Unknown,Unknown,Unknown,Unknown,Unknown,Unknown,Unknown,Unknown,Unknown,Unknown,Unknown,Unknown,Unknown,Unknown,Unknown,Unknown,Unknown,Unknown,Unknown,45.0,Unknown,Unknown,Unknown,Unknown,Unknown,Unknown,Unknown,Unknown,Unknown,,Unknown,,Unknown,,Unknown,0.0,0.0,1.0,0.0,1,1,1,1,0,0,0,0,1,0,0,0,0,0,0,0,0,0,0,0,0,0,0,0,0,0,0,0,0,0,0,0,0,0,0,0,0,0,0,0,0,0,0,0,0,0,0,0,0,0,1,0,1,1,1,1,1,1,1,1,1,1,1,1,1,1,1,1,1,1,1,1,1,1,1,1,1,1,1,1,1,1,1,1,1,1,1,1,1,1,1,0,0.21677385951928962
738d6f870cfbec8,30270-11501,1,Waymo LLC,5-Day,7.0,2024.0,AUG-2025,SADHW2S10M1,Y,,JAGUAR, ,I-PACE, ,2021.0, ,3d7a03e316ec104,Unknown,"5th Generation ADS, Version 10", ,ADS,Verified Engaged,Waymo LLC, , ,Y, , , , , , , , , ,AUG-2025, ,09:03, ,738d6f870cfbec8,[MAY CONTAIN PERSONALLY IDENTIFIABLE INFORMATION], ,[MAY CONTAIN PERSONALLY IDENTIFIABLE INFORMATION], ,, ,San Francisco, ,CA,Unknown, ,Street, , ,Y, , , , , , , ,Y, , , , , , , , ,Pickup Truck,Property Damage. No Injured Reported,Parked, ,Y, , , , , , , , , ,Proceeding Straight,"No Subject Vehicle, No Crash Partner","Yes Subject Vehicle, No Crash Partner",Subject Vehicle - All Belted,7.0, , , , , , , , ,Y, , , , , ,Y, ,Y, , , ,Unknown, ,Yes, ,"On August [XXX], 2025 at 9:03 AM PT a Waymo Autonomous Vehicle (""Waymo AV"") operating in San Francisco, California was in a collision involving a pickup truck on [XXX] near [XXX]. 
The Waymo AV was traveling eastbound on [XXX] when a city bus that was traveling westbound on [XXX] approached in the oncoming direction. As the Waymo AV continued eastbound with the city bus on its left and a pickup truck that was parked facing east at the curb on the Waymo AV's right, the driver of the pickup truck opened the front left door and the right side of the Waymo AV made contact with the open front left door of the pickup truck. At the time of the impact, the Waymo AV's Level 4 ADS was engaged in autonomous mode. Both vehicles sustained damage.
Waymo is reporting this crash under Request No. 1 of Standing General Order 2021-01 because a vehicle involved was towed away. Waymo may supplement or correct its reporting with additional information as it may become available.", ,ADS,current,26669.5,Unknown,Unknown,Unknown,Unknown,Unknown,Unknown,Unknown,Unknown,Unknown,Unknown,Unknown,Unknown,Unknown,Unknown,Unknown,Unknown,Unknown,Unknown,Unknown,Unknown,Unknown,Unknown,Unknown,Unknown,Unknown,45.0,Unknown,Unknown,Unknown,Unknown,Unknown,Unknown,Unknown,Unknown,Unknown,,Unknown,,Unknown,,Unknown,0.0,0.0,1.0,0.0,1,1,1,1,0,0,0,0,1,0,0,0,0,0,0,0,0,0,0,0,0,0,0,0,1,0,0,0,0,0,0,0,0,0,0,0,0,0,0,0,0,0,0,0,0,0,0,0,0,0,1,0,1,1,1,1,1,1,1,1,1,1,1,1,1,1,1,1,1,1,1,1,1,1,1,1,1,1,1,1,1,1,1,1,1,1,1,1,1,1,1,0,0.3014043230401111
741c5bf006b3e9d,30270-13240,1,Waymo LLC,5-Day,7.0,2024.0,DEC-2025,SADHW2S13R1,Y,[MAY CONTAIN PERSONALLY IDENTIFIABLE INFORMATION],JAGUAR, ,I-PACE, ,2024.0, ,951d311f0c41142,Unknown,"5th Generation ADS, Version 10", ,ADS,Verified Engaged,Waymo LLC, , ,Y, , , , , , , , , ,NOV-2025, ,15:03, ,741c5bf006b3e9d,[MAY CONTAIN PERSONALLY IDENTIFIABLE INFORMATION], ,[MAY CONTAIN PERSONALLY IDENTIFIABLE INFORMATION], ,[MAY CONTAIN PERSONALLY IDENTIFIABLE INFORMATION], ,Los Angeles, ,CA,[MAY CONTAIN PERSONALLY IDENTIFIABLE INFORMATION], ,Street, , ,Y, , , , , ,Y, , , , , , , , , , ,Passenger Car,Property Damage. No Injured Reported,Changing Lanes, , , , , ,Y, , , , , ,Proceeding Straight,"No Subject Vehicle, No Crash Partner","Yes Subject Vehicle, No Crash Partner",Subject Vehicle - No Passenger In Vehicle,23.0, ,Y, , , , , , , , , , , , ,Y, ,Y, , , ,Unknown, ,Yes, ,"On November 26, 2025 at 3:03 PM PT a Waymo Autonomous Vehicle (""Waymo AV"") operating in Los Angeles, California was in a collision involving a passenger car on La Brea Avenue near Obama Boulevard. 
The Waymo AV was traveling southbound in the leftmost lane on La Brea Avenue. A passenger car traveling southbound in the second from the leftmost lane on La Brea Avenue, to the right of and behind the Waymo AV, entered the Waymo AV's lane and the front left side of the passenger car made contact with the rear right side of the Waymo AV. At the time of the impact, the Waymo AV's Level 4 ADS was engaged in autonomous mode. The Waymo AV sustained damage. 

Waymo is reporting this crash under Request No. 1 of Standing General Order 2021-01 because a vehicle involved was towed away. Waymo may supplement or correct its reporting with additional information as it may become available.", ,ADS,current,26669.5,Unknown,Unknown,Unknown,Unknown,Unknown,Unknown,Unknown,Unknown,Unknown,Unknown,Unknown,Unknown,Unknown,Unknown,Unknown,Unknown,Unknown,Unknown,Unknown,Unknown,Unknown,Unknown,Unknown,Unknown,Unknown,45.0,Unknown,Unknown,Unknown,Unknown,Unknown,Unknown,Unknown,Unknown,Unknown,,Unknown,,Unknown,,Unknown,0.0,0.0,1.0,0.0,1,1,1,1,0,0,0,0,1,0,0,0,0,0,0,0,0,0,0,0,0,0,0,0,0,0,0,0,0,0,0,0,0,0,0,0,0,0,0,0,0,0,0,0,0,0,0,0,0,0,1,0,1,1,1,1,1,1,1,1,1,1,1,1,1,1,1,1,1,1,1,1,1,1,1,1,1,1,1,1,1,1,1,1,1,1,1,1,1,1,1,0,0.29138209329885933
7454cf9f599bad4,30270-13096,1,Waymo LLC,5-Day,7.0,2024.0,NOV-2025,SADHW2S18R1,Y,[MAY CONTAIN PERSONALLY IDENTIFIABLE INFORMATION],JAGUAR, ,I-PACE, ,2024.0, ,8bd85bd5523157a,Unknown,"5th Generation ADS, Version 10", ,ADS,Verified Engaged,Waymo LLC, , ,Y, , , , , , , , , ,NOV-2025, ,11:32, ,7454cf9f599bad4,[MAY CONTAIN PERSONALLY IDENTIFIABLE INFORMATION], ,[MAY CONTAIN PERSONALLY IDENTIFIABLE INFORMATION], ,[MAY CONTAIN PERSONALLY IDENTIFIABLE INFORMATION], ,Los Angeles, ,CA,[MAY CONTAIN PERSONALLY IDENTIFIABLE INFORMATION], ,Street, , ,Y, , , , , , , ,Y, , , , , , , , ,"Other, see Narrative",Property Damage. No Injured Reported,"Other, see Narrative", , , , , , , , , , ,Y,Proceeding Straight,"No Subject Vehicle, No Crash Partner","Yes Subject Vehicle, No Crash Partner",Subject Vehicle - No Passenger In Vehicle,30.0, , , , , , ,Y, , , , , , , ,Y, ,Y, , , ,Unknown, ,Yes, ,"On November 12, 2025 at 11:32 AM PT a Waymo Autonomous Vehicle (""Waymo AV"") operating in Los Angeles, California was in a collision involving a suspended wire on Main Street near W. 37th Place. 
The Waymo AV was traveling northbound in the left lane on Main Street when it approached a wire apparently tied on one end to a utility pole and being held up by a pedestrian on the west sidewalk of Main Street, such that the wire was suspended low across all lanes of Main Street. The Waymo proceeded straight, striking the suspended wire and then driving over it. The Waymo AV sustained damage.

Waymo is reporting this crash under Request No. 1 of Standing General Order 2021-01 because a vehicle involved was towed away. Waymo may supplement or correct its reporting with additional information as it may become available.", ,ADS,current,26669.5,Unknown,Unknown,Unknown,Unknown,Unknown,Unknown,Unknown,Unknown,Unknown,Unknown,Unknown,Unknown,Unknown,Unknown,Unknown,Unknown,Unknown,Unknown,Unknown,Unknown,Unknown,Unknown,Unknown,Unknown,Unknown,45.0,Unknown,Unknown,Unknown,Unknown,Unknown,Unknown,Unknown,Unknown,Unknown,,Unknown,,Unknown,,Unknown,0.0,0.0,1.0,0.0,1,1,1,1,0,0,0,0,1,0,0,0,0,0,0,0,0,0,0,0,0,0,0,0,0,0,0,0,0,0,0,0,0,0,0,0,0,0,0,0,0,0,0,0,0,0,0,0,0,0,1,0,1,1,1,1,1,1,1,1,1,1,1,1,1,1,1,1,1,1,1,1,1,1,1,1,1,1,1,1,1,1,1,1,1,1,1,1,1,1,1,0,0.33190926204443505
748efca603e1263,30270-11591,1,Waymo LLC,5-Day,7.0,2024.0,SEP-2025,SADHW2S11R1,Y,,JAGUAR, ,I-PACE, ,2024.0, ,000c2c3f72f5b09,Unknown,"5th Generation ADS, Version 10", ,ADS,Verified Engaged,Waymo LLC, , ,Y, , , , , , , , , ,AUG-2025, ,11:43, ,748efca603e1263,[MAY CONTAIN PERSONALLY IDENTIFIABLE INFORMATION], ,[MAY CONTAIN PERSONALLY IDENTIFIABLE INFORMATION], ,, ,Los Angeles, ,CA,Unknown, ,Street, , ,Y, , , , , ,Y, , , , , , , , , , ,"Other, see Narrative",Property Damage. No Injured Reported,"Other, see Narrative", , , , , , , , , , ,Y,Proceeding Straight,"No Subject Vehicle, No Crash Partner","Yes Subject Vehicle, No Crash Partner",Subject Vehicle - No Passenger In Vehicle,22.0, , , , ,Y, , , , , , , , , ,Y, ,Y, , , ,Unknown, ,Yes, ,"On August [XXX], 2025 at 11:43 AM PT a Waymo Autonomous Vehicle (""Waymo AV"") operating in Los Angeles, California had its rear left wheel separate from the vehicle on [XXX] near [XXX]. 
The Waymo AV was traveling northeastbound in the second to right lane on [XXX] when its left rear wheel separated from the vehicle. The wheel rolled northbound across the southwestbound lanes of [XXX] and entered [XXX], where it made contact with the curb. At the time the wheel separated from the vehicle, the Waymo AV's Level 4 ADS was engaged in autonomous mode. The Waymo AV sustained damage.
Waymo is reporting this crash under Request No. 1 of Standing General Order 2021-01 because a vehicle involved was towed away. Waymo may supplement or correct its reporting with additional information as it may become available.", ,ADS,current,26669.5,Unknown,Unknown,Unknown,Unknown,Unknown,Unknown,Unknown,Unknown,Unknown,Unknown,Unknown,Unknown,Unknown,Unknown,Unknown,Unknown,Unknown,Unknown,Unknown,Unknown,Unknown,Unknown,Unknown,Unknown,Unknown,45.0,Unknown,Unknown,Unknown,Unknown,Unknown,Unknown,Unknown,Unknown,Unknown,,Unknown,,Unknown,,Unknown,0.0,0.0,1.0,0.0,1,1,1,1,0,0,0,0,1,0,0,0,0,0,0,0,0,0,0,0,0,0,0,0,1,0,0,0,0,0,0,0,0,0,0,0,0,0,0,0,0,0,0,0,0,0,0,0,0,0,1,0,1,1,1,1,1,1,1,1,1,1,1,1,1,1,1,1,1,1,1,1,1,1,1,1,1,1,1,1,1,1,1,1,1,1,1,1,1,1,1,0,0.3098495458080566
74e9c9d57cd24ea,30270-13543,1,Waymo LLC,5-Day,7.0,2024.0,JAN-2026,SADHW2S18R1,Y,[MAY CONTAIN PERSONALLY IDENTIFIABLE INFORMATION],JAGUAR, ,I-PACE, ,2024.0, ,d674426385f0fc8,Unknown,"5th Generation ADS, Version 10", ,ADS,Verified Engaged,Waymo LLC, , ,Y, , , , , , , , , ,JAN-2026, ,01:03, ,74e9c9d57cd24ea,[MAY CONTAIN PERSONALLY IDENTIFIABLE INFORMATION], ,[MAY CONTAIN PERSONALLY IDENTIFIABLE INFORMATION], ,[MAY CONTAIN PERSONALLY IDENTIFIABLE INFORMATION], ,San Francisco, ,CA,[MAY CONTAIN PERSONALLY IDENTIFIABLE INFORMATION], ,Street, , , , , , ,Y, , , , , , ,Y, , , , , ,Passenger Car,Minor W/O Hospitalization,Proceeding Straight, , , , , ,Y, , , , , ,Stopped,"Yes Crash Partner, No Subject Vehicle","Yes Subject Vehicle, No Crash Partner",Subject Vehicle - Not Belted - see Narrative,0.0, ,Y, , , , , , , , , , , , ,Y, ,Y, , , ,Unknown, ,Yes, ,"On January 1, 2026 at 1:03 AM PT a Waymo Autonomous Vehicle (""Waymo AV"") operating in San Francisco, California was in a collision involving a passenger car on Guerrero Street at 16th Street.
The Waymo AV was stopped facing south in the rightmost lane on Guerrero Street for a red light at the intersection with 16th Street. While the Waymo AV was stopped, a passenger car traveling southbound approached the Waymo AV from behind at a high rate of speed and began to maneuver to the right of the Waymo AV. The front left side of the passenger car made contact with the rear right side of the stationary Waymo AV. At the time of the impact, the Waymo AV's Level 4 ADS was engaged in autonomous mode. Both vehicles sustained damage. A passenger in the Waymo AV not belted at the time of collision. A passenger in the Waymo AV alleged a minor injury.

Waymo is reporting this crash under Request No. 1 of Standing General Order 2021-01 because a vehicle involved was towed away. Waymo may supplement or correct its reporting with additional information as it may become available.", ,ADS,current,26669.5,Unknown,Unknown,Unknown,Unknown,Unknown,Unknown,Unknown,Unknown,Unknown,Unknown,Unknown,Unknown,Unknown,Unknown,Unknown,Unknown,Unknown,Unknown,Unknown,Unknown,Unknown,Unknown,Unknown,Unknown,Unknown,45.0,Unknown,Unknown,Unknown,Unknown,Unknown,Unknown,Unknown,Unknown,Unknown,,Unknown,,Unknown,,Unknown,1.0,0.0,1.0,0.0,1,1,1,1,0,0,0,0,1,0,0,0,0,0,0,0,0,0,0,0,0,0,0,0,0,0,0,0,0,0,0,0,0,0,0,0,0,0,0,0,0,0,0,0,0,0,0,0,0,0,1,0,1,1,1,1,1,1,1,1,1,1,1,1,1,1,1,1,1,1,1,1,1,1,1,1,1,1,1,1,1,1,1,1,1,1,1,1,1,1,1,0,0.17505324205429612
7509c0f51e161bd,30270-11792,1,Waymo LLC,5-Day,7.0,2024.0,OCT-2025,SADHW2S1XR1,Y,,JAGUAR, ,I-PACE, ,2024.0, ,eb7924677ad1d9e,Unknown,"5th Generation ADS, Version 10", ,ADS,Verified Engaged,Waymo LLC, , ,Y, , , , , , , , , ,SEP-2025, ,08:01, ,7509c0f51e161bd,[MAY CONTAIN PERSONALLY IDENTIFIABLE INFORMATION], ,[MAY CONTAIN PERSONALLY IDENTIFIABLE INFORMATION], ,[MAY CONTAIN PERSONALLY IDENTIFIABLE INFORMATION], ,Atlanta, ,GA,[MAY CONTAIN PERSONALLY IDENTIFIABLE INFORMATION], ,Intersection, , ,Y, , , , , ,Y, , , , , , , , , , ,Pickup Truck,Property Damage. No Injured Reported,Backing, , , ,Y, , , , , , , ,Proceeding Straight,"No Subject Vehicle, No Crash Partner","Yes Subject Vehicle, No Crash Partner",Subject Vehicle - All Belted,17.0, , , , , , , , ,Y, , , , , ,Y, ,Y, , , ,Atlanta Police Department, ,Yes, ,"On September 26, 2025 at 8:01 AM ET a Waymo Autonomous Vehicle (""Waymo AV"") operating in Atlanta, Georgia was in a collision involving a pickup truck on Ivan Allen Jr. Boulevard NW at Magnum Street NW. 
The Waymo AV was traveling westbound in the left lane on Ivan Allen Jr. Boulevard NW. A pickup truck that was traveling eastbound in the left turn lane on Ivan Allen Jr. Boulevard NW initiated a U-turn onto westbound Ivan Allen Jr. Boulevard NW at the intersection with Magnum Street NW. As the pickup truck was completing its U-turn, it stopped facing northwest in the right lane on Ivan Allen Jr. Boulevard NW, unable to complete the turn due to the north side sidewalk. As the Waymo AV continued through the intersection with Magnum Street NW and began to passed the pickup truck, the pickup truck began to reverse into the Waymo AV's lane of travel and the rear left side of the pickup truck made contact with the front right side of the Waymo AV. At the time of the impact, the Waymo AV's Level 4 ADS was engaged in autonomous mode. Both vehicles sustained damage.

Waymo is reporting this crash under Request No. 1 of Standing General Order 2021-01 because a vehicle involved was towed away. Waymo may supplement or correct its reporting with additional information as it may become available.", ,ADS,current,26669.5,Unknown,Unknown,Unknown,Unknown,Unknown,Unknown,Unknown,Unknown,Unknown,Unknown,Unknown,Unknown,Unknown,Unknown,Unknown,Unknown,Unknown,Unknown,Unknown,Unknown,Unknown,Unknown,Unknown,Unknown,Unknown,45.0,Unknown,Unknown,Unknown,Unknown,Unknown,Unknown,Unknown,Unknown,Unknown,,Unknown,,Unknown,,Unknown,0.0,0.0,1.0,0.0,1,1,1,1,0,0,0,0,1,0,0,0,0,0,0,0,0,0,0,0,0,0,0,0,0,0,0,0,0,0,0,0,0,0,0,0,0,0,0,0,0,0,0,0,0,0,0,0,0,0,0,0,1,1,1,1,1,1,1,1,1,1,1,1,1,1,1,1,1,1,1,1,1,1,1,1,1,1,1,1,1,1,1,1,1,1,1,1,1,1,1,0,0.23984253545943834
76a67f30bc7dbec,30270-13541,1,Waymo LLC,5-Day,7.0,2024.0,JAN-2026,SADHW2S14R1,Y,[MAY CONTAIN PERSONALLY IDENTIFIABLE INFORMATION],JAGUAR, ,I-PACE, ,2024.0, ,61dbac51021989e,Unknown,"5th Generation ADS,  Version 10", ,ADS,Verified Engaged,Waymo LLC, , ,Y, , , , , , , , , ,DEC-2025, ,18:35, ,76a67f30bc7dbec,[MAY CONTAIN PERSONALLY IDENTIFIABLE INFORMATION], ,[MAY CONTAIN PERSONALLY IDENTIFIABLE INFORMATION], ,[MAY CONTAIN PERSONALLY IDENTIFIABLE INFORMATION], ,San Francisco, ,CA,[MAY CONTAIN PERSONALLY IDENTIFIABLE INFORMATION], ,Street, , ,Y, , , , , , , , , , ,Y, , , , , ,Pickup Truck,Property Damage. No Injured Reported,Proceeding Straight, , ,Y, , , , , , , , ,Stopped,"No Subject Vehicle, No Crash Partner","Yes Subject Vehicle, No Crash Partner",Subject Vehicle - All Belted,0.0, , , , , , ,Y, , , , , , , ,Y, ,Y, , , ,Unknown, ,Yes, ,"On December 31, 2025 at 6:35 PM PT a Waymo Autonomous Vehicle (""Waymo AV"") operating in San Francisco, California was in a collision involving a pickup truck on Gough Street near Ivy Street.
The Waymo AV was traveling southbound in the second from the right lane on Gough Street with its left turn signal activated when it initiated a lane change to the leftmost lane. As the Waymo AV crossed the dashed white lane line, the Waymo AV slowed to a stop, partially in the leftmost lane and partially in the second from the right lane, to yield to a passenger car stopped in a queue of traffic in front of the Waymo AV. A pickup truck that was initially stopped in the leftmost lane facing south on Gough Street behind and to the left of the Waymo AV proceeded forward and the front right side of the pickup truck made contact with the front left side of the stationary Waymo AV. At the time of the impact, the Waymo AV's Level 4 ADS was engaged in autonomous mode. Both vehicles sustained damage.

Waymo is reporting this crash under Request No. 1 of Standing General Order 2021-01 because a vehicle involved was towed away. Waymo may supplement or correct its reporting with additional information as it may become available.", ,ADS,current,26669.5,Unknown,Unknown,Unknown,Unknown,Unknown,Unknown,Unknown,Unknown,Unknown,Unknown,Unknown,Unknown,Unknown,Unknown,Unknown,Unknown,Unknown,Unknown,Unknown,Unknown,Unknown,Unknown,Unknown,Unknown,Unknown,45.0,Unknown,Unknown,Unknown,Unknown,Unknown,Unknown,Unknown,Unknown,Unknown,,Unknown,,Unknown,,Unknown,0.0,0.0,1.0,0.0,1,1,1,1,0,0,0,0,1,0,0,0,0,0,0,0,0,0,0,0,0,0,0,0,0,0,0,0,0,0,0,0,0,0,0,0,0,0,0,0,0,0,0,0,0,0,0,0,0,0,1,0,1,1,1,1,1,1,1,1,1,1,1,1,1,1,1,1,1,1,1,1,1,1,1,1,1,1,1,1,1,1,1,1,1,1,1,1,1,1,1,0,0.19957776237785582
76d67222293b2a7,30270-13137,1,Waymo LLC,5-Day,7.0,2024.0,NOV-2025,SADHW2S1XR1,Y,[MAY CONTAIN PERSONALLY IDENTIFIABLE INFORMATION],JAGUAR, ,I-PACE, ,2024.0, ,1c25739d06e15fb,Unknown,"5th Generation ADS, Version 10", ,ADS,Verified Engaged,Waymo LLC, , ,Y, , , , , , , , , ,NOV-2025, ,21:12, ,76d67222293b2a7,[MAY CONTAIN PERSONALLY IDENTIFIABLE INFORMATION], ,[MAY CONTAIN PERSONALLY IDENTIFIABLE INFORMATION], ,[MAY CONTAIN PERSONALLY IDENTIFIABLE INFORMATION], ,San Francisco, ,CA,[MAY CONTAIN PERSONALLY IDENTIFIABLE INFORMATION], ,Intersection, , ,Y, , , , , ,Y, , , , , , , , , , ,Passenger Car,Property Damage. No Injured Reported,Proceeding Straight, , , , , , , , ,Y, , ,Stopped,"No Subject Vehicle, No Crash Partner","Yes Subject Vehicle, No Crash Partner",Subject Vehicle - All Belted,0.0, , , , , , , ,Y, , , , , , ,Y, ,Y, , , ,San Francisco Police Department, ,Yes, ,"On November 17, 2025 at 9:12 PM PT a Waymo Autonomous Vehicle (""Waymo AV"") operating in San Francisco, California was in a collision involving a passenger car on 17th Street at Capp Street.
The Waymo AV was traveling eastbound on 17th Street with the left turn signal activated when it slowed to a stop for a stop sign at the intersection with Capp Street, preparing to turn left onto Capp Street. While the Waymo AV remained stopped to yield to a pedestrian crossing Capp Street in the marked crosswalk, a passenger car traveling eastbound on 17th Street approached the Waymo AV from behind and the front of the passenger car made contact with the rear of the Waymo AV. At the time of the impact, the Waymo AV's Level 4 ADS was engaged in autonomous mode. The Waymo AV sustained damage.

Waymo is reporting this crash under Request No. 1 of Standing General Order 2021-01 because a vehicle involved was towed away. Waymo may supplement or correct its reporting with additional information as it may become available.", ,ADS,current,26669.5,Unknown,Unknown,Unknown,Unknown,Unknown,Unknown,Unknown,Unknown,Unknown,Unknown,Unknown,Unknown,Unknown,Unknown,Unknown,Unknown,Unknown,Unknown,Unknown,Unknown,Unknown,Unknown,Unknown,Unknown,Unknown,45.0,Unknown,Unknown,Unknown,Unknown,Unknown,Unknown,Unknown,Unknown,Unknown,,Unknown,,Unknown,,Unknown,0.0,0.0,1.0,0.0,1,1,1,1,0,0,0,0,1,0,0,0,0,0,0,0,0,0,0,0,0,0,0,0,0,0,0,0,0,0,0,0,0,0,0,0,0,0,0,0,0,0,0,0,0,0,0,0,0,0,0,0,1,1,1,1,1,1,1,1,1,1,1,1,1,1,1,1,1,1,1,1,1,1,1,1,1,1,1,1,1,1,1,1,1,1,1,1,1,1,1,0,0.21677385951928962
78662ee4e9dd46b,30270-11855,1,Waymo LLC,5-Day,7.0,2024.0,OCT-2025,SADHW2S1XR1,Y,,JAGUAR, ,I-PACE, ,2024.0, ,09463113f49653c,Unknown,"5th Generation ADS, Version 10", ,ADS,Verified Engaged,Waymo LLC, , ,Y, , , , , , , , , ,OCT-2025, ,02:55, ,78662ee4e9dd46b,[MAY CONTAIN PERSONALLY IDENTIFIABLE INFORMATION], ,[MAY CONTAIN PERSONALLY IDENTIFIABLE INFORMATION], ,[MAY CONTAIN PERSONALLY IDENTIFIABLE INFORMATION], ,San Francisco, ,CA,[MAY CONTAIN PERSONALLY IDENTIFIABLE INFORMATION], ,Street, , ,Y, , , , , ,Y, , , , , , , , , , ,First Responder Vehicle,Property Damage. No Injured Reported,Proceeding Straight, ,Y, , , , , , , , , ,Stopped,"No Subject Vehicle, No Crash Partner","Yes Subject Vehicle, No Crash Partner",Subject Vehicle - All Belted,0.0, , , , ,Y, , , , , , , , , ,Y, ,Y, , , ,Unknown, ,Yes, ,"On October 5, 2025 at 2:55 AM PT a Waymo Autonomous Vehicle (""Waymo AV"") operating in San Francisco, California was in a collision involving an ambulance on Alabama Street near 21st Street. 
The Waymo AV was traveling northbound on Alabama Street with vehicles parked on both sides when it maneuvered towards a driveway opening and came to a stop to yield to an ambulance, which did not have lights or sirens activated, traveling southbound on Alabama Street. As the ambulance passed the stationary Waymo AV, the left side of the ambulance made contact with the rear left side of the Waymo AV. At the time of the impact, the Waymo AV's Level 4 ADS was engaged in autonomous mode. The Waymo AV sustained damage.

Waymo is reporting this crash under Request No. 1 of Standing General Order 2021-01 because a vehicle involved was towed away. Waymo may supplement or correct its reporting with additional information as it may become available.", ,ADS,current,26669.5,Unknown,Unknown,Unknown,Unknown,Unknown,Unknown,Unknown,Unknown,Unknown,Unknown,Unknown,Unknown,Unknown,Unknown,Unknown,Unknown,Unknown,Unknown,Unknown,Unknown,Unknown,Unknown,Unknown,Unknown,Unknown,45.0,Unknown,Unknown,Unknown,Unknown,Unknown,Unknown,Unknown,Unknown,Unknown,,Unknown,,Unknown,,Unknown,0.0,0.0,1.0,0.0,1,1,1,1,0,0,0,0,1,0,0,0,0,0,0,0,0,0,0,0,0,0,0,0,0,0,0,0,0,0,0,0,0,0,0,0,0,0,0,0,0,0,0,0,0,0,0,0,0,0,1,0,1,1,1,1,1,1,1,1,1,1,1,1,1,1,1,1,1,1,1,1,1,1,1,1,1,1,1,1,1,1,1,1,1,1,1,1,1,1,1,0,0.14163662725377862
788f2b358042cdf,30270-13545,1,Waymo LLC,5-Day,7.0,2024.0,JAN-2026,SADHW2S18R1,Y,[MAY CONTAIN PERSONALLY IDENTIFIABLE INFORMATION],JAGUAR, ,I-PACE, ,2024.0, ,d18ec86b6a9db0c,Unknown,"5th Generation ADS, Version 10", ,ADS,Verified Engaged,Waymo LLC, , ,Y, , , , , , , , , ,JAN-2026, ,04:20, ,788f2b358042cdf,[MAY CONTAIN PERSONALLY IDENTIFIABLE INFORMATION], ,[MAY CONTAIN PERSONALLY IDENTIFIABLE INFORMATION], ,[MAY CONTAIN PERSONALLY IDENTIFIABLE INFORMATION], ,Austin, ,TX,[MAY CONTAIN PERSONALLY IDENTIFIABLE INFORMATION], ,Street, , ,Y, , , , , ,Y, , , , , , , , , , ,SUV,Minor W/O Hospitalization,Proceeding Straight, , , , , , , , ,Y, , ,Stopped,"No Subject Vehicle, No Crash Partner","Yes Subject Vehicle, No Crash Partner",Subject Vehicle - All Belted,0.0, , , , , , , ,Y, , , , , , ,Y, ,Y, , , ,Unknown, ,Yes, ,"On January 1, 2026 at 4:20 AM CT a Waymo Autonomous Vehicle (""Waymo AV"") operating in Austin, Texas was in a collision involving an SUV on S. 1st Street near W. Oltorf Street.
The Waymo AV was stopped facing southwest in the designated left turn lane on S. 1st Street in a queue of traffic for a red light at the intersection with W. Oltorf Street. While the Waymo AV was stopped, an SUV traveling southwestbound on S. 1st Street entered the designated left turn lane and approached the Waymo AV from behind, and the front of the SUV made contact with the rear of the stationary Waymo AV. At the time of the impact, the Waymo AV's Level 4 ADS was engaged in autonomous mode. Both vehicles sustained damage. The passenger in the Waymo AV alleged a minor injury.

Waymo is reporting this crash under Request No. 1 of Standing General Order 2021-01 because a vehicle involved was towed away. Waymo may supplement or correct its reporting with additional information as it may become available.", ,ADS,current,26669.5,Unknown,Unknown,Unknown,Unknown,Unknown,Unknown,Unknown,Unknown,Unknown,Unknown,Unknown,Unknown,Unknown,Unknown,Unknown,Unknown,Unknown,Unknown,Unknown,Unknown,Unknown,Unknown,Unknown,Unknown,Unknown,45.0,Unknown,Unknown,Unknown,Unknown,Unknown,Unknown,Unknown,Unknown,Unknown,,Unknown,,Unknown,,Unknown,1.0,0.0,1.0,0.0,1,1,1,1,0,0,0,0,1,0,0,0,0,0,0,0,0,0,0,0,0,0,0,0,0,0,0,0,0,0,0,0,0,0,0,0,0,0,0,0,0,0,0,0,0,0,0,0,0,0,1,0,1,1,1,1,1,1,1,1,1,1,1,1,1,1,1,1,1,1,1,1,1,1,1,1,1,1,1,1,1,1,1,1,1,1,1,1,1,1,1,0,0.16094455026027885
798ecf194f8aecb,30270-11190,1,Waymo LLC,5-Day,7.0,2024.0,JUN-2025,SADHW2S10R1,Y,,JAGUAR, ,I-PACE, ,2024.0, ,5dfc67f0ba73f41,Unknown,5th Generation ADS Version 10, ,ADS,Verified Engaged,Waymo LLC, , ,Y, , , , , , , , , ,JUN-2025, ,02:46, ,798ecf194f8aecb,[MAY CONTAIN PERSONALLY IDENTIFIABLE INFORMATION], ,[MAY CONTAIN PERSONALLY IDENTIFIABLE INFORMATION], ,, ,Phoenix, ,AZ,Unknown, ,Intersection, , ,Y, , , , , ,Y, , , , , , , , , , ,Passenger Car,Property Damage. No Injured Reported,Proceeding Straight, , , , , , , , ,Y, , ,Stopped,"Yes Crash Partner, No Subject Vehicle","Yes Subject Vehicle, No Crash Partner",Subject Vehicle - All Belted,0.0, , , , , , , ,Y, , , , , , ,Y, ,Y, , , ,Unknown, ,Yes, ,"On June [XXX], 2025 at 2:46 AM MT a Waymo Autonomous Vehicle (""Waymo AV"") operating in Phoenix, Arizona was in a collision involving a passenger car on [XXX at [XXX]. 
The Waymo AV was stopped facing south in the rightmost lane on [XXX] for a red light at the intersection at [XXX]. While the Waymo AV remained stopped, a passenger car traveling southbound in the rightmost lane on [XXX] approached the Waymo AV from behind and the front of the passenger car made contact with the rear of the Waymo AV. At the time of the impact, the Waymo AV's Level 4 ADS was engaged in autonomous mode. Both vehicles sustained damage.
Waymo is reporting this crash under Request No. 1 of Standing General Order 2021-01 because of airbag deployment and a vehicle involved was towed away. Waymo may supplement or correct its reporting with additional information as it may become available.", ,ADS,current,26669.5,Unknown,Unknown,Unknown,Unknown,Unknown,Unknown,Unknown,Unknown,Unknown,Unknown,Unknown,Unknown,Unknown,Unknown,Unknown,Unknown,Unknown,Unknown,Unknown,Unknown,Unknown,Unknown,Unknown,Unknown,Unknown,45.0,Unknown,Unknown,Unknown,Unknown,Unknown,Unknown,Unknown,Unknown,Unknown,,Unknown,,Unknown,,Unknown,0.0,0.0,1.0,0.0,1,1,1,1,0,0,0,0,1,0,0,0,0,0,0,0,0,0,0,0,0,0,0,0,1,0,0,0,0,0,0,0,0,0,0,0,0,0,0,0,0,0,0,0,0,0,0,0,0,0,1,0,1,1,1,1,1,1,1,1,1,1,1,1,1,1,1,1,1,1,1,1,1,1,1,1,1,1,1,1,1,1,1,1,1,1,1,1,1,1,1,0,0.21677385951928962
7aa05063c1e8fab,30270-11931,1,Waymo LLC,5-Day,7.0,2024.0,OCT-2025,SADHW2S12M1,Y,,JAGUAR, ,I-PACE, ,2021.0, ,1d6132bddbe10e4,Unknown,"5th Generation ADS, Version 10", ,ADS,Verified Engaged,Waymo LLC, , ,Y, , , , , , , , , ,OCT-2025, ,16:58, ,7aa05063c1e8fab,[MAY CONTAIN PERSONALLY IDENTIFIABLE INFORMATION], ,[MAY CONTAIN PERSONALLY IDENTIFIABLE INFORMATION], ,[MAY CONTAIN PERSONALLY IDENTIFIABLE INFORMATION], ,San Francisco, ,CA,[MAY CONTAIN PERSONALLY IDENTIFIABLE INFORMATION], ,Street, , ,Y, , , , , , , , ,Y, , , , , , , ,"Other, see Narrative",Property Damage. No Injured Reported,Proceeding Straight, ,Y, , , , , , , , , ,Parked,"No Subject Vehicle, No Crash Partner","Yes Subject Vehicle, No Crash Partner",Subject Vehicle - No Passenger In Vehicle,0.0, , , , ,Y, , , , , , , , , ,Y, ,Y, , , ,Unknown, ,Yes, ,"On October 19, 2025 at 4:58 PM PT a Waymo Autonomous Vehicle (""Waymo AV"") operating in San Francisco, California was in a collision involving a class A motorhome on Hampshire Street near 22nd Street. 
The Waymo AV was parked in-lane with hazard lights activated for a passenger pick-up, facing south on a narrow portion of Hampshire Street with vehicles parked at the curb in both directions. While the Waymo AV remained parked, a motorhome traveling northbound on Hampshire Street proceeded to pass the Waymo AV and the left side of the motorhome made contact with the rear left side of the stationary Waymo AV. At the time of the impact, the Waymo AV's Level 4 ADS was engaged in autonomous mode. The Waymo AV sustained damage.

Waymo is reporting this crash under Request No. 1 of Standing General Order 2021-01 because a vehicle involved was towed away. Waymo may supplement or correct its reporting with additional information as it may become available.", ,ADS,current,26669.5,Unknown,Unknown,Unknown,Unknown,Unknown,Unknown,Unknown,Unknown,Unknown,Unknown,Unknown,Unknown,Unknown,Unknown,Unknown,Unknown,Unknown,Unknown,Unknown,Unknown,Unknown,Unknown,Unknown,Unknown,Unknown,45.0,Unknown,Unknown,Unknown,Unknown,Unknown,Unknown,Unknown,Unknown,Unknown,,Unknown,,Unknown,,Unknown,0.0,0.0,1.0,0.0,1,1,1,1,0,0,0,0,1,0,0,0,0,0,0,0,0,0,0,0,0,0,0,0,0,0,0,0,0,0,0,0,0,0,0,0,0,0,0,0,0,0,0,0,0,0,0,0,0,0,1,0,1,1,1,1,1,1,1,1,1,1,1,1,1,1,1,1,1,1,1,1,1,1,1,1,1,1,1,1,1,1,1,1,1,1,1,1,1,1,1,0,0.060682895347116926
7b542085705b355,30270-11756,1,Waymo LLC,5-Day,7.0,2024.0,SEP-2025,SADHW2S14R1,Y,,JAGUAR, ,I-PACE, ,2024.0, ,12d3a1a35e1a982,Unknown,"5th Generation ADS, Version 10", ,ADS,Verified Engaged,Waymo LLC, , ,Y, , , , , , , , , ,SEP-2025, ,15:18, ,7b542085705b355,[MAY CONTAIN PERSONALLY IDENTIFIABLE INFORMATION], ,[MAY CONTAIN PERSONALLY IDENTIFIABLE INFORMATION], ,[MAY CONTAIN PERSONALLY IDENTIFIABLE INFORMATION], ,San Francisco, ,CA,[MAY CONTAIN PERSONALLY IDENTIFIABLE INFORMATION], ,Intersection, , ,Y, , , , , ,Y, , , , , , , , , , ,Bus,Property Damage. No Injured Reported,Proceeding Straight, , , , , , , ,Y, , , ,Stopped,"No Subject Vehicle, No Crash Partner","Yes Subject Vehicle, No Crash Partner",Subject Vehicle - All Belted,0.0, , , , ,Y, , , , , , , , , ,Y, ,Y, , , ,Unknown, ,Yes, ,"On September [XXX], 2025 at 3:18 PM PT a Waymo Autonomous Vehicle (""Waymo AV"") operating in San Francisco, California was in a collision involving a bus on [XXX] at [XXX]. 
The Waymo AV was traveling westbound on [XXX] with its right turn signal activated, intending to turn right on [XXX], when it came to a stop, positioned to the right side of the lane at the stop sign with [XXX].  After coming to a stop, the Waymo AV remained stopped, yielding to pedestrians in the crosswalk crossing [XXX]. A bus traveling westbound on [XXX] approached the stop sign at the intersection, maneuvered partially into the oncoming lane, and stopped adjacent to the Waymo AV. After the pedestrians finished crossing [XXX] the bus began to proceed straight through the intersection and the right side of the bus made contact with the left side of the Waymo AV. At the time of the impact, the Waymo AV's Level 4 ADS was engaged in autonomous mode. The Waymo AV sustained damage.
Waymo is reporting this crash under Request No. 1 of Standing General Order 2021-01 because a vehicle involved was towed away. Waymo may supplement or correct its reporting with additional information as it may become available.", ,ADS,current,26669.5,Unknown,Unknown,Unknown,Unknown,Unknown,Unknown,Unknown,Unknown,Unknown,Unknown,Unknown,Unknown,Unknown,Unknown,Unknown,Unknown,Unknown,Unknown,Unknown,Unknown,Unknown,Unknown,Unknown,Unknown,Unknown,45.0,Unknown,Unknown,Unknown,Unknown,Unknown,Unknown,Unknown,Unknown,Unknown,,Unknown,,Unknown,,Unknown,0.0,0.0,1.0,0.0,1,1,1,1,0,0,0,0,1,0,0,0,0,0,0,0,0,0,0,0,0,0,0,0,0,0,0,0,0,0,0,0,0,0,0,0,0,0,0,0,0,0,0,0,0,0,0,0,0,0,1,0,1,1,1,1,1,1,1,1,1,1,1,1,1,1,1,1,1,1,1,1,1,1,1,1,1,1,1,1,1,1,1,1,1,1,1,1,1,1,1,0,0.4184584289532392
7ed218ffbe82b26,30270-11874,1,Waymo LLC,5-Day,7.0,2024.0,OCT-2025,SADHW2S17R1,Y,,JAGUAR, ,I-PACE, ,2024.0, ,d7b3679103bf394,Unknown,"5th Generation ADS, Version 10", ,ADS,Verified Engaged,Waymo LLC, , ,Y, , , , , , , , , ,OCT-2025, ,16:00, ,7ed218ffbe82b26,[MAY CONTAIN PERSONALLY IDENTIFIABLE INFORMATION], ,[MAY CONTAIN PERSONALLY IDENTIFIABLE INFORMATION], ,[MAY CONTAIN PERSONALLY IDENTIFIABLE INFORMATION], ,Los Angeles, ,CA,[MAY CONTAIN PERSONALLY IDENTIFIABLE INFORMATION], ,Street, , ,Y, , , , , ,Y, , , , , , , , , , ,Passenger Car,Property Damage. No Injured Reported,Proceeding Straight, , , , , ,Y, , , , , ,Proceeding Straight,"No Subject Vehicle, No Crash Partner","Yes Subject Vehicle, Yes Crash Partner",Subject Vehicle - No Passenger In Vehicle,2.0, ,Y, , , , , , , , , , , , ,Y, ,Y, , , ,Unknown, ,Yes, ,"On October 9, 2025 at 4:00 PM PT a Waymo Autonomous Vehicle (""Waymo AV"") operating in Los Angeles, California was in a collision involving a passenger car on Silver Lake Boulevard near Scott Place. 
The Waymo AV was traveling northeastbound on Silver Lake Boulevard when it began slowing to yield to a queue of traffic on Silver Lake Boulevard. While the Waymo AV was slowing, a passenger car traveling northeastbound on Silver Lake Boulevard approached the Waymo AV from behind, and began to maneuver to the right of the Waymo AV.  The front left side of the passenger car made contact with the rear right side of the Waymo AV, and the front right side of the passenger car made contact with the rear left side of a van that was parked at the curb. At the time of the impact, the Waymo AV's Level 4 ADS was engaged in autonomous mode. All three vehicles sustained damage.

Waymo is reporting this crash under Request No. 2 of Standing General Order 2021-01 because a vehicle involved was towed away. Waymo may supplement or correct its reporting with additional information as it may become available.", ,ADS,current,26669.5,Unknown,Unknown,Unknown,Unknown,Unknown,Unknown,Unknown,Unknown,Unknown,Unknown,Unknown,Unknown,Unknown,Unknown,Unknown,Unknown,Unknown,Unknown,Unknown,Unknown,Unknown,Unknown,Unknown,Unknown,Unknown,45.0,Unknown,Unknown,Unknown,Unknown,Unknown,Unknown,Unknown,Unknown,Unknown,,Unknown,,Unknown,,Unknown,0.0,0.0,1.0,0.0,1,1,1,1,0,0,0,0,1,0,0,0,0,0,0,0,0,0,0,0,0,0,0,0,0,0,0,0,0,0,0,0,0,0,0,0,0,0,0,0,0,0,0,0,0,0,0,0,0,0,1,0,1,1,1,1,1,1,1,1,1,1,1,1,1,1,1,1,1,1,1,1,1,1,1,1,1,1,1,1,1,1,1,1,1,1,1,1,1,1,1,0,0.3486140037246397
7f31ad68b7a066e,30270-13241,1,Waymo LLC,5-Day,7.0,2024.0,DEC-2025,SADHW2S12R1,Y,[MAY CONTAIN PERSONALLY IDENTIFIABLE INFORMATION],JAGUAR, ,I-PACE, ,2024.0, ,01fb1e74bb7fe38,Unknown,"5th Generation ADS, Version 10", ,ADS,Verified Engaged,Waymo LLC, , ,Y, , , , , , , , , ,NOV-2025, ,16:40, ,7f31ad68b7a066e,[MAY CONTAIN PERSONALLY IDENTIFIABLE INFORMATION], ,[MAY CONTAIN PERSONALLY IDENTIFIABLE INFORMATION], ,[MAY CONTAIN PERSONALLY IDENTIFIABLE INFORMATION], ,Tempe, ,AZ,[MAY CONTAIN PERSONALLY IDENTIFIABLE INFORMATION], ,Street, , ,Y, , , , , , , ,Y, , , , , , , , ,Bus,Property Damage. No Injured Reported,Making Left Turn, , , , , , , ,Y, , , ,Stopped,"No Subject Vehicle, No Crash Partner","Yes Subject Vehicle, No Crash Partner",Subject Vehicle - No Passenger In Vehicle,0.0, , ,Y, , , , , , , , , , , ,Y, ,Y, , , ,Tempe Police Department, ,Yes, ,"On November 26, 2025 at 4:40 PM MT a Waymo Autonomous Vehicle (""Waymo AV"") operating in Tempe, Arizona was in a collision involving a bus on Priest Drive at W. University Drive. 
The Waymo AV was stopped facing south on Priest Drive in the leftmost through lane of travel at a red traffic light at the intersection with W. University Drive. While the Waymo AV was stopped, a bus traveling southbound on Priest Drive stopped in the left adjacent left turn lane. As the bus proceeded at the green light for left turns, the right side of the bus made contact with the left side of the Waymo AV, which had remained stationary at the red light for through traffic. At the time of the impact, the Waymo AV's Level 4 ADS was engaged in autonomous mode. The Waymo AV sustained damage.

Waymo is reporting this crash under Request No. 1 of Standing General Order 2021-01 because a vehicle involved was towed away. Waymo may supplement or correct its reporting with additional information as it may become available.", ,ADS,current,26669.5,Unknown,Unknown,Unknown,Unknown,Unknown,Unknown,Unknown,Unknown,Unknown,Unknown,Unknown,Unknown,Unknown,Unknown,Unknown,Unknown,Unknown,Unknown,Unknown,Unknown,Unknown,Unknown,Unknown,Unknown,Unknown,45.0,Unknown,Unknown,Unknown,Unknown,Unknown,Unknown,Unknown,Unknown,Unknown,,Unknown,,Unknown,,Unknown,0.0,0.0,1.0,0.0,1,1,1,1,0,0,0,0,1,0,0,0,0,0,0,0,0,0,0,0,0,0,0,0,0,0,0,0,0,0,0,0,0,0,0,0,0,0,0,0,0,0,0,0,0,0,0,0,0,0,0,0,1,1,1,1,1,1,1,1,1,1,1,1,1,1,1,1,1,1,1,1,1,1,1,1,1,1,1,1,1,1,1,1,1,1,1,1,1,1,1,0,0.38668309787869076
7f8898a91bd9394,30270-13571,1,Waymo LLC,5-Day,7.0,2024.0,JAN-2026,SADHW2S11R1,Y,[MAY CONTAIN PERSONALLY IDENTIFIABLE INFORMATION],JAGUAR, ,I-PACE, ,2024.0, ,249853de8413d2a,Unknown,"5th Generation ADS, Version 10", ,ADS,Verified Engaged,Waymo LLC, , ,Y, , , , , , , , , ,JAN-2026, ,18:57, ,7f8898a91bd9394,[MAY CONTAIN PERSONALLY IDENTIFIABLE INFORMATION], ,[MAY CONTAIN PERSONALLY IDENTIFIABLE INFORMATION], ,[MAY CONTAIN PERSONALLY IDENTIFIABLE INFORMATION], ,San Francisco, ,CA,[MAY CONTAIN PERSONALLY IDENTIFIABLE INFORMATION], ,Street, , ,Y, , , , , , , ,Y, , , , , , , , ,Van,Property Damage. No Injured Reported,Passing, , , , , , , ,Y, , , ,Stopped,"No Subject Vehicle, No Crash Partner","Yes Subject Vehicle, No Crash Partner",Subject Vehicle - No Passenger In Vehicle,0.0, , , , ,Y, , , , , , , , , ,Y, ,Y, , , ,Unknown, ,Yes, ,"On January 5, 2026 at 6:57 PM PT a Waymo Autonomous Vehicle (""Waymo AV"") operating in San Francisco, California was in a collision involving a van on 19th Street near Mission Street.
The Waymo AV was parked in-lane facing west on 19th Street with hazard lights activated for a passenger pick-up. While the Waymo AV remained parked, a van that was initially stopped directly behind the Waymo AV proceeded to pass the Waymo AV to the left, and the right side of the van made contact with the rear left side of the stationary Waymo AV. At the time of the impact, the Waymo AV's Level 4 ADS was engaged in autonomous mode. Both vehicles sustained damage.

Waymo is reporting this crash under Request No. 1 of Standing General Order 2021-01 because a vehicle involved was towed away. Waymo may supplement or correct its reporting with additional information as it may become available.", ,ADS,current,26669.5,Unknown,Unknown,Unknown,Unknown,Unknown,Unknown,Unknown,Unknown,Unknown,Unknown,Unknown,Unknown,Unknown,Unknown,Unknown,Unknown,Unknown,Unknown,Unknown,Unknown,Unknown,Unknown,Unknown,Unknown,Unknown,45.0,Unknown,Unknown,Unknown,Unknown,Unknown,Unknown,Unknown,Unknown,Unknown,,Unknown,,Unknown,,Unknown,0.0,0.0,1.0,0.0,1,1,1,1,0,0,0,0,1,0,0,0,0,0,0,0,0,0,0,0,0,0,0,0,0,0,0,0,0,0,0,0,0,0,0,0,0,0,0,0,0,0,0,0,0,0,0,0,0,0,1,0,1,1,1,1,1,1,1,1,1,1,1,1,1,1,1,1,1,1,1,1,1,1,1,1,1,1,1,1,1,1,1,1,1,1,1,1,1,1,1,0,0.0768426620116739
82084d87a4c6155,30270-11384,1,Waymo LLC,5-Day,7.0,2024.0,JUL-2025,SADHW2S18R1,Y,,JAGUAR, ,I-PACE, ,2024.0, ,2de23bf6a6e8bf4,Unknown,5th Generation ADS, ,ADS,Verified Engaged,Waymo LLC, , ,Y, , , , , , , , , ,JUL-2025, ,10:53, ,82084d87a4c6155,[MAY CONTAIN PERSONALLY IDENTIFIABLE INFORMATION], ,[MAY CONTAIN PERSONALLY IDENTIFIABLE INFORMATION], ,, ,Los Angeles, ,CA,Unknown, ,Intersection, , ,Y, , , , , , , , ,Y, , , , , , , ,SUV,Property Damage. No Injured Reported,Passing, , , , , , , ,Y, , , ,Stopped,"No Subject Vehicle, No Crash Partner","Yes Subject Vehicle, No Crash Partner",Subject Vehicle - All Belted,0.0, , , , ,Y, , , , , , , , , ,Y, ,Y, , , ,Los Angeles Police Department, ,Yes, ,"On July [XXX], 2025 at 10:53 AM PT a Waymo Autonomous Vehicle (""Waymo AV"") operating in Los Angeles, California was in a collision involving an SUV on [XXX] at [XXX]. 
The Waymo AV was stopped facing south on [XXX] at a green light at [XXX] with its right turn signal activated, yielding to a queue of westbound traffic in the second to the right lane on [XXX] that had extended to the intersection. While the Waymo AV remained stopped, an SUV that was traveling southbound on [XXX] proceeded to pass the Waymo AV to the left to continue south on [XXX], and the passenger side of the SUV made contact with the rear driver side of the stationary Waymo AV. At the time of the impact, the Waymo AV's Level 4 ADS was engaged in autonomous mode. Both vehicles sustained damage.
Waymo is reporting this crash under Request No. 1 of Standing General Order 2021-01 because a vehicle involved was towed away. Waymo may supplement or correct its reporting with additional information as it may become available.", ,ADS,current,26669.5,Unknown,Unknown,Unknown,Unknown,Unknown,Unknown,Unknown,Unknown,Unknown,Unknown,Unknown,Unknown,Unknown,Unknown,Unknown,Unknown,Unknown,Unknown,Unknown,Unknown,Unknown,Unknown,Unknown,Unknown,Unknown,45.0,Unknown,Unknown,Unknown,Unknown,Unknown,Unknown,Unknown,Unknown,Unknown,,Unknown,,Unknown,,Unknown,0.0,0.0,1.0,0.0,1,1,1,1,0,0,0,0,1,0,0,0,0,0,0,0,0,0,0,0,0,0,0,0,1,0,0,0,0,0,0,0,0,0,0,0,0,0,0,0,0,0,0,0,0,0,0,0,0,0,0,0,1,1,1,1,1,1,1,1,1,1,1,1,1,1,1,1,1,1,1,1,1,1,1,1,1,1,1,1,1,1,1,1,1,1,1,1,1,1,1,0,0.04644422825118802
82ae70e17b0d2ec,30270-13267,1,Waymo LLC,5-Day,7.0,2024.0,DEC-2025,SADHW2S14R1,Y,[MAY CONTAIN PERSONALLY IDENTIFIABLE INFORMATION],JAGUAR, ,I-PACE, ,2024.0, ,d90f7c16f675005,Unknown,"5th Generation ADS, Version 10", ,ADS,Verified Engaged,Waymo LLC, , ,Y, , , , , , , , , ,DEC-2025, ,07:58, ,82ae70e17b0d2ec,[MAY CONTAIN PERSONALLY IDENTIFIABLE INFORMATION], ,[MAY CONTAIN PERSONALLY IDENTIFIABLE INFORMATION], ,[MAY CONTAIN PERSONALLY IDENTIFIABLE INFORMATION], ,Austin, ,TX,[MAY CONTAIN PERSONALLY IDENTIFIABLE INFORMATION], ,Parking Lot, , ,Y, , , , , , , ,Y, , , , , , , , ,"Other, see Narrative",Property Damage. No Injured Reported,Backing, , , , , , ,Y, , , , ,Proceeding Straight,"No Subject Vehicle, No Crash Partner","Yes Subject Vehicle, No Crash Partner",Subject Vehicle - All Belted,6.0, , , , , , , , ,Y, , , , , ,Y, ,Y, , , ,Unknown, ,Yes, ,"On December 2, 2025 at 7:58 AM CT a Waymo Autonomous Vehicle (""Waymo AV"") operating in Austin, Texas was in a collision involving a golf cart in a parking lot at 2215 Town Lake Circle.
The Waymo AV was traveling eastbound in a parking lot at 2215 Town Lake Circle while a golf cart that was traveling eastbound in the parking lot turned right and stopped in a parking stall in front of and to the right of the Waymo AV.  As the Waymo AV continued eastbound and passed behind the golf cart, the golf cart then reversed and the rear of the golf cart made contact with the rear right side of the Waymo AV. At the time of the impact, the Waymo AV's Level 4 ADS was engaged in autonomous mode. The Waymo AV sustained damage.

Waymo is reporting this crash under Request No. 1 of Standing General Order 2021-01 because a vehicle involved was towed away. Waymo may supplement or correct its reporting with additional information as it may become available.", ,ADS,current,26669.5,Unknown,Unknown,Unknown,Unknown,Unknown,Unknown,Unknown,Unknown,Unknown,Unknown,Unknown,Unknown,Unknown,Unknown,Unknown,Unknown,Unknown,Unknown,Unknown,Unknown,Unknown,Unknown,Unknown,Unknown,Unknown,45.0,Unknown,Unknown,Unknown,Unknown,Unknown,Unknown,Unknown,Unknown,Unknown,,Unknown,,Unknown,,Unknown,0.0,0.0,1.0,0.0,1,1,1,1,0,0,0,0,1,0,0,0,0,0,0,0,0,0,0,0,0,0,0,0,0,0,0,0,0,0,0,0,0,0,0,0,0,0,0,0,0,0,0,0,0,0,0,0,0,0,1,0,1,1,1,1,1,1,1,1,1,1,1,1,1,1,1,1,1,1,1,1,1,1,1,1,1,1,1,1,1,1,1,1,1,1,1,1,1,1,1,0,0.0872110283507198
8304b13e00692a8,30270-13585,1,Waymo LLC,5-Day,7.0,2024.0,JAN-2026,SADHW2S1XR1,Y,[MAY CONTAIN PERSONALLY IDENTIFIABLE INFORMATION],JAGUAR, ,I-PACE, ,2024.0, ,f08dfad26261469,Unknown,"5th Generation ADS, Version 10", ,ADS,Verified Engaged,Waymo LLC, , ,Y, , , , , , , , , ,JAN-2026, ,20:35, ,8304b13e00692a8,[MAY CONTAIN PERSONALLY IDENTIFIABLE INFORMATION], ,[MAY CONTAIN PERSONALLY IDENTIFIABLE INFORMATION], ,[MAY CONTAIN PERSONALLY IDENTIFIABLE INFORMATION], ,Los Angeles, ,CA,[MAY CONTAIN PERSONALLY IDENTIFIABLE INFORMATION], ,Street, , ,Y, , , , , ,Y, , , , , , , , , , ,SUV,Minor W/O Hospitalization,"Other, see Narrative", , , , , ,Y, , , , , ,Stopped,"No Subject Vehicle, No Crash Partner","Yes Subject Vehicle, Yes Crash Partner",Subject Vehicle - All Belted,0.0, , , ,Y, , , , , , , , , , ,Y, ,Y, , , ,Los Angeles Police Department, ,Yes, ,"On January 8, 2026 at 8:35 PM PT a Waymo Autonomous Vehicle (""Waymo AV"") operating in Los Angeles, California was in a collision involving an SUV on Santa Monica Boulevard near N. Las Palmas Avenue.
The Waymo AV was stopped facing west on Santa Monica Boulevard in the second from the right lane in a queue of traffic at a green light at the intersection with N. Las Palmas Avenue, yielding to a passenger car stopped facing west directly in front of the Waymo AV. While the Waymo AV remained stopped, an SUV that was initially stopped directly behind the Waymo AV began to change lanes to the rightmost lane. As the SUV was completing the lane change maneuver, a second SUV traveling westbound on Santa Monica Boulevard in the rightmost lane at a high rate of speed approached the first SUV from behind, and the front left side of the second SUV made contact with the right side of the first SUV. As a result of this contact with the second SUV, the front left side of the first SUV made contact with the front right side of the stationary Waymo AV. The second SUV then made contact with a streetlight on the northeast corner of the intersection. At the time of the impact, the Waymo AV's Level 4 ADS was engaged in autonomous mode. All three vehicles sustained damage.

Waymo is reporting this crash under Request No. 1 of Standing General Order 2021-01 because a vehicle involved was towed away. Waymo may supplement or correct its reporting with additional information as it may become available.", ,ADS,current,26669.5,Unknown,Unknown,Unknown,Unknown,Unknown,Unknown,Unknown,Unknown,Unknown,Unknown,Unknown,Unknown,Unknown,Unknown,Unknown,Unknown,Unknown,Unknown,Unknown,Unknown,Unknown,Unknown,Unknown,Unknown,Unknown,45.0,Unknown,Unknown,Unknown,Unknown,Unknown,Unknown,Unknown,Unknown,Unknown,,Unknown,,Unknown,,Unknown,1.0,0.0,1.0,0.0,1,1,1,1,0,0,0,0,1,0,0,0,0,0,0,0,0,0,0,0,0,0,0,0,0,0,0,0,0,0,0,0,0,0,0,0,0,0,0,0,0,0,0,0,0,0,0,0,0,0,0,0,1,1,1,1,1,1,1,1,1,1,1,1,1,1,1,1,1,1,1,1,1,1,1,1,1,1,1,1,1,1,1,1,1,1,1,1,1,1,1,0,0.20174480909365672
83944815ca12307,30270-13278,1,Waymo LLC,5-Day,7.0,2024.0,DEC-2025,SADHW2S13R1,Y,[MAY CONTAIN PERSONALLY IDENTIFIABLE INFORMATION],JAGUAR, ,I-PACE, ,2024.0, ,632c1ca9ae71a37,Unknown,"5th Generation ADS, Version 10", ,ADS,Verified Engaged,Waymo LLC, , ,Y, , , , , , , , , ,DEC-2025, ,09:59, ,83944815ca12307,[MAY CONTAIN PERSONALLY IDENTIFIABLE INFORMATION], ,[MAY CONTAIN PERSONALLY IDENTIFIABLE INFORMATION], ,[MAY CONTAIN PERSONALLY IDENTIFIABLE INFORMATION], ,Phoenix, ,AZ,[MAY CONTAIN PERSONALLY IDENTIFIABLE INFORMATION], ,Street, , ,Y, , , , , , , , ,Y, , , , , , , ,Heavy Truck,Property Damage. No Injured Reported,Backing,Y, , , , , , , , , , ,Stopped,"No Subject Vehicle, No Crash Partner","Yes Subject Vehicle, No Crash Partner",Subject Vehicle - No Passenger In Vehicle,0.0, , , , , , ,Y, , , , , , , ,Y, ,Y, , , ,Unknown, ,Yes, ,"On December 3, 2025 at 9:59 AM MT a Waymo Autonomous Vehicle (""Waymo AV"") operating in Phoenix, Arizona was in a collision involving a heavy truck on S. 3rd Street near E. Buckeye Road.
The Waymo AV was traveling northbound on S. 3rd Street when a heavy truck traveling westbound and exiting a truck parking bay behind 1215 S. 3rd Street turned right onto S. 3rd Street in front of the Waymo AV. As the heavy truck was completing its right turn, the heavy truck came to a stop in the Waymo AV's lane of travel and the Waymo AV stopped to yield to the heavy truck. The heavy truck then reversed, and the rear right side of the heavy truck trailer made contact with the front left side of the Waymo AV. At the time of the impact, the Waymo AV's Level 4 ADS was engaged in autonomous mode. The Waymo AV sustained damage.

Waymo is reporting this crash under Request No. 1 of Standing General Order 2021-01 a vehicle involved was towed away. Waymo may supplement or correct its reporting with additional information as it may become available.", ,ADS,current,26669.5,Unknown,Unknown,Unknown,Unknown,Unknown,Unknown,Unknown,Unknown,Unknown,Unknown,Unknown,Unknown,Unknown,Unknown,Unknown,Unknown,Unknown,Unknown,Unknown,Unknown,Unknown,Unknown,Unknown,Unknown,Unknown,45.0,Unknown,Unknown,Unknown,Unknown,Unknown,Unknown,Unknown,Unknown,Unknown,,Unknown,,Unknown,,Unknown,0.0,0.0,1.0,0.0,1,1,1,1,0,0,0,0,1,0,0,0,0,0,0,0,0,0,0,0,0,0,0,0,0,0,0,0,0,0,0,0,0,0,0,0,0,0,0,0,0,0,0,0,0,0,0,0,0,0,1,0,1,1,1,1,1,1,1,1,1,1,1,1,1,1,1,1,1,1,1,1,1,1,1,1,1,1,1,1,1,1,1,1,1,1,1,1,1,1,1,0,0.05762713101823339
84283eb6b42b54b,30270-13246,1,Waymo LLC,5-Day,7.0,2024.0,DEC-2025,SADHW2S12R1,Y,[MAY CONTAIN PERSONALLY IDENTIFIABLE INFORMATION],JAGUAR, ,I-PACE, ,2024.0, ,9e37c50a3c841f9,Unknown,"5th Generation ADS, Version 10", ,ADS,Verified Engaged,Waymo LLC, , ,Y, , , , , , , , , ,NOV-2025, ,09:49, ,84283eb6b42b54b,[MAY CONTAIN PERSONALLY IDENTIFIABLE INFORMATION], ,[MAY CONTAIN PERSONALLY IDENTIFIABLE INFORMATION], ,[MAY CONTAIN PERSONALLY IDENTIFIABLE INFORMATION], ,Scottsdale, ,AZ,[MAY CONTAIN PERSONALLY IDENTIFIABLE INFORMATION], ,Parking Lot, , ,Y, , , , , ,Y, , , , , , , , , , ,Other Fixed Object,Property Damage. No Injured Reported,Unknown,Unknown,Unknown,Unknown,Unknown,Unknown,Unknown,Unknown,Unknown,Unknown,Unknown,Unknown,Backing,"No Subject Vehicle, Unknown Crash Partner","Yes Subject Vehicle, Unknown Crash Partner",Subject Vehicle - All Belted,1.0, , , ,Y, , , , , , , , , , ,Y, ,Y, , , ,Unknown, ,Yes, ,"On November 29, 2025 at 9:49 AM PT a Waymo Autonomous Vehicle (""Waymo AV"") operating in Scottsdale, Arizona was in a collision involving a bollard in a parking lot at 5900 E. Thomas Road.
The Waymo AV was traveling northbound in a parking lot at 5900 E. Thomas Road and began to make a right turn when it slowed to a stop to yield to a passenger car parked facing west. The Waymo AV initially reversed, then proceeded forward, then reversed again at an angle until the Waymo AV was facing east, before again coming to a stop. The Waymo AV then continued to reverse and the front right side of the Waymo AV made contact with a parking bollard. At the time of the impact, the Waymo AV's Level 4 ADS was engaged in autonomous mode. The Waymo AV sustained damage.

Waymo is reporting this crash under Request No. 1 of Standing General Order 2021-01 because a vehicle involved was towed away. Waymo may supplement or correct its reporting with additional information as it may become available.", ,ADS,current,26669.5,Unknown,Unknown,Unknown,Unknown,Unknown,Unknown,Unknown,Unknown,Unknown,Unknown,Unknown,Unknown,Unknown,Unknown,Unknown,Unknown,Unknown,Unknown,Unknown,Unknown,Unknown,Unknown,Unknown,Unknown,Unknown,45.0,Unknown,Unknown,Unknown,Unknown,Unknown,Unknown,Unknown,Unknown,Unknown,,Unknown,,Unknown,,Unknown,0.0,0.0,1.0,0.0,1,1,1,1,0,0,0,0,1,0,0,0,0,0,0,0,0,0,0,0,0,0,0,0,0,0,0,0,0,0,0,0,0,0,0,0,0,1,1,1,1,1,1,1,1,1,1,1,1,0,1,0,1,1,1,1,1,1,1,1,1,1,1,1,1,1,1,1,1,1,1,1,1,1,1,1,1,1,1,1,1,1,1,1,1,1,1,1,1,1,1,0,0.366091653990846
842912869025dbe,30270-11518,1,Waymo LLC,5-Day,7.0,2024.0,AUG-2025,SADHW2S19R1,Y,,JAGUAR, ,I-PACE, ,2024.0, ,0c1e9551cc957f9,In-Vehicle and Remote (Commercial / Test),"5th Generation ADS, Version 10", ,ADS,Verified Not Engaged,Waymo LLC, , ,Y, , , , , , , , , ,AUG-2025, ,16:41, ,842912869025dbe,[MAY CONTAIN PERSONALLY IDENTIFIABLE INFORMATION], ,[MAY CONTAIN PERSONALLY IDENTIFIABLE INFORMATION], ,, ,Miami, ,FL,Unknown, ,Parking Lot, , ,Y, , , , , ,Y, , , , , , , , , , ,Other Fixed Object,Property Damage. No Injured Reported,Unknown,Unknown,Unknown,Unknown,Unknown,Unknown,Unknown,Unknown,Unknown,Unknown,Unknown,Unknown,Proceeding Straight,"No Subject Vehicle, No Crash Partner","Yes Subject Vehicle, No Crash Partner",Subject Vehicle - All Belted,9.0, , , , , , , , , ,Y, , , , ,Y, ,Y, , , ,Unknown, ,Yes, ,"On August [XXX], 2025 at 4:41 PM PT a Waymo Autonomous Vehicle (""Waymo AV"") operating in Miami, Florida was in a collision involving the exterior wall of a gas station store at [XXX]. 
The Waymo AV was traveling westbound in autonomous mode on [XXX] when the Waymo AV test driver transitioned to manual mode near [XXX]. The test driver continued westbound on [XXX] and made a right turn at the intersection with [XXX] and then a left turn into the [XXX] at [XXX]. The test driver traveled westbound within the gas station and then made a right turn towards a parking stall in front of the gas station store. As the test driver was about to complete the parking maneuver, they accelerated forward towards the exterior wall of the gas station store and the front of the Waymo AV made contact with the cement bumper and pillars in front of the gas station store and the exterior wall of the store. At the time of the impact, the Waymo AV's Level 4 ADS was not engaged and a test driver was operating the Waymo AV in manual mode. The Waymo AV, the pillar, and the exterior wall sustained damage.
Waymo is reporting this crash under Request No. 1 of Standing General Order 2021-01 because a vehicle involved was towed away. Waymo may supplement or correct its reporting with additional information as it may become available.", ,ADS,current,26669.5,Unknown,Unknown,Unknown,Unknown,Unknown,Unknown,Unknown,Unknown,Unknown,Unknown,Unknown,Unknown,Unknown,Unknown,Unknown,Unknown,Unknown,Unknown,Unknown,Unknown,Unknown,Unknown,Unknown,Unknown,Unknown,45.0,Unknown,Unknown,Unknown,Unknown,Unknown,Unknown,Unknown,Unknown,Unknown,,Unknown,,Unknown,,Unknown,0.0,0.0,1.0,0.0,1,1,1,1,0,0,0,0,0,0,0,0,0,0,0,0,0,0,0,0,0,0,0,0,1,0,0,0,0,0,0,0,0,0,0,0,0,1,1,1,1,1,1,1,1,1,1,1,1,0,1,0,1,1,1,1,1,1,1,1,1,1,1,1,1,1,1,1,1,1,1,1,1,1,1,1,1,1,1,1,1,1,1,1,1,1,1,1,1,1,1,0,0.4494896713869113
84821e0a3d13b1d,30270-11373,1,Waymo LLC,5-Day,7.0,2024.0,JUL-2025,SADHW2S15R1,Y,,JAGUAR, ,I-PACE, ,2024.0, ,21404cf3b27ca30,Unknown,"5th Generation ADS, Version 10", ,ADS,Verified Engaged,Waymo LLC, , ,Y, , , , , , , , , ,JUL-2025, ,16:32, ,84821e0a3d13b1d,[MAY CONTAIN PERSONALLY IDENTIFIABLE INFORMATION], ,[MAY CONTAIN PERSONALLY IDENTIFIABLE INFORMATION], ,, ,San Francisco, ,CA,Unknown, ,Street, , ,Y, , , , , ,Y, , , , , , , , , , ,Heavy Truck,Property Damage. No Injured Reported,Proceeding Straight, , , , , , , ,Y, , , ,Parked,"No Subject Vehicle, No Crash Partner","Yes Subject Vehicle, No Crash Partner",Subject Vehicle - No Passenger In Vehicle,0.0, , , , ,Y, , , , , , , , , ,Y, ,Y, , , ,Unknown, ,Yes, ,"On July [XXX], 2025 at 4:32 PM PT a Waymo Autonomous Vehicle (""Waymo AV"") operating in San Francisco, California was in a collision involving a heavy truck on [XXX] near [XXX]. 
The Waymo AV was parked at the curb facing southeast on [XXX] for a passenger pick-up when a heavy truck traveling southeastbound in the rightmost lane on [XXX] passed the Waymo AV. As the heavy truck passed the parked Waymo AV, the passenger side of the heavy truck bed made contact with the rear driver side of the Waymo AV.  At the time of the impact, the Waymo AV's Level 4 ADS was engaged in autonomous mode. The Waymo AV sustained damage.
Waymo is reporting this crash under Request No. 1 of Standing General Order 2021-01 because a vehicle involved was towed away. Waymo may supplement or correct its reporting with additional information as it may become available.", ,ADS,current,26669.5,Unknown,Unknown,Unknown,Unknown,Unknown,Unknown,Unknown,Unknown,Unknown,Unknown,Unknown,Unknown,Unknown,Unknown,Unknown,Unknown,Unknown,Unknown,Unknown,Unknown,Unknown,Unknown,Unknown,Unknown,Unknown,45.0,Unknown,Unknown,Unknown,Unknown,Unknown,Unknown,Unknown,Unknown,Unknown,,Unknown,,Unknown,,Unknown,0.0,0.0,1.0,0.0,1,1,1,1,0,0,0,0,1,0,0,0,0,0,0,0,0,0,0,0,0,0,0,0,1,0,0,0,0,0,0,0,0,0,0,0,0,0,0,0,0,0,0,0,0,0,0,0,0,0,1,0,1,1,1,1,1,1,1,1,1,1,1,1,1,1,1,1,1,1,1,1,1,1,1,1,1,1,1,1,1,1,1,1,1,1,1,1,1,1,1,0,0.40116633020417636
8578fbc6ef74c60,13781-11459,1,"Tesla, Inc.",5-Day,7.0,2024.0,AUG-2025,7SAYGDEE3TA,Y,,TESLA, ,Model Y, ,2026.0, ,1e90c6523159ead,Unknown,"[REDACTED, MAY CONTAIN CONFIDENTIAL BUSINESS INFORMATION]",Y,ADS,Verified Engaged,Tesla Inc, , , , ,Y, , , , , , , ,JUL-2025, ,12:20, ,8578fbc6ef74c60,[MAY CONTAIN PERSONALLY IDENTIFIABLE INFORMATION], ,[MAY CONTAIN PERSONALLY IDENTIFIABLE INFORMATION], ,, ,Austin, ,TX,Unknown, ,Street, , ,Y, , , , , ,Y, , , , , , , , , , ,Other Fixed Object,Minor W/O Hospitalization,Unknown,Unknown,Unknown,Unknown,Unknown,Unknown,Unknown,Unknown,Unknown,Unknown,Unknown,Unknown,"Other, see Narrative","No Crash Partner, Unknown Subject Vehicle","Yes Subject Vehicle, Unknown Crash Partner",Subject Vehicle - All Belted,8.0, , , , , , , , , ,Y, , , , , , ,Y,Y, , ,Unknown,Y,"[REDACTED, MAY CONTAIN CONFIDENTIAL BUSINESS INFORMATION]",Y,"[REDACTED, MAY CONTAIN CONFIDENTIAL BUSINESS INFORMATION]",Y,ADS,current,26669.5,Unknown,Unknown,Unknown,Unknown,Unknown,Unknown,Unknown,Unknown,Unknown,Unknown,Unknown,Unknown,Unknown,Unknown,Unknown,Unknown,Unknown,Unknown,Unknown,Unknown,Unknown,Unknown,Unknown,Unknown,Unknown,45.0,Unknown,Unknown,Unknown,Unknown,Unknown,Unknown,Unknown,Unknown,Unknown,,Unknown,,Unknown,,Unknown,1.0,,1.0,0.0,1,1,1,1,0,0,0,0,1,0,0,0,0,0,0,0,0,0,0,0,0,0,0,0,1,0,0,0,0,0,0,0,0,0,0,0,0,1,1,1,1,1,1,1,1,1,1,1,1,0,1,0,1,1,1,1,1,1,1,1,1,1,1,1,1,1,1,1,1,1,1,1,1,1,1,1,1,1,1,1,1,1,1,1,1,1,1,1,1,1,1,0,0.374625008767772
85b8b6408eea2a0,30270-13242,1,Waymo LLC,5-Day,7.0,2024.0,DEC-2025,SADHW2S10R1,Y,[MAY CONTAIN PERSONALLY IDENTIFIABLE INFORMATION],JAGUAR, ,I-PACE, ,2024.0, ,18006b05dea18c1,Unknown,"5th Generation ADS, Version 10", ,ADS,Verified Engaged,Waymo LLC, , ,Y, , , , , , , , , ,NOV-2025, ,17:40, ,85b8b6408eea2a0,[MAY CONTAIN PERSONALLY IDENTIFIABLE INFORMATION], ,[MAY CONTAIN PERSONALLY IDENTIFIABLE INFORMATION], ,[MAY CONTAIN PERSONALLY IDENTIFIABLE INFORMATION], ,San Francisco, ,CA,[MAY CONTAIN PERSONALLY IDENTIFIABLE INFORMATION], ,Street, , ,Y, , , , , ,Y, , , , , , , , , , ,Bus,Property Damage. No Injured Reported,Parking Maneuver, , , , , , , ,Y, , , ,Stopped,"No Subject Vehicle, No Crash Partner","Yes Subject Vehicle, No Crash Partner",Subject Vehicle - Not Belted - see Narrative,0.0, , , , ,Y, , , , , , , , , ,Y, ,Y, , , ,Unknown, ,Yes, ,"On November 26, 2025 at 5:40 PM PT a Waymo Autonomous Vehicle (""Waymo AV"") operating in San Francisco, California was in a collision involving a bus on Geary Street near Powell Street. 
The Waymo AV was stopped facing west in the rightmost lane on Geary Street for a passenger dropoff. A bus traveling westbound in the second from the right lane passed the AV on the left, and the right side of the bus made contact with the rear left side of the Waymo AV. At the time of the impact, the Waymo AV's Level 4 ADS was engaged in autonomous mode. The Waymo AV sustained damage. The passengers in the Waymo AV were not belted at the time of the collision as they were preparing to exit the Waymo AV.

Waymo is reporting this crash under Request No. 1 of Standing General Order 2021-01 because a vehicle involved was towed away. Waymo may supplement or correct its reporting with additional information as it may become available.", ,ADS,current,26669.5,Unknown,Unknown,Unknown,Unknown,Unknown,Unknown,Unknown,Unknown,Unknown,Unknown,Unknown,Unknown,Unknown,Unknown,Unknown,Unknown,Unknown,Unknown,Unknown,Unknown,Unknown,Unknown,Unknown,Unknown,Unknown,45.0,Unknown,Unknown,Unknown,Unknown,Unknown,Unknown,Unknown,Unknown,Unknown,,Unknown,,Unknown,,Unknown,0.0,0.0,1.0,0.0,1,1,1,1,0,0,0,0,1,0,0,0,0,0,0,0,0,0,0,0,0,0,0,0,0,0,0,0,0,0,0,0,0,0,0,0,0,0,0,0,0,0,0,0,0,0,0,0,0,0,1,0,1,1,1,1,1,1,1,1,1,1,1,1,1,1,1,1,1,1,1,1,1,1,1,1,1,1,1,1,1,1,1,1,1,1,1,1,1,1,1,0,0.01974257228031367
85c4a2c33c09848,30270-11246,1,Waymo LLC,5-Day,7.0,2024.0,JUL-2025,SADHW2S10R1,Y,,JAGUAR, ,I-PACE, ,2024.0, ,54a02e94e0a19eb,Unknown,"5th Generation ADS, Version 10", ,ADS,Verified Engaged,Waymo LLC, , ,Y, , , , , , , , , ,JUN-2025, ,18:59, ,85c4a2c33c09848,[MAY CONTAIN PERSONALLY IDENTIFIABLE INFORMATION], ,[MAY CONTAIN PERSONALLY IDENTIFIABLE INFORMATION], ,, ,Austin, ,TX,Unknown, ,Intersection, , ,Y, , , , , , , ,Y, , , , , , , , ,Pickup Truck,Property Damage. No Injured Reported,Making Left Turn, , ,Y, , , , , , , , ,Making Left Turn,"No Subject Vehicle, No Crash Partner","Yes Subject Vehicle, No Crash Partner",Subject Vehicle - All Belted,10.0, , ,Y, , , , , , , , , , , ,Y, ,Y, , , ,Unknown, ,Yes, ,"On June [XXX], 2025 at 6:59 PM CT a Waymo Autonomous Vehicle (""Waymo AV"") operating in Austin, Texas was in a collision involving a pickup truck on [XXX] at [XXX]. 
The Waymo AV was stopped facing east in the outer dedicated left turn lane on [XXX] for a red light at the intersection at [XXX]. When the light turned green, the Waymo AV initiated a left turn from the outer left turn lane into the center lane of northbound [XXX]. While the Waymo AV was completing its left turn, a pickup truck turning left from the inner dedicated left turn lane entered the center lane of northbound [XXX], crossing the dotted white lane line. The front passenger side of the pickup truck made contact with the driver side of the Waymo AV. At the time of the impact, the Waymo AV's Level 4 ADS was engaged in autonomous mode. Both vehicles sustained damage.
Waymo is reporting this crash under Request No. 1 of Standing General Order 2021-01 because a vehicle involved was towed away. Waymo may supplement or correct its reporting with additional information as it may become available.", ,ADS,current,26669.5,Unknown,Unknown,Unknown,Unknown,Unknown,Unknown,Unknown,Unknown,Unknown,Unknown,Unknown,Unknown,Unknown,Unknown,Unknown,Unknown,Unknown,Unknown,Unknown,Unknown,Unknown,Unknown,Unknown,Unknown,Unknown,45.0,Unknown,Unknown,Unknown,Unknown,Unknown,Unknown,Unknown,Unknown,Unknown,,Unknown,,Unknown,,Unknown,0.0,0.0,1.0,0.0,1,1,1,1,0,0,0,0,1,0,0,0,0,0,0,0,0,0,0,0,0,0,0,0,1,0,0,0,0,0,0,0,0,0,0,0,0,0,0,0,0,0,0,0,0,0,0,0,0,0,1,0,1,1,1,1,1,1,1,1,1,1,1,1,1,1,1,1,1,1,1,1,1,1,1,1,1,1,1,1,1,1,1,1,1,1,1,1,1,1,1,0,0.4508686307513046
85d987a89324cae,30270-11432,1,Waymo LLC,5-Day,7.0,2024.0,AUG-2025,SADHW2S17R1,Y,,JAGUAR, ,I-PACE, ,2024.0, ,faeadd65924ac65,Unknown,"5th Generation ADS, Version 10", ,ADS,Verified Engaged,Waymo LLC, , ,Y, , , , , , , , , ,JUL-2025, ,10:25, ,85d987a89324cae,[MAY CONTAIN PERSONALLY IDENTIFIABLE INFORMATION], ,[MAY CONTAIN PERSONALLY IDENTIFIABLE INFORMATION], ,, ,Phoenix, ,AZ,Unknown, ,Parking Lot, , ,Y, , , , , ,Y, , , , , , , , , , ,Heavy Truck,Property Damage. No Injured Reported,Making Right Turn, , , , , , , ,Y, , , ,Making Right Turn,"No Subject Vehicle, No Crash Partner","Yes Subject Vehicle, No Crash Partner",Subject Vehicle - No Passenger In Vehicle,3.0, , ,Y, , , , , , , , , , , ,Y, ,Y, , , ,Phoenix Police Department, ,Yes, ,"On July [XXX], 2025 at 10:25 AM MT a Waymo Autonomous Vehicle (""Waymo AV"") operating in Phoenix, Arizona was in a collision involving a heavy truck in a parking lot at [XXX]. 
The Waymo AV was stopped facing north at the exit of a parking lot at [XXX]. At the same time, a semi tractor-trailer was incorrectly stopped to the left of the Waymo AV in the entrance lane of the parking lot driveway. The Waymo AV waited for a pedestrian to finish crossing the driveway before initiating a right turn onto eastbound [XXX]. As the Waymo AV proceeded forward into the turn, the semi tractor-trailer initiated a right turn onto eastbound [XXX] from the entrance lane of the parking lot driveway. The right side of the trailer then made contact with the left side of the Waymo AV. At the time of the impact, the Waymo AV's Level 4 ADS was engaged in autonomous mode. The Waymo AV sustained damage.
Waymo is reporting this crash under Request No. 1 of Standing General Order 2021-01 because a vehicle involved was towed away. Waymo may supplement or correct its reporting with additional information as it may become available.", ,ADS,current,26669.5,Unknown,Unknown,Unknown,Unknown,Unknown,Unknown,Unknown,Unknown,Unknown,Unknown,Unknown,Unknown,Unknown,Unknown,Unknown,Unknown,Unknown,Unknown,Unknown,Unknown,Unknown,Unknown,Unknown,Unknown,Unknown,45.0,Unknown,Unknown,Unknown,Unknown,Unknown,Unknown,Unknown,Unknown,Unknown,,Unknown,,Unknown,,Unknown,0.0,0.0,1.0,0.0,1,1,1,1,0,0,0,0,1,0,0,0,0,0,0,0,0,0,0,0,0,0,0,0,1,0,0,0,0,0,0,0,0,0,0,0,0,0,0,0,0,0,0,0,0,0,0,0,0,0,0,0,1,1,1,1,1,1,1,1,1,1,1,1,1,1,1,1,1,1,1,1,1,1,1,1,1,1,1,1,1,1,1,1,1,1,1,1,1,1,1,0,0.308430048762454
866839b247a16d6,30270-11476,1,Waymo LLC,5-Day,7.0,2024.0,AUG-2025,SADHW2S1XR1,Y,,JAGUAR, ,I-PACE, ,2024.0, ,f1a941b14721f78,Unknown,"5th Generation ADS, Version 10", ,ADS,Verified Engaged,Waymo LLC, , ,Y, , , , , , , , , ,AUG-2025, ,22:23, ,866839b247a16d6,[MAY CONTAIN PERSONALLY IDENTIFIABLE INFORMATION], ,[MAY CONTAIN PERSONALLY IDENTIFIABLE INFORMATION], ,, ,Los Angeles, ,CA,Unknown, ,Street, , ,Y, , , , , ,Y, , , , , , , , , , ,Passenger Car,Minor W/O Hospitalization,Passing, , ,Y, , , , , , , , ,Proceeding Straight,"No Subject Vehicle, No Crash Partner","Yes Subject Vehicle, No Crash Partner",Subject Vehicle - All Belted,24.0, , , , ,Y, , , , , , , , , ,Y, ,Y, , , ,Unknown, ,Yes, ,"On August [XXX], 2025 at 10:23 PM PT a Waymo Autonomous Vehicle (""Waymo AV"") operating in Los Angeles, California was in a collision involving a passenger car on [XXX] near [XXX]. 
The Waymo AV was traveling southbound on [XXX] when a passenger car approached the Waymo AV from behind and the front right side of the passenger car made contact with the rear left side of the Waymo AV. The passenger car continued southbound to pass the Waymo AV and then swerved right, coming to a stop when the passenger car hit a sign post on the west curb of [XXX]. At the time of the impact, the Waymo AV's Level 4 ADS was engaged in autonomous mode. Both vehicles sustained damage. The two passengers in the Waymo AV alleged minor injuries.
Waymo is reporting this crash under Request No. 1 of Standing General Order 2021-01 a vehicle involved was towed away. Waymo may supplement or correct its reporting with additional information as it may become available.", ,ADS,current,26669.5,Unknown,Unknown,Unknown,Unknown,Unknown,Unknown,Unknown,Unknown,Unknown,Unknown,Unknown,Unknown,Unknown,Unknown,Unknown,Unknown,Unknown,Unknown,Unknown,Unknown,Unknown,Unknown,Unknown,Unknown,Unknown,45.0,Unknown,Unknown,Unknown,Unknown,Unknown,Unknown,Unknown,Unknown,Unknown,,Unknown,,Unknown,,Unknown,1.0,0.0,1.0,0.0,1,1,1,1,0,0,0,0,1,0,0,0,0,0,0,0,0,0,0,0,0,0,0,0,1,0,0,0,0,0,0,0,0,0,0,0,0,0,0,0,0,0,0,0,0,0,0,0,0,0,1,0,1,1,1,1,1,1,1,1,1,1,1,1,1,1,1,1,1,1,1,1,1,1,1,1,1,1,1,1,1,1,1,1,1,1,1,1,1,1,1,0,0.3025604076132236
8756a4e64fc7a92,30270-11245,1,Waymo LLC,5-Day,7.0,2024.0,JUL-2025,SADHW2S19R1,Y,,JAGUAR, ,I-PACE, ,2024.0, ,a2e2480e89f9781,Unknown,"5th Generation ADS, Version 10", ,ADS,Verified Engaged,Waymo LLC, , ,Y, , , , , , , , , ,JUN-2025, ,18:52, ,8756a4e64fc7a92,[MAY CONTAIN PERSONALLY IDENTIFIABLE INFORMATION], ,[MAY CONTAIN PERSONALLY IDENTIFIABLE INFORMATION], ,, ,Los Angeles, ,CA,Unknown, ,Intersection, , ,Y, , , , , ,Y, , , , , , , , , , ,SUV,Minor W/O Hospitalization,Proceeding Straight, , , , , , , , ,Y, , ,Stopped,"No Subject Vehicle, No Crash Partner","Yes Subject Vehicle, No Crash Partner",Subject Vehicle - All Belted,0.0, , , , , , , ,Y, , , , , , ,Y, ,Y, , , ,Unknown, ,Yes, ,"On June [XXX], 2025 at 6:52 PM PT a Waymo Autonomous Vehicle (""Waymo AV"") operating in Los Angeles, California was in a collision involving an SUV on [XXX] at [XXX]. 
The Waymo AV was traveling northwestbound on [XXX] and was slowing to a stop for the stop sign at the intersection with [XXX]. An SUV approached the Waymo AV from behind and the front of the SUV made contact with the rear of the Waymo AV. At the time of the impact, the Waymo AV's Level 4 ADS was engaged in autonomous mode. Both vehicles sustained damage. One of the two passengers in the Waymo AV reported minor injuries.
Waymo is reporting this crash under Request No. 1 of Standing General Order 2021-01 because a vehicle involved was towed away. Waymo may supplement or correct its reporting with additional information as it may become available.", ,ADS,current,26669.5,Unknown,Unknown,Unknown,Unknown,Unknown,Unknown,Unknown,Unknown,Unknown,Unknown,Unknown,Unknown,Unknown,Unknown,Unknown,Unknown,Unknown,Unknown,Unknown,Unknown,Unknown,Unknown,Unknown,Unknown,Unknown,45.0,Unknown,Unknown,Unknown,Unknown,Unknown,Unknown,Unknown,Unknown,Unknown,,Unknown,,Unknown,,Unknown,1.0,0.0,1.0,0.0,1,1,1,1,0,0,0,0,1,0,0,0,0,0,0,0,0,0,0,0,0,0,0,0,1,0,0,0,0,0,0,0,0,0,0,0,0,0,0,0,0,0,0,0,0,0,0,0,0,0,1,0,1,1,1,1,1,1,1,1,1,1,1,1,1,1,1,1,1,1,1,1,1,1,1,1,1,1,1,1,1,1,1,1,1,1,1,1,1,1,1,0,0.18088560122533995
877df876ab59edb,30270-11806,1,Waymo LLC,5-Day,7.0,2024.0,OCT-2025,SADHW2S12R1,Y,,JAGUAR, ,I-PACE, ,2024.0, ,f5b3c33807d2ff8,Unknown,"5th Generation ADS, Version 10", ,ADS,Verified Engaged,Waymo LLC, , ,Y, , , , , , , , , ,SEP-2025, ,14:56, ,877df876ab59edb,[MAY CONTAIN PERSONALLY IDENTIFIABLE INFORMATION], ,[MAY CONTAIN PERSONALLY IDENTIFIABLE INFORMATION], ,[MAY CONTAIN PERSONALLY IDENTIFIABLE INFORMATION], ,Atlanta, ,GA,[MAY CONTAIN PERSONALLY IDENTIFIABLE INFORMATION], ,Street, , ,Y, , , , , ,Y, , , , , , , , , , ,Non-Motorist: Cyclist,Minor W/ Hospitalization,Entering Traffic,Unknown,Unknown,Unknown,Unknown,Unknown,Unknown,Unknown,Unknown,Unknown,Unknown,Unknown,Proceeding Straight,"No Subject Vehicle, No Crash Partner","Yes Subject Vehicle, No Crash Partner",Subject Vehicle - No Passenger In Vehicle,19.0, , , , ,Y, , , , , , , , , ,Y, ,Y, , , ,Atlanta Police Department, ,Yes, ,"On September 30, 2025 at 2:56 PM ET a Waymo Autonomous Vehicle (""Waymo AV"") operating in Atlanta, Georgia was in a collision involving a cyclist on Griffin Street near Donald Lee Hollowell Parkway NW. 
A Waymo AV was traveling north on Griffin Street near the intersection with the Donald Lee Hollowell Parkway NW when it approached the Westside Beltline Connector shared use bicycle/pedestrian trail. As the AV approached the crossing with the trail, a cyclist traveling east on the trail approached the crossing with the roadway and continued into the roadway without stopping at the stop sign controlling bicycle traffic from the trail. The bicycle then made contact with the rear driver side of the Waymo AV and the impact caused the cyclist to fall from their bicycle. At the time of the impact, the Waymo AV's Level 4 ADS was engaged in autonomous mode. The Waymo AV and the bicycle sustained damage.

Waymo is reporting this crash under Request No. 1 of Standing General Order 2021-01 because a vehicle involved was towed away and an individual involved was transported from the scene to a hospital for medical treatment. Waymo may supplement or correct its reporting with additional information as it may become available.", ,ADS,current,26669.5,Unknown,Unknown,Unknown,Unknown,Unknown,Unknown,Unknown,Unknown,Unknown,Unknown,Unknown,Unknown,Unknown,Unknown,Unknown,Unknown,Unknown,Unknown,Unknown,Unknown,Unknown,Unknown,Unknown,Unknown,Unknown,45.0,Unknown,Unknown,Unknown,Unknown,Unknown,Unknown,Unknown,Unknown,Unknown,,Unknown,,Unknown,,Unknown,1.0,0.0,1.0,0.0,1,1,1,1,0,0,0,0,1,0,0,0,0,0,0,0,0,0,0,0,0,0,0,0,0,0,0,0,0,0,0,0,0,0,0,0,0,0,1,1,1,1,1,1,1,1,1,1,1,0,0,0,1,1,1,1,1,1,1,1,1,1,1,1,1,1,1,1,1,1,1,1,1,1,1,1,1,1,1,1,1,1,1,1,1,1,1,1,1,1,1,0,0.015270499518253747
88bcb808d90373f,30270-11488,2,Waymo LLC,Update,7.0,2024.0,SEP-2025,SADHW2S11R1,Y,,JAGUAR, ,I-PACE, ,2024.0, ,9bb28c83869f0d5,Unknown,"5th Generation ADS, Version 10", ,ADS,Verified Engaged,Waymo LLC, , ,Y, , , , , , , , , ,AUG-2025, ,16:54, ,88bcb808d90373f,[MAY CONTAIN PERSONALLY IDENTIFIABLE INFORMATION], ,[MAY CONTAIN PERSONALLY IDENTIFIABLE INFORMATION], ,, ,San Francisco, ,CA,Unknown, ,Street, , ,Y, , , , , ,Y, , , , , , , , , , ,Passenger Car,Minor W/O Hospitalization,Proceeding Straight, , , , , , , , ,Y, , ,Stopped,"No Subject Vehicle, No Crash Partner","Yes Subject Vehicle, No Crash Partner",Subject Vehicle - All Belted,0.0, , , , , , , ,Y, , , , , , ,Y, ,Y, , , ,Unknown, ,Yes, ,"Other than an update to the highest severity injury alleged field to reflect a minor injury (which is also reflected in the narrative below), the content of this report is unchanged from the initial report submitted on August 12, 2025 [REDACTED, MAY CONTAIN CONFIDENTIAL BUSINESS INFORMATION].
On August [XXX], 2025 at 4:54 PM PT a Waymo Autonomous Vehicle (""Waymo AV"") operating in San Francisco, California was in a collision involving a passenger car on [XXX] at [XXX]. 
The Waymo AV was stopped in the rightmost lane facing northeast on [XXX] in a queue of traffic at the intersection with [XXX] at a location where the rightmost lane and leftmost lane are separated by a raised transit boarding island. As the queue of traffic advanced, the Waymo AV began moving forward. A scooterist traveling northeastbound in the rightmost lane proceeded to pass to the right of the Waymo AV followed closely by a cyclist, and the Waymo AV shifted left towards the raised boarding island and slowed to a stop to yield to the scooterist and cyclist. A passenger car traveling behind the Waymo AV approached the Waymo AV from behind and the front of the passenger car made contact with the rear of the stationary Waymo AV. At the time of the impact, the Waymo AV's Level 4 ADS was engaged in autonomous mode. Both vehicles sustained damage. The passenger of the Waymo AV later alleged a minor injury.
Waymo is reporting this crash under Request No. 1 of Standing General Order 2021-01 because a vehicle involved was towed away. Waymo may supplement or correct its reporting with additional information as it may become available.", ,ADS,current,26669.5,Unknown,Unknown,Unknown,Unknown,Unknown,Unknown,Unknown,Unknown,Unknown,Unknown,Unknown,Unknown,Unknown,Unknown,Unknown,Unknown,Unknown,Unknown,Unknown,Unknown,Unknown,Unknown,Unknown,Unknown,Unknown,45.0,Unknown,Unknown,Unknown,Unknown,Unknown,Unknown,Unknown,Unknown,Unknown,,Unknown,,Unknown,,Unknown,1.0,0.0,1.0,0.0,1,1,1,1,0,0,0,0,1,0,0,0,0,0,0,0,0,0,0,0,0,0,0,0,1,0,0,0,0,0,0,0,0,0,0,0,0,0,0,0,0,0,0,0,0,0,0,0,0,0,1,0,1,1,1,1,1,1,1,1,1,1,1,1,1,1,1,1,1,1,1,1,1,1,1,1,1,1,1,1,1,1,1,1,1,1,1,1,1,1,1,0,0.19381256776994382
893ec9b89be0d16,30270-13024,1,Waymo LLC,5-Day,7.0,2024.0,NOV-2025,SADHW2S17R1,Y,[MAY CONTAIN PERSONALLY IDENTIFIABLE INFORMATION],JAGUAR, ,I-PACE, ,2024.0, ,393fb4f6248d68d,Unknown,"5th Generation ADS, Version 10", ,ADS,Verified Engaged,Waymo LLC, , ,Y, , , , , , , , , ,NOV-2025, ,10:01, ,893ec9b89be0d16,[MAY CONTAIN PERSONALLY IDENTIFIABLE INFORMATION], ,[MAY CONTAIN PERSONALLY IDENTIFIABLE INFORMATION], ,[MAY CONTAIN PERSONALLY IDENTIFIABLE INFORMATION], ,Phoenix, ,AZ,[MAY CONTAIN PERSONALLY IDENTIFIABLE INFORMATION], ,Parking Lot, , ,Y, , , , , ,Y, , , , , , , , , , ,Passenger Car,Property Damage. No Injured Reported,Backing, , , , , , ,Y, , , , ,Proceeding Straight,"No Subject Vehicle, No Crash Partner","Yes Subject Vehicle, No Crash Partner",Subject Vehicle - Not Belted - see Narrative,5.0, , ,Y, , , , , , , , , , , ,Y, ,Y, , , ,Unknown, ,Yes, ,"On November 4, 2025 at 10:01 AM MT a Waymo Autonomous Vehicle (""Waymo AV"") operating in Phoenix, Arizona was in a collision involving a passenger car in a parking lot at 4940 E. Ray Road. 
The Waymo AV was parked facing west in a parking lot at 4940 E. Ray Road with hazard lights activated for a passenger pick-up. While the Waymo AV was parked, a passenger car traveling westbound in the parking lot passed the Waymo AV on the left, made a left turn, and came to a stop. While the passenger car was stopped in front of and to the left of the Waymo AV, the Waymo AV proceeded forward to travel westbound in the parking lot. As the Waymo AV was passing behind the passenger car, the passenger car reversed, and the rear of the passenger car made contact with the left side of the Waymo AV. At the time of the impact, the Waymo AV's Level 4 ADS was engaged in autonomous mode. Both vehicles sustained damage. The passenger in the Waymo AV was not belted at the time of the collision.

Waymo is reporting this crash under Request No. 1 of Standing General Order 2021-01 because a vehicle involved was towed away. Waymo may supplement or correct its reporting with additional information as it may become available.", ,ADS,current,26669.5,Unknown,Unknown,Unknown,Unknown,Unknown,Unknown,Unknown,Unknown,Unknown,Unknown,Unknown,Unknown,Unknown,Unknown,Unknown,Unknown,Unknown,Unknown,Unknown,Unknown,Unknown,Unknown,Unknown,Unknown,Unknown,45.0,Unknown,Unknown,Unknown,Unknown,Unknown,Unknown,Unknown,Unknown,Unknown,,Unknown,,Unknown,,Unknown,0.0,0.0,1.0,0.0,1,1,1,1,0,0,0,0,1,0,0,0,0,0,0,0,0,0,0,0,0,0,0,0,0,0,0,0,0,0,0,0,0,0,0,0,0,0,0,0,0,0,0,0,0,0,0,0,0,0,1,0,1,1,1,1,1,1,1,1,1,1,1,1,1,1,1,1,1,1,1,1,1,1,1,1,1,1,1,1,1,1,1,1,1,1,1,1,1,1,1,0,0.187563940570491
8ad2398b05d30a4,30270-13486,1,Waymo LLC,5-Day,7.0,2024.0,DEC-2025,SADHW2S11R1,Y,[MAY CONTAIN PERSONALLY IDENTIFIABLE INFORMATION],JAGUAR, ,I-PACE, ,2024.0, ,58d901559d96b10,Unknown,"5th Generation ADS, Version 10", ,ADS,Verified Engaged,Waymo LLC, , ,Y, , , , , , , , , ,DEC-2025, ,14:37, ,8ad2398b05d30a4,[MAY CONTAIN PERSONALLY IDENTIFIABLE INFORMATION], ,[MAY CONTAIN PERSONALLY IDENTIFIABLE INFORMATION], ,[MAY CONTAIN PERSONALLY IDENTIFIABLE INFORMATION], ,San Francisco, ,CA,[MAY CONTAIN PERSONALLY IDENTIFIABLE INFORMATION], ,Intersection, , ,Y, , , , , ,Y, , , , , , , , , , ,Passenger Car,Property Damage. No Injured Reported,Proceeding Straight, , , , , , , , ,Y, , ,Stopped,"No Subject Vehicle, No Crash Partner","Yes Subject Vehicle, No Crash Partner",Subject Vehicle - No Passenger In Vehicle,0.0, , , , , , , ,Y, , , , , , ,Y, ,Y, , , ,San Francisco Police Department, ,Yes, ,"On December 24, 2025 at 2:37 PM PT a Waymo Autonomous Vehicle (""Waymo AV"") operating in San Francisco, California was in a collision involving a passenger car on Bayshore Boulevard at the intersection with Jerrold Avenue and the off-ramp freeway exit 432 of US-101 North. 
The Waymo AV was traveling southbound on Bayshore Boulevard and proceeding straight at the intersection with Jerrold Avenue and the off-ramp freeway exit 432 of US-101 North. The ADV slowed down to a stop while entering the intersection after detecting a collision with a bird in flight. As the Waymo AV remained stationary, a passenger car traveling directly behind the Waymo AV approached the Waymo AV from behind and the front of the passenger car made contact with the rear of the stationary Waymo AV. At the time of the impact, the Waymo AV's Level 4 ADS was engaged in autonomous mode. The Waymo AV and the passenger car sustained damage. 

Waymo is reporting this crash under Request No. 1 of Standing General Order 2021-01 because a vehicle involved was towed away. Waymo may supplement or correct its reporting with additional information as it may become available.", ,ADS,current,26669.5,Unknown,Unknown,Unknown,Unknown,Unknown,Unknown,Unknown,Unknown,Unknown,Unknown,Unknown,Unknown,Unknown,Unknown,Unknown,Unknown,Unknown,Unknown,Unknown,Unknown,Unknown,Unknown,Unknown,Unknown,Unknown,45.0,Unknown,Unknown,Unknown,Unknown,Unknown,Unknown,Unknown,Unknown,Unknown,,Unknown,,Unknown,,Unknown,0.0,0.0,1.0,0.0,1,1,1,1,0,0,0,0,1,0,0,0,0,0,0,0,0,0,0,0,0,0,0,0,0,0,0,0,0,0,0,0,0,0,0,0,0,0,0,0,0,0,0,0,0,0,0,0,0,0,0,0,1,1,1,1,1,1,1,1,1,1,1,1,1,1,1,1,1,1,1,1,1,1,1,1,1,1,1,1,1,1,1,1,1,1,1,1,1,1,1,0,0.21677385951928962
8c29f7beadd4b77,30270-11892,1,Waymo LLC,5-Day,7.0,2024.0,OCT-2025,SADHW2S16R1,Y,,JAGUAR, ,I-PACE, ,2024.0, ,a16d9f705417782,Unknown,"5th Generation ADS, Version 10", ,ADS,Verified Engaged,Waymo LLC, , ,Y, , , , , , , , , ,OCT-2025, ,14:20, ,8c29f7beadd4b77,[MAY CONTAIN PERSONALLY IDENTIFIABLE INFORMATION], ,[MAY CONTAIN PERSONALLY IDENTIFIABLE INFORMATION], ,[MAY CONTAIN PERSONALLY IDENTIFIABLE INFORMATION], ,Austin, ,TX,[MAY CONTAIN PERSONALLY IDENTIFIABLE INFORMATION], ,Street, , ,Y, , , , , ,Y, , , , , , , , , , ,SUV,Property Damage. No Injured Reported,Changing Lanes, , , , , ,Y, , , , , ,Proceeding Straight,"No Subject Vehicle, No Crash Partner","Yes Subject Vehicle, No Crash Partner",Subject Vehicle - All Belted,28.0, , , , , , , , ,Y, , , , , ,Y, ,Y, , , ,Unknown, ,Yes, ,"On October 13, 2025 at 2:20 PM CT a Waymo Autonomous Vehicle (""Waymo AV"") operating in Austin, Texas was in a collision involving an SUV on S. 1st Street near Barton Springs Road.
The Waymo AV was traveling southwestbound on S. 1st Street in the left lane. An SUV exited the parking lot at 601 Barton Springs Road onto the right lane of southwestbound S. 1st Street in front of and to the right of the Waymo AV and proceeded to cross the dashed white lane line and enter the Waymo AV's lane of travel. The Waymo AV began braking and maneuvered to the left, and the front left side of the SUV made contact with the right side of the Waymo AV. At the time of the impact, the Waymo AV's Level 4 ADS was engaged in autonomous mode. Both vehicles sustained damage.

Waymo is reporting this crash under Request No. 1 of Standing General Order 2021-01 because a vehicle involved was towed away. Waymo may supplement or correct its reporting with additional information as it may become available.", ,ADS,current,26669.5,Unknown,Unknown,Unknown,Unknown,Unknown,Unknown,Unknown,Unknown,Unknown,Unknown,Unknown,Unknown,Unknown,Unknown,Unknown,Unknown,Unknown,Unknown,Unknown,Unknown,Unknown,Unknown,Unknown,Unknown,Unknown,45.0,Unknown,Unknown,Unknown,Unknown,Unknown,Unknown,Unknown,Unknown,Unknown,,Unknown,,Unknown,,Unknown,0.0,0.0,1.0,0.0,1,1,1,1,0,0,0,0,1,0,0,0,0,0,0,0,0,0,0,0,0,0,0,0,0,0,0,0,0,0,0,0,0,0,0,0,0,0,0,0,0,0,0,0,0,0,0,0,0,0,1,0,1,1,1,1,1,1,1,1,1,1,1,1,1,1,1,1,1,1,1,1,1,1,1,1,1,1,1,1,1,1,1,1,1,1,1,1,1,1,1,0,0.2658175401016046
8e6be32923cbefc,30270-11859,1,Waymo LLC,5-Day,7.0,2024.0,OCT-2025,SADHW2S16R1,Y,,JAGUAR, ,I-PACE, ,2024.0, ,9fd84f162c600d0,Unknown,"5th Generation ADS, Version 10", ,ADS,Verified Engaged,Waymo LLC, , ,Y, , , , , , , , , ,OCT-2025, ,02:20, ,8e6be32923cbefc,[MAY CONTAIN PERSONALLY IDENTIFIABLE INFORMATION], ,[MAY CONTAIN PERSONALLY IDENTIFIABLE INFORMATION], ,[MAY CONTAIN PERSONALLY IDENTIFIABLE INFORMATION], ,Phoenix, ,AZ,[MAY CONTAIN PERSONALLY IDENTIFIABLE INFORMATION], ,Street, , ,Y, , , , , ,Y, , , , , , , , , , ,SUV,No Injured Reported,Making Left Turn, , , , , ,Y, , , , , ,Proceeding Straight,"No Subject Vehicle, No Crash Partner","Yes Subject Vehicle, Yes Crash Partner",Subject Vehicle - No Passenger In Vehicle,31.0, ,Y, , , , , , ,Y, , , , , ,Y, ,Y, , , ,Phoenix Police Department, ,Yes, ,"On October 8, 2025 at 2:20 AM MT a Waymo Autonomous Vehicle (""Waymo AV"") operating in Phoenix, Arizona was in a collision involving an SUV on S. 16th Street near E. Hidalgo Avenue. 
The Waymo AV was traveling southbound on S. 16th Street in the leftmost lane. An SUV was traveling southbound, ahead of and to the right of the Waymo AV in the center lane on S. 16th Street. As the Waymo AV continued to proceed straight and approached the SUV, the SUV initiated a left turn from the center lane, crossing the dashed white lane line and entering the Waymo AV's lane of travel. The Waymo AV began braking and maneuvered to the left, and the front left side of the SUV made contact with the right side of the Waymo AV. At the time of the impact, the Waymo AV's Level 4 ADS was engaged in autonomous mode. Both vehicles sustained damage.

Waymo is reporting this crash under Request No. 1 of Standing General Order 2021-01 because a vehicle involved was towed away. Waymo may supplement or correct its reporting with additional information as it may become available.", ,ADS,current,26669.5,Unknown,Unknown,Unknown,Unknown,Unknown,Unknown,Unknown,Unknown,Unknown,Unknown,Unknown,Unknown,Unknown,Unknown,Unknown,Unknown,Unknown,Unknown,Unknown,Unknown,Unknown,Unknown,Unknown,Unknown,Unknown,45.0,Unknown,Unknown,Unknown,Unknown,Unknown,Unknown,Unknown,Unknown,Unknown,,Unknown,,Unknown,,Unknown,0.0,0.0,1.0,0.0,1,1,1,1,0,0,0,0,1,0,0,0,0,0,0,0,0,0,0,0,0,0,0,0,0,0,0,0,0,0,0,0,0,0,0,0,0,0,0,0,0,0,0,0,0,0,0,0,0,0,0,0,1,1,1,1,1,1,1,1,1,1,1,1,1,1,1,1,1,1,1,1,1,1,1,1,1,1,1,1,1,1,1,1,1,1,1,1,1,1,1,0,0.4466012877429963
8f3a886d8e8dd95,30270-13252,1,Waymo LLC,5-Day,7.0,2024.0,DEC-2025,SADHW2S1XR1,Y,[MAY CONTAIN PERSONALLY IDENTIFIABLE INFORMATION],JAGUAR, ,I-PACE, ,2024.0, ,4052955e6b85b89,In-Vehicle (Commercial / Test),"5th Generation ADS, Version 10", ,ADS,Verified Not Engaged,Waymo LLC, , ,Y, , , , , , , , , ,NOV-2025, ,18:55, ,8f3a886d8e8dd95,[MAY CONTAIN PERSONALLY IDENTIFIABLE INFORMATION], ,[MAY CONTAIN PERSONALLY IDENTIFIABLE INFORMATION], ,[MAY CONTAIN PERSONALLY IDENTIFIABLE INFORMATION], ,Washington, ,DC,[MAY CONTAIN PERSONALLY IDENTIFIABLE INFORMATION], ,Intersection, , ,Y, , , , , ,Y, , , , , , , , , , ,Other Fixed Object,Property Damage. No Injured Reported,Unknown,Unknown,Unknown,Unknown,Unknown,Unknown,Unknown,Unknown,Unknown,Unknown,Unknown,Unknown,Making Right Turn,"No Subject Vehicle, No Crash Partner","Yes Subject Vehicle, No Crash Partner",Subject Vehicle - All Belted,13.0, , , , , , ,Y, , , , , , , ,Y, ,Y, , , ,Unknown, ,Yes, ,"On November 26, 2025 at 6:55 PM ET a Waymo Autonomous Vehicle (""Waymo AV"") operating in Washington, D.C. was in a collision involving a curb on Sheridan Street NW at Piney Branch Road NW. 
The Waymo AV was traveling eastbound on Sheridan Street NW in autonomous mode when it began to turn right at the intersection with Piney Branch Road NW. As the Waymo AV proceeded to turn right, it approached the right hand curb. The test driver transitioned the Waymo AV to manual mode and the front right tire of the Waymo AV made contact with the curb. At the time of the impact, the Waymo AV's Level 4 ADS was not engaged and a test driver was operating the Waymo AV in manual mode. The Waymo AV sustained damage.

Waymo is reporting this crash under Request No. 1 of Standing General Order 2021-01 because a vehicle involved was towed away. Waymo may supplement or correct its reporting with additional information as it may become available.", ,ADS,current,26669.5,Unknown,Unknown,Unknown,Unknown,Unknown,Unknown,Unknown,Unknown,Unknown,Unknown,Unknown,Unknown,Unknown,Unknown,Unknown,Unknown,Unknown,Unknown,Unknown,Unknown,Unknown,Unknown,Unknown,Unknown,Unknown,45.0,Unknown,Unknown,Unknown,Unknown,Unknown,Unknown,Unknown,Unknown,Unknown,,Unknown,,Unknown,,Unknown,0.0,0.0,1.0,0.0,1,1,1,1,0,0,0,0,0,0,0,0,0,0,0,0,0,0,0,0,0,0,0,0,0,0,0,0,0,0,0,0,0,0,0,0,0,1,1,1,1,1,1,1,1,1,1,1,1,0,1,0,1,1,1,1,1,1,1,1,1,1,1,1,1,1,1,1,1,1,1,1,1,1,1,1,1,1,1,1,1,1,1,1,1,1,1,1,1,1,1,0,0.2810243895597495
8fe386c2f10accc,30270-13058,1,Waymo LLC,5-Day,7.0,2024.0,NOV-2025,SADHW2S17R1,Y,[MAY CONTAIN PERSONALLY IDENTIFIABLE INFORMATION],JAGUAR, ,I-PACE, ,2024.0, ,dc20957aabc6402,Unknown,"5th Generation ADS, Version 10", ,ADS,Verified Engaged,Waymo LLC, , ,Y, , , , , , , , , ,NOV-2025, ,15:39, ,8fe386c2f10accc,[MAY CONTAIN PERSONALLY IDENTIFIABLE INFORMATION], ,[MAY CONTAIN PERSONALLY IDENTIFIABLE INFORMATION], ,[MAY CONTAIN PERSONALLY IDENTIFIABLE INFORMATION], ,Phoenix, ,AZ,[MAY CONTAIN PERSONALLY IDENTIFIABLE INFORMATION], ,Street, , ,Y, , , , , , , , , , , , , , ,Y, ,Pickup Truck,Property Damage. No Injured Reported,Entering Traffic, , , , , ,Y, , , , , ,Changing Lanes,"No Subject Vehicle, No Crash Partner","Yes Subject Vehicle, No Crash Partner",Subject Vehicle - No Passenger In Vehicle,25.0, ,Y, , , , , , , , , , , , ,Y, ,Y, , , ,Phoenix Police Department, ,Yes, ,"On November 4, 2025 at 3:39 PM MT a Waymo Autonomous Vehicle (""Waymo AV"") operating in Phoenix, Arizona was in a collision involving a pickup truck at 3400 Sky Harbor Boulevard, Terminal 4 at the Phoenix Sky Harbor International Airport. 
The Waymo AV was traveling westbound in the right lane of 3400 Sky Harbor Boulevard, Terminal 4 when it began to change lanes to the center lane. A pickup truck stopped at the curb in the passenger loading/unloading zone, facing west and to the right of the Waymo AV began to pull away from the curb into the right lane and the front left side of the pickup truck made contact with the rear right side of the Waymo AV. At the time of the impact, the Waymo AV's Level 4 ADS was engaged in autonomous mode. Both vehicles sustained damage.

Waymo is reporting this crash under Request No. 1 of Standing General Order 2021-01 because a vehicle involved was towed away. Waymo may supplement or correct its reporting with additional information as it may become available.", ,ADS,current,26669.5,Unknown,Unknown,Unknown,Unknown,Unknown,Unknown,Unknown,Unknown,Unknown,Unknown,Unknown,Unknown,Unknown,Unknown,Unknown,Unknown,Unknown,Unknown,Unknown,Unknown,Unknown,Unknown,Unknown,Unknown,Unknown,45.0,Unknown,Unknown,Unknown,Unknown,Unknown,Unknown,Unknown,Unknown,Unknown,,Unknown,,Unknown,,Unknown,0.0,0.0,1.0,0.0,1,1,1,1,0,0,0,0,1,0,0,0,0,0,0,0,0,0,0,0,0,0,0,0,0,0,0,0,0,0,0,0,0,0,0,0,0,0,0,0,0,0,0,0,0,0,0,0,0,0,0,0,1,1,1,1,1,1,1,1,1,1,1,1,1,1,1,1,1,1,1,1,1,1,1,1,1,1,1,1,1,1,1,1,1,1,1,1,1,1,1,0,0.07250798259076567
90b259cb9879f1a,30270-11403,1,Waymo LLC,5-Day,7.0,2024.0,JUL-2025,SADHW2S19M1,Y,,JAGUAR, ,I-PACE, ,2021.0, ,b7b40f70f5e3f4f,In-Vehicle (Commercial / Test),"5th Generation, Version 10", ,ADS,Verified Not Engaged,Waymo LLC, , ,Y, , , , , , , , , ,JUL-2025, ,13:57, ,90b259cb9879f1a,[MAY CONTAIN PERSONALLY IDENTIFIABLE INFORMATION], ,[MAY CONTAIN PERSONALLY IDENTIFIABLE INFORMATION], ,, ,Santa Clara, ,CA,Unknown, ,Street, , ,Y, , , , , ,Y, , , , , , , , , , ,SUV,Moderate W/ Hospitalization,Changing Lanes, , , , , , , , ,Y, , ,Making Left Turn,"Yes Subject Vehicle, Yes Crash Partner","Yes Subject Vehicle, Yes Crash Partner",Subject Vehicle - All Belted,25.0, , , , , , , , ,Y, , , , , ,Y, ,Y, , , ,Santa Clara Police Department, ,Yes, ,"On July [XXX], 2025 at 1:57 PM PT a Waymo Autonomous Vehicle (""Waymo AV"") operating in Santa Clara, California was in a collision involving an SUV on [XXX] near [XXX].
The Waymo AV was stopped on [XXX], preparing to turn right onto northeastbound [XXX] while yielding to oncoming traffic. Once oncoming traffic had cleared, the Waymo AV began to turn right into the rightmost lane on northeastbound [XXX]. As the Waymo AV was completing the right turn, the test driver transitioned the Waymo AV to manual mode. The test driver changed lanes without a signal activated, crossing through the center travel lane and into the dedicated left turn lane where the test driver began to make an unprotected left across southwestbound [XXX]. During this unprotected left turn, an SUV was traveling in the leftmost southwestbound lane. The SUV began to maneuver towards the rightmost lane while the test driver was completing the left turn, and the front of the SUV made contact with the passenger side of the Waymo AV. At the time of the impact, the Waymo AV's Level 4 ADS was not engaged and a test driver was operating the Waymo AV in manual mode. Both vehicles sustained damage.
Waymo is reporting this crash under Request No. 1 of Standing General Order 2021-01 because an individual involved was transported from the scene to a hospital for medical treatment, a vehicle involved was towed away, and airbag deployment. Waymo may supplement or correct its reporting with additional information as it may become available.", ,ADS,current,26669.5,Unknown,Unknown,Unknown,Unknown,Unknown,Unknown,Unknown,Unknown,Unknown,Unknown,Unknown,Unknown,Unknown,Unknown,Unknown,Unknown,Unknown,Unknown,Unknown,Unknown,Unknown,Unknown,Unknown,Unknown,Unknown,45.0,Unknown,Unknown,Unknown,Unknown,Unknown,Unknown,Unknown,Unknown,Unknown,,Unknown,,Unknown,,Unknown,2.0,1.0,1.0,1.0,1,1,1,1,0,0,0,0,0,0,0,0,0,0,0,0,0,0,0,0,0,0,0,0,1,0,0,0,0,0,0,0,0,0,0,0,0,0,0,0,0,0,0,0,0,0,0,0,0,0,0,0,1,1,1,1,1,1,1,1,1,1,1,1,1,1,1,1,1,1,1,1,1,1,1,1,1,1,1,1,1,1,1,1,1,1,1,1,1,1,1,0,0.24683458778666242
910fc9a34852241,30270-11189,1,Waymo LLC,5-Day,7.0,2024.0,JUN-2025,SADHW2S16R1,Y,,JAGUAR, ,I-PACE, ,2024.0, ,1b7dc32c40bb9b6,Unknown,5th Generation ADS Version 10, ,ADS,Verified Engaged,Waymo LLC, , ,Y, , , , , , , , , ,JUN-2025, ,09:00, ,910fc9a34852241,[MAY CONTAIN PERSONALLY IDENTIFIABLE INFORMATION], ,[MAY CONTAIN PERSONALLY IDENTIFIABLE INFORMATION], ,, ,San Francisco, ,CA,Unknown, ,Street, , ,Y, , , , , ,Y, , , , , , , , , , ,Heavy Truck,Property Damage. No Injured Reported,Proceeding Straight, ,Y, , , , , , , , , ,Stopped,"No Subject Vehicle, No Crash Partner","Yes Subject Vehicle, No Crash Partner",Subject Vehicle - No Passenger In Vehicle,0.0, , , , ,Y, , , , , , , , , ,Y, ,Y, , , ,Unknown, ,Yes, ,"On June [XXX], 2025 at 9:00 AM PT a Waymo Autonomous Vehicle (""Waymo AV"") operating in San Francisco, California was in a collision involving a heavy truck on [XXX] near [XXX].
The Waymo AV was traveling southbound on a narrow portion of [XXX] and came to a stop to yield to a heavy truck traveling northbound on [XXX]. As the heavy truck passed the Waymo AV, the driver side of the heavy truck made contact with the rear driver side of the stationary Waymo AV. At the time of the impact, the Waymo AV's Level 4 ADS was engaged in autonomous mode. The Waymo AV sustained damage.
Waymo is reporting this crash under Request No. 1 of Standing General Order 2021-01 because a vehicle involved was towed away. Waymo may supplement or correct its reporting with additional information as it may become available.", ,ADS,current,26669.5,Unknown,Unknown,Unknown,Unknown,Unknown,Unknown,Unknown,Unknown,Unknown,Unknown,Unknown,Unknown,Unknown,Unknown,Unknown,Unknown,Unknown,Unknown,Unknown,Unknown,Unknown,Unknown,Unknown,Unknown,Unknown,45.0,Unknown,Unknown,Unknown,Unknown,Unknown,Unknown,Unknown,Unknown,Unknown,,Unknown,,Unknown,,Unknown,0.0,0.0,1.0,0.0,1,1,1,1,0,0,0,0,1,0,0,0,0,0,0,0,0,0,0,0,0,0,0,0,1,0,0,0,0,0,0,0,0,0,0,0,0,0,0,0,0,0,0,0,0,0,0,0,0,0,1,0,1,1,1,1,1,1,1,1,1,1,1,1,1,1,1,1,1,1,1,1,1,1,1,1,1,1,1,1,1,1,1,1,1,1,1,1,1,1,1,0,0.3099832464514498
91301375cf54a0a,30270-11771,1,Waymo LLC,5-Day,7.0,2024.0,SEP-2025,SADHW2S1XR1,Y,,JAGUAR, ,I-PACE, ,2024.0, ,9978a474e19f305,Unknown,"5th Generation ADS, Version 10", ,ADS,Verified Engaged,Waymo LLC, , ,Y, , , , , , , , , ,SEP-2025, ,10:57, ,91301375cf54a0a,[MAY CONTAIN PERSONALLY IDENTIFIABLE INFORMATION], ,[MAY CONTAIN PERSONALLY IDENTIFIABLE INFORMATION], ,[MAY CONTAIN PERSONALLY IDENTIFIABLE INFORMATION], ,San Francisco, ,CA,[MAY CONTAIN PERSONALLY IDENTIFIABLE INFORMATION], ,Street, , ,Y, , , , , , , ,Y, , , , , , , , ,Heavy Truck,Property Damage. No Injured Reported,Parked,Y, , , , , , , , , , ,Entering Traffic,"No Subject Vehicle, No Crash Partner","Yes Subject Vehicle, No Crash Partner",Subject Vehicle - No Passenger In Vehicle,2.0, , , , , , ,Y, , , , , , , ,Y, ,Y, , , ,Unknown, ,Yes, ,"On September 25, 2025 at 10:57 AM PT a Waymo Autonomous Vehicle (""Waymo AV"" operating in San Francisco, California was in a collision involving the loading ramp of a heavy truck on 3rd Street near Stevenson Street. 
The Waymo AV was stopped at the curb facing northwest on 3rd Street for a passenger drop-off behind a heavy truck parked at the curb with its attached rear loading ramp lowered and hazard lights activated. After the drop-off was completed, the Waymo AV proceeded to maneuver around the right side of the heavy truck and enter the leftmost lane, and the front left side of the Waymo AV made contact with the rear right corner of the loading ramp of the heavy truck. At the time of the impact, the Waymo AV's Level 4 ADS was engaged in autonomous mode. The Waymo AV sustained damage.

Waymo is reporting this crash under Request No. 1 of Standing General Order 2021-01 because a vehicle involved was towed away. Waymo may supplement or correct its reporting with additional information as it may become available.", ,ADS,current,26669.5,Unknown,Unknown,Unknown,Unknown,Unknown,Unknown,Unknown,Unknown,Unknown,Unknown,Unknown,Unknown,Unknown,Unknown,Unknown,Unknown,Unknown,Unknown,Unknown,Unknown,Unknown,Unknown,Unknown,Unknown,Unknown,45.0,Unknown,Unknown,Unknown,Unknown,Unknown,Unknown,Unknown,Unknown,Unknown,,Unknown,,Unknown,,Unknown,0.0,0.0,1.0,0.0,1,1,1,1,0,0,0,0,1,0,0,0,0,0,0,0,0,0,0,0,0,0,0,0,0,0,0,0,0,0,0,0,0,0,0,0,0,0,0,0,0,0,0,0,0,0,0,0,0,0,1,0,1,1,1,1,1,1,1,1,1,1,1,1,1,1,1,1,1,1,1,1,1,1,1,1,1,1,1,1,1,1,1,1,1,1,1,1,1,1,1,0,0.0752887089102123
9272efdb850fed3,30270-12061,1,Waymo LLC,5-Day,7.0,2024.0,NOV-2025,SADHW2S1XR1,Y,[MAY CONTAIN PERSONALLY IDENTIFIABLE INFORMATION],JAGUAR, ,I-PACE, ,2024.0, ,2b28a9bcb04302b,Unknown,"5th Generation ADS,Version 10", ,ADS,Verified Engaged,Waymo LLC, , ,Y, , , , , , , , , ,NOV-2025, ,10:26, ,9272efdb850fed3,[MAY CONTAIN PERSONALLY IDENTIFIABLE INFORMATION], ,[MAY CONTAIN PERSONALLY IDENTIFIABLE INFORMATION], ,[MAY CONTAIN PERSONALLY IDENTIFIABLE INFORMATION], ,San Francisco, ,CA,[MAY CONTAIN PERSONALLY IDENTIFIABLE INFORMATION], ,Intersection, , ,Y, , , , , ,Y, , , , , , , , , , ,SUV,Property Damage. No Injured Reported,Proceeding Straight, , , , , , , , ,Y, , ,Proceeding Straight,"No Subject Vehicle, No Crash Partner","Yes Subject Vehicle, No Crash Partner",Subject Vehicle - All Belted,1.0, , , , , , , ,Y, , , , , , ,Y, ,Y, , , ,Unknown, ,Yes, ,"On November 2, 2025 at 10:26 AM PT a Waymo Autonomous Vehicle (""Waymo AV"") operating in San Francisco, California was in a collision involving an SUV on Masonic Avenue at Geary Boulevard.
The Waymo AV was traveling northbound in the second from the right lane on Masonic Avenue and proceeding straight through a green light at the intersection with Geary Avenue. As the Waymo AV was about to exit the intersection, it began to slow, yielding to a flock of birds flying low across Masonic Avenue. While the Waymo AV was slowing, an SUV traveling northbound on Masonic Avenue directly behind the Waymo AV approached the Waymo AV from behind, and the front of the SUV made contact with the rear of the Waymo AV. At the time of the impact, the Waymo AV's Level 4 ADS was engaged in autonomous mode. Both vehicles sustained damage.

Waymo is reporting this crash under Request No. 1 of Standing General Order 2021-01 because a vehicle involved was towed away. Waymo may supplement or correct its reporting with additional information as it may become available.", ,ADS,current,26669.5,Unknown,Unknown,Unknown,Unknown,Unknown,Unknown,Unknown,Unknown,Unknown,Unknown,Unknown,Unknown,Unknown,Unknown,Unknown,Unknown,Unknown,Unknown,Unknown,Unknown,Unknown,Unknown,Unknown,Unknown,Unknown,45.0,Unknown,Unknown,Unknown,Unknown,Unknown,Unknown,Unknown,Unknown,Unknown,,Unknown,,Unknown,,Unknown,0.0,0.0,1.0,0.0,1,1,1,1,0,0,0,0,1,0,0,0,0,0,0,0,0,0,0,0,0,0,0,0,0,0,0,0,0,0,0,0,0,0,0,0,0,0,0,0,0,0,0,0,0,0,0,0,0,0,1,0,1,1,1,1,1,1,1,1,1,1,1,1,1,1,1,1,1,1,1,1,1,1,1,1,1,1,1,1,1,1,1,1,1,1,1,1,1,1,1,0,0.3252437774057411
95004cd5904030e,30270-11450,1,Waymo LLC,5-Day,7.0,2024.0,AUG-2025,SADHW2S17R1,Y,,JAGUAR, ,I-PACE, ,2024.0, ,f4f776649f9d71e,Unknown,"5th Generation ADS, Version 10", ,ADS,Verified Engaged,Waymo LLC, , ,Y, , , , , , , , , ,AUG-2025, ,06:06, ,95004cd5904030e,[MAY CONTAIN PERSONALLY IDENTIFIABLE INFORMATION], ,[MAY CONTAIN PERSONALLY IDENTIFIABLE INFORMATION], ,, ,San Francisco, ,CA,Unknown, ,Street, , ,Y, , , , , , , ,Y, , , , , , , , ,SUV,Moderate W/O Hospitalization,Traveling Wrong Way, ,Y, , , ,Y, , , , , ,Parked,"Yes Subject Vehicle, Yes Crash Partner","Yes Subject Vehicle, Yes Crash Partner",Subject Vehicle - No Passenger In Vehicle,0.0, , ,Y, , , ,Y, , , , , , , ,Y, ,Y, , , ,San Francisco Police Department, ,Yes, ,"On August [XXX], 2025 at 6:06 AM PT a Waymo Autonomous Vehicle (""Waymo AV"") operating in San Francisco, California was in a collision involving an SUV on [XXX] near [XXX]. 
The Waymo AV was parked at the curb facing south on [XXX] when an SUV traveling northbound on [XXX] crossed into the southbound lane of traffic. The SUV continued towards the Waymo AV at a high rate of speed, and the front left of the SUV made contact with the front left of the stationary Waymo AV. The SUV then continued to proceed northbound in the southbound lane of [XXX], coming to a stop after making contact with a sign post at the intersection with [XXX]. At the time of the impact, the Waymo AV's Level 4 ADS was engaged in autonomous mode. Both vehicles sustained damage and the driver of the passenger car was transported to a hospital for medical treatment.
Waymo is reporting this crash under Request No. 1 of Standing General Order 2021-01 because an individual involved was transported from the scene to a hospital for medical treatment, vehicles involved were towed away, and because of airbag deployment. Waymo may supplement or correct its reporting with additional information as it may become available.", ,ADS,current,26669.5,Unknown,Unknown,Unknown,Unknown,Unknown,Unknown,Unknown,Unknown,Unknown,Unknown,Unknown,Unknown,Unknown,Unknown,Unknown,Unknown,Unknown,Unknown,Unknown,Unknown,Unknown,Unknown,Unknown,Unknown,Unknown,45.0,Unknown,Unknown,Unknown,Unknown,Unknown,Unknown,Unknown,Unknown,Unknown,,Unknown,,Unknown,,Unknown,2.0,1.0,1.0,1.0,1,1,1,1,0,0,0,0,1,0,0,0,0,0,0,0,0,0,0,0,0,0,0,0,1,0,0,0,0,0,0,0,0,0,0,0,0,0,0,0,0,0,0,0,0,0,0,0,0,0,0,0,1,1,1,1,1,1,1,1,1,1,1,1,1,1,1,1,1,1,1,1,1,1,1,1,1,1,1,1,1,1,1,1,1,1,1,1,1,1,1,0,0.363085090307876
95250f9715252ce,30270-11475,1,Waymo LLC,5-Day,7.0,2024.0,AUG-2025,SADHW2S12R1,Y,,JAGUAR, ,I-PACE, ,2024.0, ,f66e77e52939f05,Unknown,"5th Generation ADS, Version 10", ,ADS,Verified Engaged,Waymo LLC, , ,Y, , , , , , , , , ,AUG-2025, ,03:49, ,95250f9715252ce,[MAY CONTAIN PERSONALLY IDENTIFIABLE INFORMATION], ,[MAY CONTAIN PERSONALLY IDENTIFIABLE INFORMATION], ,, ,Los Angeles, ,CA,Unknown, ,Intersection, , ,Y, , , , , ,Y, , , , , , , , , , ,Van,Minor W/O Hospitalization,Proceeding Straight, , , , , , , , ,Y, , ,Stopped,"No Subject Vehicle, No Crash Partner","Yes Subject Vehicle, No Crash Partner",Subject Vehicle - All Belted,0.0, , , , , , , ,Y, , , , , , ,Y, ,Y, , , ,Unknown, ,Yes, ,"On August [XXX], 2025 at 3:49 AM PT a Waymo Autonomous Vehicle (""Waymo AV"") operating in Los Angeles, California was in a collision involving a minivan on [XXX] at [XXX]. 
The Waymo AV was traveling eastbound in the third to the right lane on [XXX] when it came to a stop for a red light at the intersection at [XXX]. While the Waymo AV remained stopped, a minivan approached the Waymo AV from behind and the front of the minivan made contact with the rear of the Waymo AV. At the time of the impact, the Waymo AV's Level 4 ADS was engaged in autonomous mode. Both vehicles sustained damage. The passenger in the Waymo AV alleged minor injuries. 
Waymo is reporting this crash under Request No. 1 of Standing General Order 2021-01 because a vehicle involved was towed away. Waymo may supplement or correct its reporting with additional information as it may become available.", ,ADS,current,26669.5,Unknown,Unknown,Unknown,Unknown,Unknown,Unknown,Unknown,Unknown,Unknown,Unknown,Unknown,Unknown,Unknown,Unknown,Unknown,Unknown,Unknown,Unknown,Unknown,Unknown,Unknown,Unknown,Unknown,Unknown,Unknown,45.0,Unknown,Unknown,Unknown,Unknown,Unknown,Unknown,Unknown,Unknown,Unknown,,Unknown,,Unknown,,Unknown,1.0,0.0,1.0,0.0,1,1,1,1,0,0,0,0,1,0,0,0,0,0,0,0,0,0,0,0,0,0,0,0,1,0,0,0,0,0,0,0,0,0,0,0,0,0,0,0,0,0,0,0,0,0,0,0,0,0,1,0,1,1,1,1,1,1,1,1,1,1,1,1,1,1,1,1,1,1,1,1,1,1,1,1,1,1,1,1,1,1,1,1,1,1,1,1,1,1,1,0,0.16174656718097075
966cc9f416e8092,30270-11433,1,Waymo LLC,5-Day,7.0,2024.0,AUG-2025,SADHW2S11R1,Y,,JAGUAR, ,I-PACE, ,2024.0, ,40eadc5af7b8d6a,Unknown,5th Generation ADS, ,ADS,Verified Engaged,Waymo LLC, , ,Y, , , , , , , , , ,AUG-2025, ,02:48, ,966cc9f416e8092,[MAY CONTAIN PERSONALLY IDENTIFIABLE INFORMATION], ,[MAY CONTAIN PERSONALLY IDENTIFIABLE INFORMATION], ,, ,San Francisco, ,CA,Unknown, ,Intersection, , ,Y, , , , , ,Y, , , , , , , , , , ,Heavy Truck,Minor W/ Hospitalization,Making Left Turn, ,Y, , , , , , , , , ,Stopped,"No Subject Vehicle, No Crash Partner","Yes Subject Vehicle, No Crash Partner",Subject Vehicle - All Belted,0.0, , , , ,Y, , , , , , , , , ,Y, ,Y, , , ,San Francisco Police Department, ,Yes, ,"On August [XXX], 2025 at 2:48 AM PT a Waymo Autonomous Vehicle (""Waymo AV"") operating in San Francisco, California was in a collision involving a heavy truck on [XXX] at [XXX].
The Waymo AV was traveling southbound on a narrow portion of [XXX] with vehicles parked at the curb in both directions when it approached a heavy truck that was traveling northbound on [XXX]. The Waymo AV reversed to yield to the heavy truck and came to a stop at the curb at the intersection with [XXX]. The heavy truck proceeded forward past the Waymo AV and began a left turn onto westbound [XXX] and the left side of the heavy truck made contact with the rear left of the Waymo AV. At the time of the impact, the Waymo AV's Level 4 ADS was engaged in autonomous mode. The Waymo AV sustained damage. The passenger in the Waymo AV alleged a minor injury and was transported to a hospital in an ambulance.
Waymo is reporting this crash under Request No. 1 of Standing General Order 2021-01 because an individual involved was transported from the scene to a hospital for medical treatment and a vehicle involved was towed away. Waymo may supplement or correct its reporting with additional information as it may become available.", ,ADS,current,26669.5,Unknown,Unknown,Unknown,Unknown,Unknown,Unknown,Unknown,Unknown,Unknown,Unknown,Unknown,Unknown,Unknown,Unknown,Unknown,Unknown,Unknown,Unknown,Unknown,Unknown,Unknown,Unknown,Unknown,Unknown,Unknown,45.0,Unknown,Unknown,Unknown,Unknown,Unknown,Unknown,Unknown,Unknown,Unknown,,Unknown,,Unknown,,Unknown,1.0,0.0,1.0,0.0,1,1,1,1,0,0,0,0,1,0,0,0,0,0,0,0,0,0,0,0,0,0,0,0,1,0,0,0,0,0,0,0,0,0,0,0,0,0,0,0,0,0,0,0,0,0,0,0,0,0,0,0,1,1,1,1,1,1,1,1,1,1,1,1,1,1,1,1,1,1,1,1,1,1,1,1,1,1,1,1,1,1,1,1,1,1,1,1,1,1,1,0,0.3556551866509589
9a5142ef6a080a0,30270-11525,1,Waymo LLC,5-Day,7.0,2024.0,AUG-2025,SADHW2S10R1,Y,,JAGUAR, ,I-PACE, ,2024.0, ,c07483f5a991e23,Unknown,"5th Generation ADS, Version 10", ,ADS,Verified Engaged,Waymo LLC, , ,Y, , , , , , , , , ,AUG-2025, ,02:53, ,9a5142ef6a080a0,[MAY CONTAIN PERSONALLY IDENTIFIABLE INFORMATION], ,[MAY CONTAIN PERSONALLY IDENTIFIABLE INFORMATION], ,, ,Phoenix, ,AZ,Unknown, ,Street, , ,Y, , , , , ,Y, , , , , , , , , , ,Heavy Truck,Property Damage. No Injured Reported,Making Right Turn, , , , , , , ,Y, , , ,Stopped,"No Subject Vehicle, No Crash Partner","Yes Subject Vehicle, No Crash Partner",Subject Vehicle - No Passenger In Vehicle,0.0, , ,Y, , , , , , , , , , , ,Y, ,Y, , , ,Unknown, ,Yes, ,"On August [XXX], 2025 at 2:53 AM MT a Waymo Autonomous Vehicle (""Waymo AV"") operating in Phoenix, Arizona was in a collision involving a heavy truck at the entrance of a parking lot located at [XXX]. 
The Waymo AV was traveling eastbound on [XXX] in the right lane preparing for a right turn into a parking lot at [XXX], and a heavy truck was traveling eastbound in the left adjacent lane. As the vehicles were traveling side-by-side and approaching the parking lot entrance, the heavy truck activated its right turn signal and then the Waymo AV activated its right turn signal. As the heavy truck proceeded to make a right turn into the parking lot from the left lane and crossed into the Waymo AV's lane of travel, the Waymo AV slowed to a stop to yield to the heavy truck. The heavy truck continued to turn right into the parking lot and the right side of the heavy truck made contact with the left side of the stationary Waymo AV. At the time of the impact, the Waymo AV's Level 4 ADS was engaged in autonomous mode. The Waymo AV sustained damage.
Waymo is reporting this crash under Request No. 1 of Standing General Order 2021-01 because a vehicle involved was towed away. Waymo may supplement or correct its reporting with additional information as it may become available.", ,ADS,current,26669.5,Unknown,Unknown,Unknown,Unknown,Unknown,Unknown,Unknown,Unknown,Unknown,Unknown,Unknown,Unknown,Unknown,Unknown,Unknown,Unknown,Unknown,Unknown,Unknown,Unknown,Unknown,Unknown,Unknown,Unknown,Unknown,45.0,Unknown,Unknown,Unknown,Unknown,Unknown,Unknown,Unknown,Unknown,Unknown,,Unknown,,Unknown,,Unknown,0.0,0.0,1.0,0.0,1,1,1,1,0,0,0,0,1,0,0,0,0,0,0,0,0,0,0,0,0,0,0,0,1,0,0,0,0,0,0,0,0,0,0,0,0,0,0,0,0,0,0,0,0,0,0,0,0,0,1,0,1,1,1,1,1,1,1,1,1,1,1,1,1,1,1,1,1,1,1,1,1,1,1,1,1,1,1,1,1,1,1,1,1,1,1,1,1,1,1,0,0.24534274393239505
9b6219cb373795e,30270-13161,1,Waymo LLC,5-Day,7.0,2024.0,NOV-2025,SADHW2S13R1,Y,[MAY CONTAIN PERSONALLY IDENTIFIABLE INFORMATION],JAGUAR, ,I-PACE, ,2024.0, ,7e56cbe51085e9c,Unknown,"5th Generation ADS, Version 10", ,ADS,Verified Engaged,Waymo LLC, , ,Y, , , , , , , , , ,NOV-2025, ,00:02, ,9b6219cb373795e,[MAY CONTAIN PERSONALLY IDENTIFIABLE INFORMATION], ,[MAY CONTAIN PERSONALLY IDENTIFIABLE INFORMATION], ,[MAY CONTAIN PERSONALLY IDENTIFIABLE INFORMATION], ,Scottsdale, ,AZ,[MAY CONTAIN PERSONALLY IDENTIFIABLE INFORMATION], ,Street, , ,Y, , , , , ,Y, , , , , , , , , , ,Non-Motorist: Pedestrian,Moderate W/ Hospitalization,"Other, see Narrative",Unknown,Unknown,Unknown,Unknown,Unknown,Unknown,Unknown,Unknown,Unknown,Unknown,Unknown,Proceeding Straight,"No Subject Vehicle, No Crash Partner","No Subject Vehicle, No Crash Partner",Subject Vehicle - Not Belted - see Narrative,4.0, ,Y, , , , , , , , , , , , ,Y, ,Y, , , ,Scottsdale Police Department, ,Yes, ,"On November 19, 2025 at 12:02 AM MT a Waymo Autonomous Vehicle (""Waymo AV"") operating in Scottsdale, Arizona was in a collision involving a passenger of the Waymo AV on N. 92nd Street near E. Cochise Drive.
The Waymo AV was travelling northbound in the left lane of N. 92nd Street. While the AV was in  motion, the two passengers seated in the rear of the Waymo AV removed their seatbelts and opened the right rear passenger side door. The Waymo AV detected the opened door and began to slow in lane. While the Waymo AV was slowing to a stop, the passenger seated in the right rear passenger seat exited the vehicle through the open door, placed their feet on the ground, and the rear right tire of the Waymo AV came to a stop on top of the passenger's right foot. The Waymo AV remained stopped on top of the passenger's foot until emergency services arrived and lifted the right side of the vehicle. At the time of the impact, the Waymo AV's Level 4 ADS was engaged in autonomous mode. The passenger of the Waymo AV was transported from the scene to a hospital for medical treatment with moderate injuries to the foot.

Waymo is reporting this crash under Request No. 1 of Standing General Order 2021-01 because an individual involved was transported from the scene to a hospital for medical treatment and a vulnerable road user was struck by an involved vehicle. Waymo may supplement or correct its reporting with additional information as it may become available.", ,ADS,current,26669.5,Unknown,Unknown,Unknown,Unknown,Unknown,Unknown,Unknown,Unknown,Unknown,Unknown,Unknown,Unknown,Unknown,Unknown,Unknown,Unknown,Unknown,Unknown,Unknown,Unknown,Unknown,Unknown,Unknown,Unknown,Unknown,45.0,Unknown,Unknown,Unknown,Unknown,Unknown,Unknown,Unknown,Unknown,Unknown,,Unknown,,Unknown,,Unknown,2.0,0.0,0.0,1.0,1,1,1,1,0,0,0,0,1,0,0,0,0,0,0,0,0,0,0,0,0,0,0,0,0,0,0,0,0,0,0,0,0,0,0,0,0,0,1,1,1,1,1,1,1,1,1,1,1,0,0,0,1,1,1,1,1,1,1,1,1,1,1,1,1,1,1,1,1,1,1,1,1,1,1,1,1,1,1,1,1,1,1,1,1,1,1,1,1,1,1,0,0.05664887061588228
9c948a2c8983a42,30270-13552,1,Waymo LLC,5-Day,7.0,2024.0,JAN-2026,SADHW2S12R1,Y,[MAY CONTAIN PERSONALLY IDENTIFIABLE INFORMATION],JAGUAR, ,I-PACE, ,2024.0, ,d839170fc8b2e10,Unknown,"5th Generation ADS, Version 10", ,ADS,Verified Engaged,Waymo LLC, , ,Y, , , , , , , , , ,JAN-2026, ,05:23, ,9c948a2c8983a42,[MAY CONTAIN PERSONALLY IDENTIFIABLE INFORMATION], ,[MAY CONTAIN PERSONALLY IDENTIFIABLE INFORMATION], ,[MAY CONTAIN PERSONALLY IDENTIFIABLE INFORMATION], ,Austin, ,TX,[MAY CONTAIN PERSONALLY IDENTIFIABLE INFORMATION], ,Street, , ,Y, , , , , ,Y, , , , , , , , , , ,"Other, see Narrative",Property Damage. No Injured Reported,"Other, see Narrative", , , , , , , , , , ,Y,Proceeding Straight,"No Subject Vehicle, No Crash Partner","Yes Subject Vehicle, No Crash Partner",Subject Vehicle - No Passenger In Vehicle,20.0, , , , , , , , , , ,Y, , , ,Y, ,Y, , , ,Unknown, ,Yes, ,"On January 4, 2026 at 5:23 AM CT a Waymo Autonomous Vehicle (""Waymo AV"") operating in Austin, Texas was in a collision involving a speed bump on S. I-35 Frontage Road near E. 51st Street.
The Waymo AV was traveling in the right lane on S. I-35 Frontage Road when the underside of the Waymo AV made contact with a speed bump across S. I-35 Frontage Road, near the intersection with E. 51st Street. At the time of the impact, the Waymo AV's Level 4 ADS was engaged in autonomous mode. The Waymo AV sustained damage.

Waymo is reporting this crash under Request No. 1 of Standing General Order 2021-01 because a vehicle involved was towed away. Waymo may supplement or correct its reporting with additional information as it may become available.", ,ADS,current,26669.5,Unknown,Unknown,Unknown,Unknown,Unknown,Unknown,Unknown,Unknown,Unknown,Unknown,Unknown,Unknown,Unknown,Unknown,Unknown,Unknown,Unknown,Unknown,Unknown,Unknown,Unknown,Unknown,Unknown,Unknown,Unknown,45.0,Unknown,Unknown,Unknown,Unknown,Unknown,Unknown,Unknown,Unknown,Unknown,,Unknown,,Unknown,,Unknown,0.0,0.0,1.0,0.0,1,1,1,1,0,0,0,0,1,0,0,0,0,0,0,0,0,0,0,0,0,0,0,0,0,0,0,0,0,0,0,0,0,0,0,0,0,0,0,0,0,0,0,0,0,0,0,0,0,0,1,0,1,1,1,1,1,1,1,1,1,1,1,1,1,1,1,1,1,1,1,1,1,1,1,1,1,1,1,1,1,1,1,1,1,1,1,1,1,1,1,0,0.3014856964012477
9d0e4e083bc2745,30270-11762,1,Waymo LLC,5-Day,7.0,2024.0,SEP-2025,SADHW2S11R1,Y,,JAGUAR, ,I-PACE, ,2024.0, ,914f5e1aba32b51,Unknown,"5th Generation ADS, Version 10", ,ADS,Verified Engaged,Waymo LLC, , ,Y, , , , , , , , , ,SEP-2025, ,12:12, ,9d0e4e083bc2745,[MAY CONTAIN PERSONALLY IDENTIFIABLE INFORMATION], ,[MAY CONTAIN PERSONALLY IDENTIFIABLE INFORMATION], ,[MAY CONTAIN PERSONALLY IDENTIFIABLE INFORMATION], ,Inglewood, ,CA,[MAY CONTAIN PERSONALLY IDENTIFIABLE INFORMATION], ,Intersection, , ,Y, , , , , ,Y, , , , , , , , , , ,Passenger Car,Property Damage. No Injured Reported,Changing Lanes, , , , , , , ,Y, , , ,Making Left Turn,"No Subject Vehicle, No Crash Partner","Yes Subject Vehicle, No Crash Partner",Subject Vehicle - No Passenger In Vehicle,29.0, , , , , , ,Y, , , , , , , ,Y, ,Y, , , ,Inglewood Police Department, ,Yes, ,"On September 21, 2025 at 12:12 PM PT a Waymo Autonomous Vehicle (""Waymo AV"") operating in Inglewood, California was in a collision involving a passenger car on La Brea Avenue at S. Market Street. 
The Waymo AV was traveling northbound on La Brea Avenue in the second to the left designated left turn lane and turning left to continue on La Brea Avenue. While the Waymo AV was completing the left turn, a passenger car that was also turning left in the adjacent leftmost designated left turn lane began to change lanes while in the intersection by crossing the dotted white lane line and entering the Waymo AV's lane of travel. The right side of the passenger car made contact with the front left side of the Waymo AV. At the time of the impact, the Waymo AV's Level 4 ADS was engaged in autonomous mode. Both vehicles sustained damage.

Waymo is reporting this crash under Request No. 1 of Standing General Order 2021-01 because a vehicle involved was towed away. Waymo may supplement or correct its reporting with additional information as it may become available.", ,ADS,current,26669.5,Unknown,Unknown,Unknown,Unknown,Unknown,Unknown,Unknown,Unknown,Unknown,Unknown,Unknown,Unknown,Unknown,Unknown,Unknown,Unknown,Unknown,Unknown,Unknown,Unknown,Unknown,Unknown,Unknown,Unknown,Unknown,45.0,Unknown,Unknown,Unknown,Unknown,Unknown,Unknown,Unknown,Unknown,Unknown,,Unknown,,Unknown,,Unknown,0.0,0.0,1.0,0.0,1,1,1,1,0,0,0,0,1,0,0,0,0,0,0,0,0,0,0,0,0,0,0,0,0,0,0,0,0,0,0,0,0,0,0,0,0,0,0,0,0,0,0,0,0,0,0,0,0,0,0,0,1,1,1,1,1,1,1,1,1,1,1,1,1,1,1,1,1,1,1,1,1,1,1,1,1,1,1,1,1,1,1,1,1,1,1,1,1,1,1,0,0.3384754069543637
9dd973452a78df1,30270-13467,1,Waymo LLC,5-Day,7.0,2024.0,DEC-2025,SADHW2S18R1,Y,[MAY CONTAIN PERSONALLY IDENTIFIABLE INFORMATION],JAGUAR, ,I-PACE, ,2024.0, ,1a775515c7d2801,Unknown,"5th Generation ADS, Version 10", ,ADS,Verified Engaged,Waymo LLC, , ,Y, , , , , , , , , ,DEC-2025, ,13:58, ,9dd973452a78df1,[MAY CONTAIN PERSONALLY IDENTIFIABLE INFORMATION], ,[MAY CONTAIN PERSONALLY IDENTIFIABLE INFORMATION], ,[MAY CONTAIN PERSONALLY IDENTIFIABLE INFORMATION], ,Tempe, ,AZ,[MAY CONTAIN PERSONALLY IDENTIFIABLE INFORMATION], ,Parking Lot, , ,Y, , , , , , , , ,Y, , , , , , , ,"Other, see Narrative",Property Damage. No Injured Reported,"Other, see Narrative", , , , , , , , , , ,Y,Proceeding Straight,"No Subject Vehicle, No Crash Partner","Yes Subject Vehicle, No Crash Partner",Subject Vehicle - All Belted,9.0, , , , , , , , , , ,Y, , , ,Y, ,Y, , , ,Unknown, ,Yes, ,"On December 22, 2025 at 1:58 PM MT a Waymo Autonomous Vehicle (""Waymo AV"") operating in Tempe, Arizona was in a collision involving a speed bump in a parking lot at 1843 E. Southern Avenue. 
The Waymo AV was traveling eastbound in the parking lot at 1843 E. Southern Avenue at a low rate of speed and crossed from one section of the parking lot to another when the undercarriage of the Waymo AV made contact with the pavement at a location where the elevation of the pavement changed. At the time of the impact, the Waymo AV's Level 4 ADS was engaged in autonomous mode. The Waymo AV sustained damage. 

Waymo is reporting this crash under Request No. 1 of Standing General Order 2021-01 because a vehicle involved was towed away. Waymo may supplement or correct its reporting with additional information as it may become available.", ,ADS,current,26669.5,Unknown,Unknown,Unknown,Unknown,Unknown,Unknown,Unknown,Unknown,Unknown,Unknown,Unknown,Unknown,Unknown,Unknown,Unknown,Unknown,Unknown,Unknown,Unknown,Unknown,Unknown,Unknown,Unknown,Unknown,Unknown,45.0,Unknown,Unknown,Unknown,Unknown,Unknown,Unknown,Unknown,Unknown,Unknown,,Unknown,,Unknown,,Unknown,0.0,0.0,1.0,0.0,1,1,1,1,0,0,0,0,1,0,0,0,0,0,0,0,0,0,0,0,0,0,0,0,0,0,0,0,0,0,0,0,0,0,0,0,0,0,0,0,0,0,0,0,0,0,0,0,0,0,1,0,1,1,1,1,1,1,1,1,1,1,1,1,1,1,1,1,1,1,1,1,1,1,1,1,1,1,1,1,1,1,1,1,1,1,1,1,1,1,1,0,0.15461856280174194
9e214c49cbfb0e9,30270-13495,1,Waymo LLC,5-Day,7.0,2024.0,JAN-2026,SADHW2S14R1,Y,[MAY CONTAIN PERSONALLY IDENTIFIABLE INFORMATION],JAGUAR, ,I-PACE, ,2024.0, ,1ec1e1fbdc53e3e,Unknown,"5th Generation ADS, Version 10", ,ADS,Verified Engaged,Waymo LLC, , ,Y, , , , , , , , , ,DEC-2025, ,01:41, ,9e214c49cbfb0e9,[MAY CONTAIN PERSONALLY IDENTIFIABLE INFORMATION], ,[MAY CONTAIN PERSONALLY IDENTIFIABLE INFORMATION], ,[MAY CONTAIN PERSONALLY IDENTIFIABLE INFORMATION], ,San Francisco, ,CA,[MAY CONTAIN PERSONALLY IDENTIFIABLE INFORMATION], ,Street, , ,Y, , , , , ,Y, , , , , , , , , , ,SUV,Minor W/ Hospitalization,Proceeding Straight, , , , , , , , ,Y, , ,Stopped,"No Subject Vehicle, No Crash Partner","Yes Subject Vehicle, No Crash Partner",Subject Vehicle - All Belted,0.0, , , , , , , ,Y, , , , , , ,Y, ,Y, , , ,San Francisco Police Department, ,Yes, ,"On December 29, 2025 at 1:41 PM PT a Waymo Autonomous Vehicle (""Waymo AV"") operating in San Francisco, California was in a collision involving an SUV on Mission Street near 7th Street.
The Waymo AV was stopped facing northeast on Mission Street in a queue of traffic for a red light at the intersection with 7th Street. While the Waymo AV was stopped, an SUV traveling northeastbound on Mission Street approached the Waymo AV from behind, and the front of the SUV made contact with the rear of the Waymo AV. At the time of the impact, the Waymo AV's Level 4 ADS was engaged in autonomous mode. Both vehicles sustained damage. The passenger of the Waymo AV was transported to a hospital by an ambulance with minor injuries.

Waymo is reporting this crash under Request No. 1 of Standing General Order 2021-01 because an individual involved was transported from the scene to a hospital for medical treatment. Waymo may supplement or correct its reporting with additional information as it may become available.", ,ADS,current,26669.5,Unknown,Unknown,Unknown,Unknown,Unknown,Unknown,Unknown,Unknown,Unknown,Unknown,Unknown,Unknown,Unknown,Unknown,Unknown,Unknown,Unknown,Unknown,Unknown,Unknown,Unknown,Unknown,Unknown,Unknown,Unknown,45.0,Unknown,Unknown,Unknown,Unknown,Unknown,Unknown,Unknown,Unknown,Unknown,,Unknown,,Unknown,,Unknown,1.0,0.0,1.0,0.0,1,1,1,1,0,0,0,0,1,0,0,0,0,0,0,0,0,0,0,0,0,0,0,0,0,0,0,0,0,0,0,0,0,0,0,0,0,0,0,0,0,0,0,0,0,0,0,0,0,0,0,0,1,1,1,1,1,1,1,1,1,1,1,1,1,1,1,1,1,1,1,1,1,1,1,1,1,1,1,1,1,1,1,1,1,1,1,1,1,1,1,0,0.16094455026027885
a09154619b800d7,30270-13506,1,Waymo LLC,5-Day,7.0,2024.0,DEC-2025,SADHW2S11R1,Y,[MAY CONTAIN PERSONALLY IDENTIFIABLE INFORMATION],JAGUAR, ,I-PACE, ,2024.0, ,4205f9b963a07dc,Unknown,"5th Generation ADS, Version 10", ,ADS,Verified Engaged,Waymo LLC, , ,Y, , , , , , , , , ,DEC-2025, ,04:09, ,a09154619b800d7,[MAY CONTAIN PERSONALLY IDENTIFIABLE INFORMATION], ,[MAY CONTAIN PERSONALLY IDENTIFIABLE INFORMATION], ,[MAY CONTAIN PERSONALLY IDENTIFIABLE INFORMATION], ,Atlanta, ,GA,[MAY CONTAIN PERSONALLY IDENTIFIABLE INFORMATION], ,Intersection, , ,Y, , , , , ,Y, , , , , , , , , , ,"Other, see Narrative",Property Damage. No Injured Reported,"Other, see Narrative", , , , , , , , , , ,Y,Proceeding Straight,"No Subject Vehicle, No Crash Partner","Yes Subject Vehicle, No Crash Partner",Subject Vehicle - All Belted,25.0, , , , , , ,Y, , , , , , , ,Y, ,Y, , , ,Atlanta Police Department, ,Yes, ,"On December 27, 2025 at 4:09 AM ET a Waymo Autonomous Vehicle (""Waymo AV"") operating in Atlanta, Georgia was in a collision involving debris on Roxboro Road at Lenox Park Boulevard NE.
The Waymo AV was traveling northwestbound on Roxboro Road in the the left lane proceeding through the intersection with Lenox Park Boulevard NE when the front left side tire of the Waymo AV made contact with a piece of debris in the roadway. At the time of the impact, the Waymo AV's Level 4 ADS was engaged in autonomous mode. The Waymo AV sustained damage.

Waymo is reporting this crash under Request No. 1 of Standing General Order 2021-01 because a vehicle involved was towed away. Waymo may supplement or correct its reporting with additional information as it may become available.", ,ADS,current,26669.5,Unknown,Unknown,Unknown,Unknown,Unknown,Unknown,Unknown,Unknown,Unknown,Unknown,Unknown,Unknown,Unknown,Unknown,Unknown,Unknown,Unknown,Unknown,Unknown,Unknown,Unknown,Unknown,Unknown,Unknown,Unknown,45.0,Unknown,Unknown,Unknown,Unknown,Unknown,Unknown,Unknown,Unknown,Unknown,,Unknown,,Unknown,,Unknown,0.0,0.0,1.0,0.0,1,1,1,1,0,0,0,0,1,0,0,0,0,0,0,0,0,0,0,0,0,0,0,0,0,0,0,0,0,0,0,0,0,0,0,0,0,0,0,0,0,0,0,0,0,0,0,0,0,0,0,0,1,1,1,1,1,1,1,1,1,1,1,1,1,1,1,1,1,1,1,1,1,1,1,1,1,1,1,1,1,1,1,1,1,1,1,1,1,1,1,0,0.3541493908472424
a2201a001fcc54d,30270-11905,1,Waymo LLC,5-Day,7.0,2024.0,OCT-2025,SADHW2S12R1,Y,,JAGUAR, ,I-PACE, ,2024.0, ,3ce0e4d09f01ed3,Unknown,"5th Generation ADS, Version 10", ,ADS,Verified Engaged,Waymo LLC, , ,Y, , , , , , , , , ,OCT-2025, ,18:56, ,a2201a001fcc54d,[MAY CONTAIN PERSONALLY IDENTIFIABLE INFORMATION], ,[MAY CONTAIN PERSONALLY IDENTIFIABLE INFORMATION], ,[MAY CONTAIN PERSONALLY IDENTIFIABLE INFORMATION], ,Phoenix, ,AZ,[MAY CONTAIN PERSONALLY IDENTIFIABLE INFORMATION], ,Parking Lot, , ,Y, , , , , ,Y, , , , , , , , , , ,Heavy Truck,Property Damage. No Injured Reported,Making Right Turn, , , , , , , ,Y, , , ,Stopped,"No Subject Vehicle, No Crash Partner","Yes Subject Vehicle, No Crash Partner",Subject Vehicle - No Passenger In Vehicle,0.0, , , , , , ,Y, , , , , , , ,Y, ,Y, , , ,Unknown, ,Yes, ,"On October 15, 2025 at 6:56 PM MT a Waymo Autonomous Vehicle (""Waymo AV"") operating in Phoenix, Arizona was in a collision involving a heavy truck in a parking lot at 291 E. Buckeye Road. 
The Waymo AV was traveling east in a parking lot located at 291 E. Buckeye Road when it approached a stopped heavy truck and trailer that was positioned facing north in the left-hand side of the parking lot exit lane. The Waymo AV made a left turn in the parking lot and came to a stop facing north alongside the heavy truck in the right-hand side of the parking lot exit lane when the semi tractor-trailer initiated a right turn onto eastbound E. Buckeye Road from the entrance lane of the parking lot driveway. The right side of the trailer made contact with the front left side of the stationary Waymo AV. At the time of the impact, the Waymo AV's Level 4 ADS was engaged in autonomous mode. The Waymo AV sustained damage.

Waymo is reporting this crash under Request No. 1 of Standing General Order 2021-01. because a vehicle involved was towed away. Waymo may supplement or correct its reporting with additional information as it may become available. Waymo may supplement or correct its reporting with additional information as it may become available.", ,ADS,current,26669.5,Unknown,Unknown,Unknown,Unknown,Unknown,Unknown,Unknown,Unknown,Unknown,Unknown,Unknown,Unknown,Unknown,Unknown,Unknown,Unknown,Unknown,Unknown,Unknown,Unknown,Unknown,Unknown,Unknown,Unknown,Unknown,45.0,Unknown,Unknown,Unknown,Unknown,Unknown,Unknown,Unknown,Unknown,Unknown,,Unknown,,Unknown,,Unknown,0.0,0.0,1.0,0.0,1,1,1,1,0,0,0,0,1,0,0,0,0,0,0,0,0,0,0,0,0,0,0,0,0,0,0,0,0,0,0,0,0,0,0,0,0,0,0,0,0,0,0,0,0,0,0,0,0,0,1,0,1,1,1,1,1,1,1,1,1,1,1,1,1,1,1,1,1,1,1,1,1,1,1,1,1,1,1,1,1,1,1,1,1,1,1,1,1,1,1,0,0.2895914862748434
a2882bceb064a6a,30270-11608,1,Waymo LLC,5-Day,7.0,2024.0,SEP-2025,SADHW2S13R1,Y,,JAGUAR, ,I-PACE, ,2024.0, ,c4fc77e83c66a79,Unknown,"5th Generation ADS, Version 10", ,ADS,Verified Engaged,Waymo LLC, , ,Y, , , , , , , , , ,SEP-2025, ,01:57, ,a2882bceb064a6a,[MAY CONTAIN PERSONALLY IDENTIFIABLE INFORMATION], ,[MAY CONTAIN PERSONALLY IDENTIFIABLE INFORMATION], ,, ,Culver City, ,CA,Unknown, ,Street, , ,Y, , , , , ,Y, , , , , , , , , , ,Pickup Truck,Property Damage. No Injured Reported,Parked, ,Y, , , , , , , , , ,Proceeding Straight,"No Subject Vehicle, No Crash Partner","Yes Subject Vehicle, No Crash Partner",Subject Vehicle - No Passenger In Vehicle,2.0, , , , , , , , ,Y, , , , , ,Y, ,Y, , , ,Culver City Police Department, ,Yes, ,"On September [XXX], 2025 at 1:57 AM PT a Waymo Autonomous Vehicle (""Waymo AV"") operating in Culver City, California was in a collision involving a flatbed pickup truck on [XXX] near [XXX]. 
The Waymo AV was parked at the curb facing west on [XXX] and a flatbed pickup truck was parked in front of the Waymo AV. The Waymo AV proceeded to maneuver forward and to the left to exit its parking spot, and the front right side of the Waymo AV made contact with the left rear side of the flatbed of the truck. At the time of the impact, the Waymo AV's Level 4 ADS was engaged in autonomous mode. The Waymo AV sustained damage.
Waymo is reporting this crash under Request No. 1 of Standing General Order 2021-01 because a vehicle involved was towed away. Waymo may supplement or correct its reporting with additional information as it may become available.", ,ADS,current,26669.5,Unknown,Unknown,Unknown,Unknown,Unknown,Unknown,Unknown,Unknown,Unknown,Unknown,Unknown,Unknown,Unknown,Unknown,Unknown,Unknown,Unknown,Unknown,Unknown,Unknown,Unknown,Unknown,Unknown,Unknown,Unknown,45.0,Unknown,Unknown,Unknown,Unknown,Unknown,Unknown,Unknown,Unknown,Unknown,,Unknown,,Unknown,,Unknown,0.0,0.0,1.0,0.0,1,1,1,1,0,0,0,0,1,0,0,0,0,0,0,0,0,0,0,0,0,0,0,0,1,0,0,0,0,0,0,0,0,0,0,0,0,0,0,0,0,0,0,0,0,0,0,0,0,0,0,0,1,1,1,1,1,1,1,1,1,1,1,1,1,1,1,1,1,1,1,1,1,1,1,1,1,1,1,1,1,1,1,1,1,1,1,1,1,1,1,0,0.292605241428762
a7d9250aa69b874,30270-13509,1,Waymo LLC,5-Day,7.0,2024.0,DEC-2025,SADHW2S17R1,Y,[MAY CONTAIN PERSONALLY IDENTIFIABLE INFORMATION],JAGUAR, ,I-PACE, ,2024.0, ,8e517baefc043c1,Unknown,"5th Generation ADS, Version 10", ,ADS,Verified Engaged,Waymo LLC, , ,Y, , , , , , , , , ,DEC-2025, ,04:08, ,a7d9250aa69b874,[MAY CONTAIN PERSONALLY IDENTIFIABLE INFORMATION], ,[MAY CONTAIN PERSONALLY IDENTIFIABLE INFORMATION], ,[MAY CONTAIN PERSONALLY IDENTIFIABLE INFORMATION], ,San Francisco, ,CA,[MAY CONTAIN PERSONALLY IDENTIFIABLE INFORMATION], ,Street, , ,Y, , , , , , , , , , ,Y, , , , , ,Other Fixed Object,Property Damage. No Injured Reported,Unknown,Unknown,Unknown,Unknown,Unknown,Unknown,Unknown,Unknown,Unknown,Unknown,Unknown,Unknown,Proceeding Straight,"No Subject Vehicle, Unknown Crash Partner","Yes Subject Vehicle, Unknown Crash Partner",Subject Vehicle - No Passenger In Vehicle,18.0, , , , , , , , , ,Y, , , , ,Y, ,Y, , , ,Unknown, ,Yes, ,"On December 25, 2025 at 4:08 AM PT a Waymo Autonomous Vehicle (""Waymo AV"") operating in San Francisco, California was in a collision involving a fallen utility line on 23rd Street near Rhode Island Street.
The Waymo AV was traveling eastbound on 23rd Street when the front of the Waymo AV made contact with a fallen utility line hanging in the travel lane. At the time of the impact, the Waymo AV's Level 4 ADS was engaged in autonomous mode. The utility line sustained damage.

Waymo is reporting this crash under Request No. 1 of Standing General Order 2021-01 because a vehicle involved was towed away. Waymo may supplement or correct its reporting with additional information as it may become available.", ,ADS,current,26669.5,Unknown,Unknown,Unknown,Unknown,Unknown,Unknown,Unknown,Unknown,Unknown,Unknown,Unknown,Unknown,Unknown,Unknown,Unknown,Unknown,Unknown,Unknown,Unknown,Unknown,Unknown,Unknown,Unknown,Unknown,Unknown,45.0,Unknown,Unknown,Unknown,Unknown,Unknown,Unknown,Unknown,Unknown,Unknown,,Unknown,,Unknown,,Unknown,0.0,0.0,1.0,0.0,1,1,1,1,0,0,0,0,1,0,0,0,0,0,0,0,0,0,0,0,0,0,0,0,0,0,0,0,0,0,0,0,0,0,0,0,0,1,1,1,1,1,1,1,1,1,1,1,1,0,1,0,1,1,1,1,1,1,1,1,1,1,1,1,1,1,1,1,1,1,1,1,1,1,1,1,1,1,1,1,1,1,1,1,1,1,1,1,1,1,1,0,0.4069884607958469
a9b16cb791cd38b,30270-13586,1,Waymo LLC,5-Day,7.0,2024.0,JAN-2026,SADHW2S19R1,Y,[MAY CONTAIN PERSONALLY IDENTIFIABLE INFORMATION],JAGUAR, ,I-PACE, ,2024.0, ,16fe32d5f7a7853,Unknown,"5th Generation ADS, Version 10", ,ADS,Verified Engaged,Waymo LLC, , ,Y, , , , , , , , , ,JAN-2026, ,01:05, ,a9b16cb791cd38b,[MAY CONTAIN PERSONALLY IDENTIFIABLE INFORMATION], ,[MAY CONTAIN PERSONALLY IDENTIFIABLE INFORMATION], ,[MAY CONTAIN PERSONALLY IDENTIFIABLE INFORMATION], ,San Francisco, ,CA,[MAY CONTAIN PERSONALLY IDENTIFIABLE INFORMATION], ,Intersection, , ,Y, , , , , ,Y, , , , , , , , , , ,Passenger Car,Property Damage. No Injured Reported,Entering Traffic, , , , , , , , ,Y, , ,Proceeding Straight,"Yes Subject Vehicle, Yes Crash Partner","Yes Subject Vehicle, Yes Crash Partner",Subject Vehicle - No Passenger In Vehicle,17.0, , ,Y, , , , , , , , , , , ,Y, ,Y, , , ,San Francisco Police Department, ,Yes, ,"On January 9, 2026 at 1:05 AM PT a Waymo Autonomous Vehicle (""Waymo AV"") operating in San Francisco, California was in a collision involving a passenger car on France Avenue at Vienna Street.
The Waymo AV was traveling southeastbound on France Avenue and proceeding straight through the intersection with Vienna Street when a passenger car traveling southwestbound on Vienna Street at a high rate of speed entered the intersection without stopping at the stop sign at Vienna Street. The Waymo AV maneuvered to the right to avoid the incoming passenger car as the passenger car proceeded forward, and the front of the passenger car made contact with the left side of the Waymo AV. At the time of the impact, the Waymo AV's Level 4 ADS was engaged in autonomous mode. Both vehicles sustained damage.

Waymo is reporting this crash under Request No. 1 of Standing General Order 2021-01 because a vehicle involved was towed away. Waymo may supplement or correct its reporting with additional information as it may become available.", ,ADS,current,26669.5,Unknown,Unknown,Unknown,Unknown,Unknown,Unknown,Unknown,Unknown,Unknown,Unknown,Unknown,Unknown,Unknown,Unknown,Unknown,Unknown,Unknown,Unknown,Unknown,Unknown,Unknown,Unknown,Unknown,Unknown,Unknown,45.0,Unknown,Unknown,Unknown,Unknown,Unknown,Unknown,Unknown,Unknown,Unknown,,Unknown,,Unknown,,Unknown,0.0,1.0,1.0,0.0,1,1,1,1,0,0,0,0,1,0,0,0,0,0,0,0,0,0,0,0,0,0,0,0,0,0,0,0,0,0,0,0,0,0,0,0,0,0,0,0,0,0,0,0,0,0,0,0,0,0,0,0,1,1,1,1,1,1,1,1,1,1,1,1,1,1,1,1,1,1,1,1,1,1,1,1,1,1,1,1,1,1,1,1,1,1,1,1,1,1,1,0,0.2167054694111792
a9bac9237d264b6,30610-11856,1,"Zoox, Inc.",5-Day,7.0,2024.0,OCT-2025,7Z00XVHX5RC,Y,,ZOOX, ,Zoox, ,2024.0, ,fba2e351666c5ef,Unknown,B429.25.10.03, ,ADS,Verified Engaged,Zoox, , , , ,Y,Y, , , , , , ,OCT-2025, ,12:59, ,a9bac9237d264b6,[MAY CONTAIN PERSONALLY IDENTIFIABLE INFORMATION], ,[MAY CONTAIN PERSONALLY IDENTIFIABLE INFORMATION], ,[MAY CONTAIN PERSONALLY IDENTIFIABLE INFORMATION], ,Las Vegas, ,NV,[MAY CONTAIN PERSONALLY IDENTIFIABLE INFORMATION], ,Street, , ,Y, , , , , ,Y, , , , , , , , , , ,Heavy Truck,Property Damage. No Injured Reported,Backing, , , ,Y, , ,Y, , , , ,Stopped,"No Subject Vehicle, No Crash Partner","Yes Subject Vehicle, No Crash Partner",Subject Vehicle - No Passenger In Vehicle,0.0, , , ,Y, , , , , ,Y, , , , ,Y, ,Y, , , ,Unknown, ,Yes, ,"An unoccupied Zoox autonomous vehicle was traveling north in the right lane on Frank Sinatra Drive, towards Jay Sarno Way, in Las Vegas, when it encountered a slowing tractor-trailer (Vehicle 2) ahead in its lane, also traveling in the same direction. As the Zoox vehicle gradually slowed to a stop, the operator of Vehicle 2 began to reverse. The Zoox vehicle honked at Vehicle 2, but Vehicle 2 continued to reverse and made contact at low speed with the right front fender and bumper of the Zoox vehicle. The Zoox vehicle was towed from the scene for inspection and was found to have sustained minor damage. There were no reported injuries, and the police were not called.", ,ADS,current,26669.5,Unknown,Unknown,Unknown,Unknown,Unknown,Unknown,Unknown,Unknown,Unknown,Unknown,Unknown,Unknown,Unknown,Unknown,Unknown,Unknown,Unknown,Unknown,Unknown,Unknown,Unknown,Unknown,Unknown,Unknown,Unknown,45.0,Unknown,Unknown,Unknown,Unknown,Unknown,Unknown,Unknown,Unknown,Unknown,,Unknown,,Unknown,,Unknown,0.0,0.0,1.0,0.0,1,1,1,1,0,0,0,0,1,0,0,0,0,0,0,0,0,0,0,0,0,0,0,0,0,0,0,0,0,0,0,0,0,0,0,0,0,0,0,0,0,0,0,0,0,0,0,0,0,0,1,0,1,1,1,1,1,1,1,1,1,1,1,1,1,1,1,1,1,1,1,1,1,1,1,1,1,1,1,1,1,1,1,1,1,1,1,1,1,1,1,0,0.12715713074804638
aa35430cd9d3cba,30610-11990,1,"Zoox, Inc.",5-Day,7.0,2024.0,OCT-2025,5TDDGRFH2KS,Y,,TOYOTA, ,Highlander, ,2019.0, ,9389a1e18a9a30d,In-Vehicle (Commercial / Test),257.25.10.19, ,ADS,Verified Engaged,Zoox, , , , ,Y,Y, , , , , , ,OCT-2025, ,8:18, ,aa35430cd9d3cba,[MAY CONTAIN PERSONALLY IDENTIFIABLE INFORMATION], ,[MAY CONTAIN PERSONALLY IDENTIFIABLE INFORMATION], ,[MAY CONTAIN PERSONALLY IDENTIFIABLE INFORMATION], ,Las Vegas, ,NV,[MAY CONTAIN PERSONALLY IDENTIFIABLE INFORMATION], ,Street, , ,Y, , , , , ,Y, , , , , , , , , , ,SUV,Property Damage. No Injured Reported,Changing Lanes, , , , , , , ,Y, , , ,Proceeding Straight,"No Subject Vehicle, No Crash Partner","Yes Subject Vehicle, No Crash Partner",Subject Vehicle - All Belted,14.0, , , , , , ,Y, , , , , , , ,Y, ,Y, , , ,Unknown, ,Yes, ,"A Zoox vehicle (Vehicle 1)  in autonomous mode was traveling east towards the Passenger Pick-up area in Terminal 3 of Harry Reid International Airport in Las Vegas. An SUV (Vehicle 2), traveling behind in the left adjacent lane, abruptly attempted to overtake and cut in front of the Zoox vehicle in an apparent attempt to change lanes to the right towards Terminal 3 Departures. The Zoox vehicle braked hard in response to the encroaching vehicle, and the operator then disengaged from autonomy and continued to brake, but contact could not be avoided. The right rear side of Vehicle 2 swiped the left front area of the Zoox vehicle. Both operators stopped after the collision and exchanged information. Both vehicles sustained moderate damage, and the Zoox vehicle was subsequently towed from the scene. There were no reported injuries, and police were not called.", ,ADS,current,26669.5,Unknown,Unknown,Unknown,Unknown,Unknown,Unknown,Unknown,Unknown,Unknown,Unknown,Unknown,Unknown,Unknown,Unknown,Unknown,Unknown,Unknown,Unknown,Unknown,Unknown,Unknown,Unknown,Unknown,Unknown,Unknown,45.0,Unknown,Unknown,Unknown,Unknown,Unknown,Unknown,Unknown,Unknown,Unknown,,Unknown,,Unknown,,Unknown,0.0,0.0,1.0,0.0,1,1,1,1,0,0,0,0,0,0,0,0,0,0,0,0,0,0,0,0,0,0,0,0,0,0,0,0,0,0,0,0,0,0,0,0,0,0,0,0,0,0,0,0,0,0,0,0,0,0,1,0,1,1,1,1,1,1,1,1,1,1,1,1,1,1,1,1,1,1,1,1,1,1,1,1,1,1,1,1,1,1,1,1,1,1,1,1,1,1,1,0,0.21554498971879532
aab26e79fd9b574,30270-11952,1,Waymo LLC,5-Day,7.0,2024.0,OCT-2025,L6TZB1G16SU,Y,,ZEEKR, ,RT, ,2025.0, ,596830ce4696a3b,In-Vehicle (Commercial / Test),"6th Generation ADS, Version 10", ,ADS,Verified Not Engaged,Waymo LLC, , ,Y, , , , , , , , , ,OCT-2025, ,23:33, ,aab26e79fd9b574,[MAY CONTAIN PERSONALLY IDENTIFIABLE INFORMATION], ,[MAY CONTAIN PERSONALLY IDENTIFIABLE INFORMATION], ,[MAY CONTAIN PERSONALLY IDENTIFIABLE INFORMATION], ,Los Angeles, ,CA,[MAY CONTAIN PERSONALLY IDENTIFIABLE INFORMATION], ,Street, , ,Y, , , , , ,Y, , , , , , , , , , ,Passenger Car,Property Damage. No Injured Reported,Parked, , , , , , , , ,Y, , ,Backing,"No Subject Vehicle, No Crash Partner","Yes Subject Vehicle, No Crash Partner",Subject Vehicle - All Belted,1.0, , , , , , , ,Y, , , , , , ,Y, ,Y, , , ,Unknown, ,Yes, ,"On October 17, 2025 at 11:33 PM PT a Waymo Autonomous Vehicle (""Waymo AV"") operating in Los Angeles, California was in a collision involving a passenger car on Rolland Curtis Place near Normandie Avenue.
The Waymo AV was traveling eastbound on Rolland Curtis Place in autonomous mode and came to a stop to stage a maneuver towards the curb and to yield to a passenger car traveling westbound on Rolland Curtis Place. After the passenger car passed the Waymo AV, the Waymo AV proceeded forward, came to a stop, and then reversed into a vacant space at the curb in between two parked passenger cars. The Waymo AV came to a stop at the curb. The test driver of the Waymo AV then transitioned to manual mode and reversed, and the rear of the Waymo AV made contact with the front of the passenger car that was parked behind the Waymo AV. At the time of the impact, the Waymo AV's Level 4 ADS was not engaged and a test driver was operating the Waymo AV in manual mode. Both vehicles sustained damage.

Waymo is reporting this crash under Request No. 1 of Standing General Order 2021-01 because a vehicle involved was towed away. Waymo may supplement or correct its reporting with additional information as it may become available.", ,ADS,current,26669.5,Unknown,Unknown,Unknown,Unknown,Unknown,Unknown,Unknown,Unknown,Unknown,Unknown,Unknown,Unknown,Unknown,Unknown,Unknown,Unknown,Unknown,Unknown,Unknown,Unknown,Unknown,Unknown,Unknown,Unknown,Unknown,45.0,Unknown,Unknown,Unknown,Unknown,Unknown,Unknown,Unknown,Unknown,Unknown,,Unknown,,Unknown,,Unknown,0.0,0.0,1.0,0.0,1,1,1,1,0,0,0,0,0,0,0,0,0,0,0,0,0,0,0,0,0,0,0,0,0,0,0,0,0,0,0,0,0,0,0,0,0,0,0,0,0,0,0,0,0,0,0,0,0,0,1,0,1,1,1,1,1,1,1,1,1,1,1,1,1,1,1,1,1,1,1,1,1,1,1,1,1,1,1,1,1,1,1,1,1,1,1,1,1,1,1,0,0.222283328123751
aae416a964f693a,30270-12013,1,Waymo LLC,5-Day,7.0,2024.0,NOV-2025,SADHW2S13R1,Y,,JAGUAR, ,I-PACE, ,2024.0, ,5b17610c6bb8c35,Unknown,"5th Generation ADS, Version 10", ,ADS,Verified Engaged,Waymo LLC, , ,Y, , , , , , , , , ,OCT-2025, ,09:28, ,aae416a964f693a,[MAY CONTAIN PERSONALLY IDENTIFIABLE INFORMATION], ,[MAY CONTAIN PERSONALLY IDENTIFIABLE INFORMATION], ,[MAY CONTAIN PERSONALLY IDENTIFIABLE INFORMATION], ,San Francisco, ,CA,[MAY CONTAIN PERSONALLY IDENTIFIABLE INFORMATION], ,Street, , ,Y, , , , , ,Y, , , , , , , , , , ,Heavy Truck,Property Damage. No Injured Reported,Passing, ,Y, , , , , , , , , ,Stopped,"No Subject Vehicle, No Crash Partner","Yes Subject Vehicle, No Crash Partner",Subject Vehicle - No Passenger In Vehicle,0.0, , , ,Y, , , , , , , , , , ,Y, ,Y, , , ,Unknown, ,Yes, ,"On October 29, 2025 at 9:28 AM PT a Waymo Autonomous Vehicle (""Waymo AV"") operating in San Francisco, California was in a collision involving a heavy truck on Post Street near Mason Street. 
The Waymo AV was traveling eastbound in the left lane on Post Street with its left turn signal activated when it slowed and maneuvered towards the north curb for a passenger pickup. The Waymo AV maneuvered to the right momentarily and came to a stop partially in-lane. While the Waymo AV was stopped, a heavy truck that had initially slowed behind the Waymo AV proceeded to pass the Waymo AV to the right and the left side of the heavy truck trailer made contact with the front right of the stationary Waymo AV. At the time of the impact, the Waymo AV's Level 4 ADS was engaged in autonomous mode. The Waymo AV sustained damage.

Waymo is reporting this crash under Request No. 1 of Standing General Order 2021-01 because a vehicle involved was towed away. Waymo may supplement or correct its reporting with additional information as it may become available", ,ADS,current,26669.5,Unknown,Unknown,Unknown,Unknown,Unknown,Unknown,Unknown,Unknown,Unknown,Unknown,Unknown,Unknown,Unknown,Unknown,Unknown,Unknown,Unknown,Unknown,Unknown,Unknown,Unknown,Unknown,Unknown,Unknown,Unknown,45.0,Unknown,Unknown,Unknown,Unknown,Unknown,Unknown,Unknown,Unknown,Unknown,,Unknown,,Unknown,,Unknown,0.0,0.0,1.0,0.0,1,1,1,1,0,0,0,0,1,0,0,0,0,0,0,0,0,0,0,0,0,0,0,0,0,0,0,0,0,0,0,0,0,0,0,0,0,0,0,0,0,0,0,0,0,0,0,0,0,0,1,0,1,1,1,1,1,1,1,1,1,1,1,1,1,1,1,1,1,1,1,1,1,1,1,1,1,1,1,1,1,1,1,1,1,1,1,1,1,1,1,0,0.1909716741351648
ab57365228d9299,30270-11571,1,Waymo LLC,5-Day,7.0,2024.0,AUG-2025,SADHW2S13R1,Y,,JAGUAR, ,I-PACE, ,2024.0, ,850b9cf3b01cf8d,Unknown,"5th Generation ADS, Version 10", ,ADS,Verified Engaged,Waymo LLC, , ,Y, , , , , , , , , ,AUG-2025, ,22:48, ,ab57365228d9299,[MAY CONTAIN PERSONALLY IDENTIFIABLE INFORMATION], ,[MAY CONTAIN PERSONALLY IDENTIFIABLE INFORMATION], ,, ,Phoenix, ,AZ,Unknown, ,Street, , , , , , ,Y, , , , , , ,Y, , , , , ,"Other, see Narrative",Property Damage. No Injured Reported,"Other, see Narrative", , , , , , , , , , ,Y,Proceeding Straight,"No Subject Vehicle, No Crash Partner","Yes Subject Vehicle, No Crash Partner",Subject Vehicle - No Passenger In Vehicle,9.0, , , , , , , ,Y, ,Y,Y, , , ,Y, ,Y, , , ,Unknown, ,Yes, ,"On August [XXX], 2025 at 10:48 PM MT a Waymo Autonomous Vehicle (""Waymo AV"") operating in Phoenix, Arizona traveled through standing water on [XXX] near [XXX]. 
The Waymo AV was traveling southbound on [XXX] when it approached standing water in the Waymo AV's lane of travel. As the Waymo AV traveled through the standing water, the front, rear, and bottom of the Waymo AV made contact with the standing water. At the time of the impact, the Waymo AV's Level 4 ADS was engaged in autonomous mode. The Waymo AV sustained damage.
Waymo is reporting this crash under Request No. 1 of Standing General Order 2021-01 because a vehicle involved was towed away. Waymo may supplement or correct its reporting with additional information as it may become available.", ,ADS,current,26669.5,Unknown,Unknown,Unknown,Unknown,Unknown,Unknown,Unknown,Unknown,Unknown,Unknown,Unknown,Unknown,Unknown,Unknown,Unknown,Unknown,Unknown,Unknown,Unknown,Unknown,Unknown,Unknown,Unknown,Unknown,Unknown,45.0,Unknown,Unknown,Unknown,Unknown,Unknown,Unknown,Unknown,Unknown,Unknown,,Unknown,,Unknown,,Unknown,0.0,0.0,1.0,0.0,1,1,1,1,0,0,0,0,1,0,0,0,0,0,0,0,0,0,0,0,0,0,0,0,1,0,0,0,0,0,0,0,0,0,0,0,0,0,0,0,0,0,0,0,0,0,0,0,0,0,1,0,1,1,1,1,1,1,1,1,1,1,1,1,1,1,1,1,1,1,1,1,1,1,1,1,1,1,1,1,1,1,1,1,1,1,1,1,1,1,1,0,0.234729835227978
ac181687dac1918,30270-13397,1,Waymo LLC,5-Day,7.0,2024.0,DEC-2025,SADHW2S14R1,Y,[MAY CONTAIN PERSONALLY IDENTIFIABLE INFORMATION],JAGUAR, ,I-PACE, ,2024.0, ,167aa6f5dc594f9,In-Vehicle (Commercial / Test),"5th Generation ADS, Version 10", ,ADS,Verified Not Engaged,Waymo LLC, , ,Y, , , , , , , , , ,DEC-2025, ,16:07, ,ac181687dac1918,[MAY CONTAIN PERSONALLY IDENTIFIABLE INFORMATION], ,[MAY CONTAIN PERSONALLY IDENTIFIABLE INFORMATION], ,[MAY CONTAIN PERSONALLY IDENTIFIABLE INFORMATION], ,Los Angeles, ,CA,[MAY CONTAIN PERSONALLY IDENTIFIABLE INFORMATION], ,Street, , ,Y, , , , , ,Y, , , , , , , , , , ,Passenger Car,Property Damage. No Injured Reported,Proceeding Straight, , , , , , , , ,Y, , ,Stopped,"No Subject Vehicle, No Crash Partner","Yes Subject Vehicle, No Crash Partner",Subject Vehicle - All Belted,0.0, , , , , , , ,Y, , , , , , ,Y, ,Y, , , ,Unknown, ,Yes, ,"On December 15, 2025 at 4:07 PM PT a Waymo Autonomous Vehicle (""Waymo AV"") operating in Los Angeles, California was in a collision involving a passenger car on Military Avenue near Sproul Avenue. 
The Waymo AV was traveling southeastbound on Military Avenue in autonomous mode when it approached a passenger car exiting a driveway on the west side of Military Avenue, with the rear of the passenger car partially in the roadway. The test driver transitioned the Waymo AV to manual mode and slowed to a stop. A passenger car traveling southeastbound on Military Avenue approached the Waymo AV from behind, and the front of the passenger car made contact with the stationary Waymo AV. At the time of the impact, the Waymo's Level 4 ADS was not engaged and a test driver was operating the Waymo AV in manual mode. Both vehicles sustained damage.

Waymo is reporting this crash under Request No. 1 of Standing General Order 2021-01 because a vehicle involved was towed away. Waymo may supplement or correct its reporting with additional information as it may become available.", ,ADS,current,26669.5,Unknown,Unknown,Unknown,Unknown,Unknown,Unknown,Unknown,Unknown,Unknown,Unknown,Unknown,Unknown,Unknown,Unknown,Unknown,Unknown,Unknown,Unknown,Unknown,Unknown,Unknown,Unknown,Unknown,Unknown,Unknown,45.0,Unknown,Unknown,Unknown,Unknown,Unknown,Unknown,Unknown,Unknown,Unknown,,Unknown,,Unknown,,Unknown,0.0,0.0,1.0,0.0,1,1,1,1,0,0,0,0,0,0,0,0,0,0,0,0,0,0,0,0,0,0,0,0,0,0,0,0,0,0,0,0,0,0,0,0,0,0,0,0,0,0,0,0,0,0,0,0,0,0,1,0,1,1,1,1,1,1,1,1,1,1,1,1,1,1,1,1,1,1,1,1,1,1,1,1,1,1,1,1,1,1,1,1,1,1,1,1,1,1,1,0,0.19381256776994382
ac64bde20c3ffee,30270-13491,1,Waymo LLC,5-Day,7.0,2024.0,JAN-2026,SADHW2S10R1,Y,[MAY CONTAIN PERSONALLY IDENTIFIABLE INFORMATION],JAGUAR, ,I-PACE, ,2024.0, ,7d546377e77850f,Unknown,"5th Generation ADS, Version 10", ,ADS,Verified Engaged,Waymo LLC, , ,Y, , , , , , , , , ,DEC-2025, ,21:48, ,ac64bde20c3ffee,[MAY CONTAIN PERSONALLY IDENTIFIABLE INFORMATION], ,[MAY CONTAIN PERSONALLY IDENTIFIABLE INFORMATION], ,[MAY CONTAIN PERSONALLY IDENTIFIABLE INFORMATION], ,Los Angeles, ,CA,[MAY CONTAIN PERSONALLY IDENTIFIABLE INFORMATION], ,Street, , ,Y, , , , , ,Y, , , , , , , , , , ,Van,Minor W/ Hospitalization,Proceeding Straight, , , , , , , , ,Y, , ,Parked,"No Subject Vehicle, No Crash Partner","Yes Subject Vehicle, Yes Crash Partner",Subject Vehicle - All Belted,0.0, , , , , , , ,Y, , , , , , ,Y, ,Y, , , ,Los Angeles Police Department, ,Yes, ,"On December 28, 2025 at 9:48 PM PT a Waymo Autonomous Vehicle (""Waymo AV"") operating in Los Angeles, California was in a collision involving a van on S. Bentley Avenue near Tennessee Avenue.
The Waymo AV was stopped at the curb facing southeast on S. Bentley Avenue with its hazard lights activated for a passenger dropoff. While the Waymo AV was stopped, a van traveling southeastbound on S. Bentley Avenue maneuvered to the right and approached the Waymo AV from behind, and the front of the van made contact with the rear of the stationary Waymo AV. At the time of the impact, the Waymo AV's Level 4 ADS was engaged in autonomous mode. Both vehicles sustained damage. The passenger of the Waymo AV was transported to a hospital by an ambulance with minor injuries.

Waymo is reporting this crash under Request No. 1 of Standing General Order 2021-01 because an individual involved was transported from the scene to a hospital for medical treatment and because a vehicle involved was towed away. Waymo may supplement or correct its reporting with additional information as it may become available.", ,ADS,current,26669.5,Unknown,Unknown,Unknown,Unknown,Unknown,Unknown,Unknown,Unknown,Unknown,Unknown,Unknown,Unknown,Unknown,Unknown,Unknown,Unknown,Unknown,Unknown,Unknown,Unknown,Unknown,Unknown,Unknown,Unknown,Unknown,45.0,Unknown,Unknown,Unknown,Unknown,Unknown,Unknown,Unknown,Unknown,Unknown,,Unknown,,Unknown,,Unknown,1.0,0.0,1.0,0.0,1,1,1,1,0,0,0,0,1,0,0,0,0,0,0,0,0,0,0,0,0,0,0,0,0,0,0,0,0,0,0,0,0,0,0,0,0,0,0,0,0,0,0,0,0,0,0,0,0,0,0,0,1,1,1,1,1,1,1,1,1,1,1,1,1,1,1,1,1,1,1,1,1,1,1,1,1,1,1,1,1,1,1,1,1,1,1,1,1,1,1,0,0.19995784816673498
ae9a3bf3156b681,30610-11847,2,"Zoox, Inc.",Update,7.0,2024.0,OCT-2025,7Z00XVHX9RK,Y,,ZOOX, ,Zoox, ,2024.0, ,d74ee9902edd1e5,Unknown,B410.25.10.01, ,ADS,Verified Engaged,Zoox, , , , ,Y,Y, , , , , , ,OCT-2025, ,23:07, ,ae9a3bf3156b681,[MAY CONTAIN PERSONALLY IDENTIFIABLE INFORMATION], ,[MAY CONTAIN PERSONALLY IDENTIFIABLE INFORMATION], ,[MAY CONTAIN PERSONALLY IDENTIFIABLE INFORMATION], ,Las Vegas, ,NV,[MAY CONTAIN PERSONALLY IDENTIFIABLE INFORMATION], ,Street, , ,Y, , , , , ,Y, , , , , , , , , , ,SUV,Property Damage. No Injured Reported,Lane / Road Departure, , ,Y, , , , , , , , ,Proceeding Straight,"No Subject Vehicle, No Crash Partner","Yes Subject Vehicle, No Crash Partner",Subject Vehicle - No Passenger In Vehicle,30.0, , ,Y, ,Y, , , , , , , , , ,Y, ,Y, , , ,Unknown, ,Yes, ,"An unoccupied Zoox autonomous vehicle was traveling in the right lane on southbound Las Vegas Boulevard towards Reno Avenue in Las Vegas. The driver of an SUV (Vehicle 2) traveling ahead in the same direction in the adjacent lane to the left suddenly veered right into the path of the Zoox vehicle without using a turn signal, making contact with the left rear wheel and fender, and left side body panels, doors, and rocker. The Zoox vehicle then gradually braked to a stop in the right lane. The Zoox vehicle was towed from the scene for inspection. The Zoox vehicle sustained moderate damage, while Vehicle 2 appears to have sustained damage to the right side fender panel and front bumper. There were no reported injuries, and the police were not called. Zoox is submitting this updated report to correct a previous reporting error in the location field.", ,ADS,current,26669.5,Unknown,Unknown,Unknown,Unknown,Unknown,Unknown,Unknown,Unknown,Unknown,Unknown,Unknown,Unknown,Unknown,Unknown,Unknown,Unknown,Unknown,Unknown,Unknown,Unknown,Unknown,Unknown,Unknown,Unknown,Unknown,45.0,Unknown,Unknown,Unknown,Unknown,Unknown,Unknown,Unknown,Unknown,Unknown,,Unknown,,Unknown,,Unknown,0.0,0.0,1.0,0.0,1,1,1,1,0,0,0,0,1,0,0,0,0,0,0,0,0,0,0,0,0,0,0,0,0,0,0,0,0,0,0,0,0,0,0,0,0,0,0,0,0,0,0,0,0,0,0,0,0,0,1,0,1,1,1,1,1,1,1,1,1,1,1,1,1,1,1,1,1,1,1,1,1,1,1,1,1,1,1,1,1,1,1,1,1,1,1,1,1,1,1,0,0.29717587829059205
b0245a0ab94b3b5,30270-11629,1,Waymo LLC,5-Day,7.0,2024.0,SEP-2025,SADHW2S19R1,Y,,JAGUAR, ,I-PACE, ,2024.0, ,e52d4a05880b9d6,Unknown,"5th Generation ADS, Version 10", ,ADS,Verified Engaged,Waymo LLC, , ,Y, , , , , , , , , ,SEP-2025, ,15:13, ,b0245a0ab94b3b5,[MAY CONTAIN PERSONALLY IDENTIFIABLE INFORMATION], ,[MAY CONTAIN PERSONALLY IDENTIFIABLE INFORMATION], ,, ,Santa Monica, ,CA,Unknown, ,Parking Lot, , , ,Y, , , , ,Y, , , , , , , , , , ,"Other, see Narrative",Property Damage. No Injured Reported,"Other, see Narrative", , , , , , , , , , ,Y,Proceeding Straight,"No Subject Vehicle, No Crash Partner","Yes Subject Vehicle, No Crash Partner",Subject Vehicle - All Belted,3.0, , , , , , ,Y, , , , , , , ,Y, ,Y, , , ,Unknown, ,Yes, ,"On September [XXX], 2025 at 3:13 PM PT a Waymo Autonomous Vehicle (""Waymo AV"") operating in Santa Monica, California was in a collision involving one-way traffic spikes at the exit of a parking lot located at [XXX]. 
The Waymo AV was traveling northwestbound on [XXX] when it turned left to enter a parking lot located at [XXX] to complete a multi-point turn. As the Waymo AV proceeded straight through a exit-only gate opening to the parking lot, the front left tire of the Waymo AV made contact with a strip of one-way traffic spikes. At the time of the impact, the Waymo AV's Level 4 ADS was engaged in autonomous mode. The Waymo AV sustained damage.
Waymo is reporting this crash under Request No. 1 of Standing General Order 2021-01 because a vehicle involved was towed away. Waymo may supplement or correct its reporting with additional information as it may become available.", ,ADS,current,26669.5,Unknown,Unknown,Unknown,Unknown,Unknown,Unknown,Unknown,Unknown,Unknown,Unknown,Unknown,Unknown,Unknown,Unknown,Unknown,Unknown,Unknown,Unknown,Unknown,Unknown,Unknown,Unknown,Unknown,Unknown,Unknown,45.0,Unknown,Unknown,Unknown,Unknown,Unknown,Unknown,Unknown,Unknown,Unknown,,Unknown,,Unknown,,Unknown,0.0,0.0,1.0,0.0,1,1,1,1,0,0,0,0,1,0,0,0,0,0,0,0,0,0,0,0,0,0,0,0,1,0,0,0,0,0,0,0,0,0,0,0,0,0,0,0,0,0,0,0,0,0,0,0,0,0,1,0,1,1,1,1,1,1,1,1,1,1,1,1,1,1,1,1,1,1,1,1,1,1,1,1,1,1,1,1,1,1,1,1,1,1,1,1,1,1,1,0,0.27908958068839607
b0269ca273ce3a0,30270-11247,1,Waymo LLC,5-Day,7.0,2024.0,JUL-2025,SADHW2S13R1,Y,,JAGUAR, ,I-PACE, ,2024.0, ,9244b172b2937e3,Unknown,"5th Generation ADS, Version 10", ,ADS,Verified Engaged,Waymo LLC, , ,Y, , , , , , , , , ,JUN-2025, ,18:11, ,b0269ca273ce3a0,[MAY CONTAIN PERSONALLY IDENTIFIABLE INFORMATION], ,[MAY CONTAIN PERSONALLY IDENTIFIABLE INFORMATION], ,, ,Austin, ,TX,Unknown, ,Street, , ,Y, , , , , , , ,Y, , , , , , , , ,Heavy Truck,Property Damage. No Injured Reported,Proceeding Straight, ,Y, , , , , , , , , ,Stopped,"No Subject Vehicle, No Crash Partner","Yes Subject Vehicle, No Crash Partner",Subject Vehicle - No Passenger In Vehicle,0.0, , , , ,Y, , , , , , , , , ,Y, ,Y, , , ,Unknown, ,Yes, ,"On June [XXX], 2025 at 6:11 PM CT a Waymo Autonomous Vehicle (""Waymo AV"") operating in Austin, Texas was in a collision involving a box truck on [XXX] near [XXX]. 
The Waymo AV was traveling northwestbound on a narrow portion of [XXX] when it came to a stop to yield to an approaching box truck traveling southeastbound on [XXX]. While the Waymo AV remained stopped, the box truck proceeded forward to pass the Waymo AV and the driver side of the box truck made contact with the rear driver side of the stationary Waymo AV. At the time of the impact, the Waymo AV's Level 4 ADS was engaged in autonomous mode. The Waymo AV sustained damage.
Waymo is reporting this crash under Request No. 1 of Standing General Order 2021-01 because a vehicle involved was towed away. Waymo may supplement or correct its reporting with additional information as it may become available.", ,ADS,current,26669.5,Unknown,Unknown,Unknown,Unknown,Unknown,Unknown,Unknown,Unknown,Unknown,Unknown,Unknown,Unknown,Unknown,Unknown,Unknown,Unknown,Unknown,Unknown,Unknown,Unknown,Unknown,Unknown,Unknown,Unknown,Unknown,45.0,Unknown,Unknown,Unknown,Unknown,Unknown,Unknown,Unknown,Unknown,Unknown,,Unknown,,Unknown,,Unknown,0.0,0.0,1.0,0.0,1,1,1,1,0,0,0,0,1,0,0,0,0,0,0,0,0,0,0,0,0,0,0,0,1,0,0,0,0,0,0,0,0,0,0,0,0,0,0,0,0,0,0,0,0,0,0,0,0,0,1,0,1,1,1,1,1,1,1,1,1,1,1,1,1,1,1,1,1,1,1,1,1,1,1,1,1,1,1,1,1,1,1,1,1,1,1,1,1,1,1,0,0.2980547047173998
b073d9500f2a829,30270-11280,1,Waymo LLC,5-Day,7.0,2024.0,JUL-2025,SADHW2S15M1,Y,,JAGUAR, ,I-PACE, ,2021.0, ,c01ea2068860b0f,Unknown,"5th Generation ADS, Version 10", ,ADS,Verified Engaged,Waymo LLC, , ,Y, , , , , , , , , ,JUL-2025, ,21:35, ,b073d9500f2a829,[MAY CONTAIN PERSONALLY IDENTIFIABLE INFORMATION], ,[MAY CONTAIN PERSONALLY IDENTIFIABLE INFORMATION], ,, ,San Francisco, ,CA,Unknown, ,Intersection, , ,Y, , , , , ,Y, , , , , , , , , , ,Passenger Car,Minor W/O Hospitalization,Proceeding Straight, , , , , , , , ,Y, , ,Stopped,"No Subject Vehicle, No Crash Partner","Yes Subject Vehicle, No Crash Partner",Subject Vehicle - All Belted,0.0, , , , , , , ,Y, , , , , , ,Y, ,Y, , , ,Unknown, ,Yes, ,"On July [XXX], 2025 at 9:35 PM PT a Waymo Autonomous Vehicle (""Waymo AV"") operating in San Francisco, California was in a collision involving a passenger car on [XXX] at [XXX]. 
The Waymo AV was traveling southwestbound on [XXX] and stopped in the right lane for a red traffic light at the intersection with [XXX]. The traffic light then turned green and the Waymo AV proceeded a short distance before stopping again to yield to an oncoming active emergency vehicle. A passenger car traveling behind the Waymo AV also proceeded from the green light and the front of the passenger car made contact with the rear of the Waymo AV. At the time of the impact, the Waymo AV's Level 4 ADS was engaged in autonomous mode. Both vehicles sustained damage. The rider of the Waymo AV alleged a minor injury.
Waymo is reporting this crash under Request No. 1 of Standing General Order 2021-01 because a vehicle involved was towed away. Waymo may supplement or correct its reporting with additional information as it may become available.", ,ADS,current,26669.5,Unknown,Unknown,Unknown,Unknown,Unknown,Unknown,Unknown,Unknown,Unknown,Unknown,Unknown,Unknown,Unknown,Unknown,Unknown,Unknown,Unknown,Unknown,Unknown,Unknown,Unknown,Unknown,Unknown,Unknown,Unknown,45.0,Unknown,Unknown,Unknown,Unknown,Unknown,Unknown,Unknown,Unknown,Unknown,,Unknown,,Unknown,,Unknown,1.0,0.0,1.0,0.0,1,1,1,1,0,0,0,0,1,0,0,0,0,0,0,0,0,0,0,0,0,0,0,0,1,0,0,0,0,0,0,0,0,0,0,0,0,0,0,0,0,0,0,0,0,0,0,0,0,0,1,0,1,1,1,1,1,1,1,1,1,1,1,1,1,1,1,1,1,1,1,1,1,1,1,1,1,1,1,1,1,1,1,1,1,1,1,1,1,1,1,0,0.21677385951928962
b1206b74c116caf,30270-13325,1,Waymo LLC,5-Day,7.0,2024.0,DEC-2025,SADHW2S14R1,Y,[MAY CONTAIN PERSONALLY IDENTIFIABLE INFORMATION],JAGUAR, ,I-PACE, ,2024.0, ,7ae1e7e1f5844a9,Unknown,"5th Generation ADS, Version 10", ,ADS,Verified Engaged,Waymo LLC, , ,Y, , , , , , , , , ,DEC-2025, ,15:58, ,b1206b74c116caf,[MAY CONTAIN PERSONALLY IDENTIFIABLE INFORMATION], ,[MAY CONTAIN PERSONALLY IDENTIFIABLE INFORMATION], ,[MAY CONTAIN PERSONALLY IDENTIFIABLE INFORMATION], ,San Francisco, ,CA,[MAY CONTAIN PERSONALLY IDENTIFIABLE INFORMATION], ,Street, , ,Y, , , , , ,Y, , , , , , , , , , ,"Other, see Narrative",Property Damage. No Injured Reported,"Other, see Narrative", , , , , , , , , , ,Y,Making Left Turn,"No Subject Vehicle, No Crash Partner","Yes Subject Vehicle, No Crash Partner",Subject Vehicle - All Belted,9.0, , , , , , , , , , ,Y, , , ,Y, ,Y, , , ,Unknown, ,Yes, ,"On December 9, 2025 at 3:58 PM PT a Waymo Autonomous Vehicle (""Waymo AV"") operating in San Francisco, California made contact with the pavement at the elevated entrance on Daggett Street at 7th Street. 
The Waymo AV was traveling northwestbound on 7th Street with its left turn signal activated when it turned left onto Daggett Street. Daggett Street on the southwest side of 7th Street is raised to sidewalk level. As the Waymo AV entered Daggett Street, the undercarriage of the Waymo AV made contact with the sidewalk. At the time of the impact, the Waymo AV's Level 4 ADS was engaged in autonomous mode. The Waymo AV sustained damage.

Waymo is reporting this crash under Request No. 1 of Standing General Order 2021-01 because a vehicle involved was towed away. Waymo may supplement or correct its reporting with additional information as it may become available.", ,ADS,current,26669.5,Unknown,Unknown,Unknown,Unknown,Unknown,Unknown,Unknown,Unknown,Unknown,Unknown,Unknown,Unknown,Unknown,Unknown,Unknown,Unknown,Unknown,Unknown,Unknown,Unknown,Unknown,Unknown,Unknown,Unknown,Unknown,45.0,Unknown,Unknown,Unknown,Unknown,Unknown,Unknown,Unknown,Unknown,Unknown,,Unknown,,Unknown,,Unknown,0.0,0.0,1.0,0.0,1,1,1,1,0,0,0,0,1,0,0,0,0,0,0,0,0,0,0,0,0,0,0,0,0,0,0,0,0,0,0,0,0,0,0,0,0,0,0,0,0,0,0,0,0,0,0,0,0,0,1,0,1,1,1,1,1,1,1,1,1,1,1,1,1,1,1,1,1,1,1,1,1,1,1,1,1,1,1,1,1,1,1,1,1,1,1,1,1,1,1,0,0.2502098702134258
b306c8f759ea3de,30270-11991,1,Waymo LLC,5-Day,7.0,2024.0,OCT-2025,SADHW2S15R1,Y,,JAGUAR, ,I-PACE, ,2024.0, ,e460e2082dd0af4,In-Vehicle (Commercial / Test),"5th Generation ADS, Version 10", ,ADS,Verified Not Engaged,Waymo LLC, , ,Y, , , , , , , , , ,OCT-2025, ,17:38, ,b306c8f759ea3de,[MAY CONTAIN PERSONALLY IDENTIFIABLE INFORMATION], ,[MAY CONTAIN PERSONALLY IDENTIFIABLE INFORMATION], ,[MAY CONTAIN PERSONALLY IDENTIFIABLE INFORMATION], ,Austin, ,TX,[MAY CONTAIN PERSONALLY IDENTIFIABLE INFORMATION], ,Street, , ,Y, , , , , , , ,Y, , , , , , , , ,Pickup Truck,Property Damage. No Injured Reported,Proceeding Straight, , ,Y, , , , , , , , ,Changing Lanes,"No Subject Vehicle, No Crash Partner","Yes Subject Vehicle, No Crash Partner",Subject Vehicle - All Belted,1.0, , , , , , ,Y, , , , , , , ,Y, ,Y, , , ,Unknown, ,Yes, ,"On October 24, 2025 at 5:38 PM CT a Waymo Autonomous Vehicle (""Waymo AV"") operating in Austin, Texas was in a collision involving a pickup truck on S. Highway 183 near Burleson Road.
The Waymo AV was traveling southbound in the left of two lanes on S. Highway 183 in autonomous mode when it came to a stop in a queue of traffic at the intersection with Burleson Road. Leading up to the intersection, a queue of traffic had formed on the left shoulder to enter the dedicated left turn lane at the intersection. The Waymo AV began to initiate a lane change to the designated left turn lane at the point at which that lane began, and came to a stop next to a pickup truck that was stationary, positioned partially in the left shoulder and partially at the entrance to the dedicated left turn lane. As traffic began to advance, the Waymo AV began to proceed forward at a low rate of speed to continue changing lanes. The test driver of the Waymo AV transitioned the Waymo AV to manual mode and began to brake as the pickup truck proceeded forward into the dedicated left turn lane, and the right side of the pickup truck made contact with the front left of the Waymo AV. At the time of the impact, the Waymo AV's Level 4 ADS was not engaged and a test driver was operating the Waymo AV in manual mode. Both vehicles sustained damage.

Waymo is reporting this crash under Request No. 1 of Standing General Order 2021-01  because a vehicle involved was towed away. Waymo may supplement or correct its reporting with additional information as it may become available.", ,ADS,current,26669.5,Unknown,Unknown,Unknown,Unknown,Unknown,Unknown,Unknown,Unknown,Unknown,Unknown,Unknown,Unknown,Unknown,Unknown,Unknown,Unknown,Unknown,Unknown,Unknown,Unknown,Unknown,Unknown,Unknown,Unknown,Unknown,45.0,Unknown,Unknown,Unknown,Unknown,Unknown,Unknown,Unknown,Unknown,Unknown,,Unknown,,Unknown,,Unknown,0.0,0.0,1.0,0.0,1,1,1,1,0,0,0,0,0,0,0,0,0,0,0,0,0,0,0,0,0,0,0,0,0,0,0,0,0,0,0,0,0,0,0,0,0,0,0,0,0,0,0,0,0,0,0,0,0,0,1,0,1,1,1,1,1,1,1,1,1,1,1,1,1,1,1,1,1,1,1,1,1,1,1,1,1,1,1,1,1,1,1,1,1,1,1,1,1,1,1,0,0.24717268444659005
b33311e46ea3535,30270-11998,1,Waymo LLC,5-Day,7.0,2024.0,OCT-2025,SADHW2S19R1,Y,,JAGUAR, ,I-PACE, ,2024.0, ,7625ec85951a6b0,Unknown,"5th Generation ADS, Version 10", ,ADS,Verified Engaged,Waymo LLC, , ,Y, , , , , , , , , ,OCT-2025, ,10:24, ,b33311e46ea3535,[MAY CONTAIN PERSONALLY IDENTIFIABLE INFORMATION], ,[MAY CONTAIN PERSONALLY IDENTIFIABLE INFORMATION], ,[MAY CONTAIN PERSONALLY IDENTIFIABLE INFORMATION], ,San Francisco, ,CA,[MAY CONTAIN PERSONALLY IDENTIFIABLE INFORMATION], ,Intersection, , ,Y, , , , , ,Y, , , , , , , , , , ,Passenger Car,Property Damage. No Injured Reported,Proceeding Straight, , , , , , , , ,Y, , ,Proceeding Straight,"No Subject Vehicle, No Crash Partner","Yes Subject Vehicle, No Crash Partner",Subject Vehicle - All Belted,1.0, , , , , , , ,Y, , , , , , ,Y, ,Y, , , ,Unknown, ,Yes, ,"On October 27, 2025 at 10:24 AM PT a Waymo Autonomous Vehicle (""Waymo AV"") operating in San Francisco, California was in a collision involving a passenger car on Laguna Street at Pine Street. 
The Waymo AV was traveling southbound on Laguna Street when it began to slow for a yellow light at the intersection with Pine Street. As the traffic light turned red and the Waymo AV continued slowing, a passenger car that was traveling southbound on Laguna Street behind the Waymo AV approached the Waymo AV from behind, and the front of the passenger car made contact with the rear of the Waymo AV. At the time of the impact, the Waymo AV's Level 4 ADS was engaged in autonomous mode. Both vehicles sustained damage.

Waymo is reporting this crash under Request No. 1 of Standing General Order 2021-01 because a vehicle involved was towed away. Waymo may supplement or correct its reporting with additional information as it may become available.", ,ADS,current,26669.5,Unknown,Unknown,Unknown,Unknown,Unknown,Unknown,Unknown,Unknown,Unknown,Unknown,Unknown,Unknown,Unknown,Unknown,Unknown,Unknown,Unknown,Unknown,Unknown,Unknown,Unknown,Unknown,Unknown,Unknown,Unknown,45.0,Unknown,Unknown,Unknown,Unknown,Unknown,Unknown,Unknown,Unknown,Unknown,,Unknown,,Unknown,,Unknown,0.0,0.0,1.0,0.0,1,1,1,1,0,0,0,0,1,0,0,0,0,0,0,0,0,0,0,0,0,0,0,0,0,0,0,0,0,0,0,0,0,0,0,0,0,0,0,0,0,0,0,0,0,0,0,0,0,0,1,0,1,1,1,1,1,1,1,1,1,1,1,1,1,1,1,1,1,1,1,1,1,1,1,1,1,1,1,1,1,1,1,1,1,1,1,1,1,1,1,0,0.37660479987465195
b51c9610ccc8b05,30270-11861,1,Waymo LLC,5-Day,7.0,2024.0,OCT-2025,SADHW2S13R1,Y,,JAGUAR, ,I-PACE, ,2024.0, ,c6befe6f780cb8a,Unknown,"5th Generation ADS, Version 10", ,ADS,Verified Engaged,Waymo LLC, , ,Y, , , , , , , , , ,OCT-2025, ,13:27, ,b51c9610ccc8b05,[MAY CONTAIN PERSONALLY IDENTIFIABLE INFORMATION], ,[MAY CONTAIN PERSONALLY IDENTIFIABLE INFORMATION], ,[MAY CONTAIN PERSONALLY IDENTIFIABLE INFORMATION], ,San Francisco, ,CA,[MAY CONTAIN PERSONALLY IDENTIFIABLE INFORMATION], ,Street, , ,Y, , , , , , , ,Y, , , , , , , , ,Passenger Car,Minor W/ Hospitalization,Proceeding Straight, , , , , , , , ,Y, , ,Proceeding Straight,"No Subject Vehicle, No Crash Partner","Yes Subject Vehicle, Yes Crash Partner",Subject Vehicle - All Belted,18.0, , , , , , , ,Y, , , , , , ,Y, ,Y, , , ,San Francisco Police Department, ,Yes, ,"On October 8, 2025 at 1:27 PM PT a Waymo Autonomous Vehicle (""Waymo AV"") operating in San Francisco, California was in a collision involving a passenger car on Franklin Street near Vallejo Street. 
The Waymo AV was traveling northbound on Franklin Street in the rightmost lane when a passenger car traveling directly behind the Waymo AV approached the Waymo AV from behind, and the front of the passenger car made contact with the rear of the Waymo AV. At the time of the impact, the Waymo AV's Level 4 ADS was engaged in autonomous mode. Both vehicles sustained damage. The two passengers in the Waymo AV alleged minor injuries and were transported to a hospital by an ambulance.

Waymo is reporting this crash under Request No. 1 of Standing General Order 2021-01 because individuals involved were transported from the scene to a hospital for medical treatment and a vehicle involved was towed away. Waymo may supplement or correct its reporting with additional information as it may become available.", ,ADS,current,26669.5,Unknown,Unknown,Unknown,Unknown,Unknown,Unknown,Unknown,Unknown,Unknown,Unknown,Unknown,Unknown,Unknown,Unknown,Unknown,Unknown,Unknown,Unknown,Unknown,Unknown,Unknown,Unknown,Unknown,Unknown,Unknown,45.0,Unknown,Unknown,Unknown,Unknown,Unknown,Unknown,Unknown,Unknown,Unknown,,Unknown,,Unknown,,Unknown,1.0,0.0,1.0,0.0,1,1,1,1,0,0,0,0,1,0,0,0,0,0,0,0,0,0,0,0,0,0,0,0,0,0,0,0,0,0,0,0,0,0,0,0,0,0,0,0,0,0,0,0,0,0,0,0,0,0,0,0,1,1,1,1,1,1,1,1,1,1,1,1,1,1,1,1,1,1,1,1,1,1,1,1,1,1,1,1,1,1,1,1,1,1,1,1,1,1,1,0,0.40945097558226407
b615a24ab23cdb1,30270-11546,1,Waymo LLC,5-Day,7.0,2024.0,AUG-2025,SADHW2S14R1,Y,,JAGUAR, ,I-PACE, ,2024.0, ,9b08fa2a330786b,Unknown,"5th Generation ADS, Version 10", ,ADS,Verified Engaged,Waymo LLC, , ,Y, , , , , , , , , ,AUG-2025, ,20:14, ,b615a24ab23cdb1,[MAY CONTAIN PERSONALLY IDENTIFIABLE INFORMATION], ,[MAY CONTAIN PERSONALLY IDENTIFIABLE INFORMATION], ,, ,Phoenix, ,AZ,Unknown, ,Street, , , , , , ,Y, , , , , , ,Y, , , , , ,Other Fixed Object,Property Damage. No Injured Reported,Unknown,Unknown,Unknown,Unknown,Unknown,Unknown,Unknown,Unknown,Unknown,Unknown,Unknown,Unknown,Proceeding Straight,"No Subject Vehicle, No Crash Partner","Yes Subject Vehicle, No Crash Partner",Subject Vehicle - All Belted,29.0, , , , , , , , , ,Y, , , , ,Y, ,Y, , , ,Unknown, ,Yes, ,"On August [XXX], 2025 at 8:14 PM MT a Waymo Autonomous Vehicle (""Waymo AV"") operating in Phoenix, Arizona was in a collision involving a fallen utility line on [XXX] near [XXX]. 
The Waymo AV was traveling westbound in the right lane on [XXX] when the front of the Waymo AV made contact with a fallen utility line hanging in the travel lane. At the time of the impact, the Waymo AV's Level 4 ADS was engaged in autonomous mode. The Waymo AV sustained damage.
Waymo is reporting this crash under Request No. 1 of Standing General Order 2021-01 because a vehicle involved was towed away. Waymo may supplement or correct its reporting with additional information as it may become available.", ,ADS,current,26669.5,Unknown,Unknown,Unknown,Unknown,Unknown,Unknown,Unknown,Unknown,Unknown,Unknown,Unknown,Unknown,Unknown,Unknown,Unknown,Unknown,Unknown,Unknown,Unknown,Unknown,Unknown,Unknown,Unknown,Unknown,Unknown,45.0,Unknown,Unknown,Unknown,Unknown,Unknown,Unknown,Unknown,Unknown,Unknown,,Unknown,,Unknown,,Unknown,0.0,0.0,1.0,0.0,1,1,1,1,0,0,0,0,1,0,0,0,0,0,0,0,0,0,0,0,0,0,0,0,1,0,0,0,0,0,0,0,0,0,0,0,0,1,1,1,1,1,1,1,1,1,1,1,1,0,1,0,1,1,1,1,1,1,1,1,1,1,1,1,1,1,1,1,1,1,1,1,1,1,1,1,1,1,1,1,1,1,1,1,1,1,1,1,1,1,1,0,0.46016650453617197
b668056967dc92c,30610-11752,1,"Zoox, Inc.",5-Day,7.0,2024.0,SEP-2025,7Z00XVHXXRK,Y,,ZOOX, ,Zoox, ,2024.0, ,64c23d87f1524d7,Remote (Commercial / Test),B402.25.09.17, ,ADS,Verified Engaged,Zoox, , , , ,Y,Y, , , , , , ,SEP-2025, ,22:50, ,b668056967dc92c,[MAY CONTAIN PERSONALLY IDENTIFIABLE INFORMATION], ,[MAY CONTAIN PERSONALLY IDENTIFIABLE INFORMATION], ,[MAY CONTAIN PERSONALLY IDENTIFIABLE INFORMATION], ,Las Vegas, ,NV,[MAY CONTAIN PERSONALLY IDENTIFIABLE INFORMATION], ,Street, , ,Y, , , , , ,Y, , , , , , , , , , ,Passenger Car,Property Damage. No Injured Reported,Proceeding Straight, , , , , ,Y, , , , , ,Stopped,"No Subject Vehicle, No Crash Partner","Yes Subject Vehicle, No Crash Partner",Subject Vehicle - No Passenger In Vehicle,0.0, ,Y, , , , , , , , , , , , ,Y, ,Y, , , ,Unknown, ,Yes, ,"An unoccupied Zoox autonomous vehicle was operating at a reduced speed in lane #5 on westbound [XXX] towards Las Vegas Boulevard in Las Vegas, with a sedan (Vehicle 2) directly behind. The Zoox vehicle gradually slowed to a stop when it was rear ended by Vehicle 2. Vehicle 2 driver initially exited his vehicle to inspect both vehicles, but did not remain at the scene to exchange information. The Zoox vehicle resumed operation and cleared the scene. Shortly afterward, the Zoox vehicle slowed to a stop due to a low tire pressure fault and was subsequently towed. The low tire pressure was attributed to the crash. The Zoox vehicle sustained minor damage. There were no reported injuries, and the police were not notified.", ,ADS,current,26669.5,Unknown,Unknown,Unknown,Unknown,Unknown,Unknown,Unknown,Unknown,Unknown,Unknown,Unknown,Unknown,Unknown,Unknown,Unknown,Unknown,Unknown,Unknown,Unknown,Unknown,Unknown,Unknown,Unknown,Unknown,Unknown,45.0,Unknown,Unknown,Unknown,Unknown,Unknown,Unknown,Unknown,Unknown,Unknown,,Unknown,,Unknown,,Unknown,0.0,0.0,1.0,0.0,1,1,1,1,0,0,0,0,0,0,0,0,0,0,0,0,0,0,0,0,0,0,0,0,0,0,0,0,0,0,0,0,0,0,0,0,0,0,0,0,0,0,0,0,0,0,0,0,0,0,1,0,1,1,1,1,1,1,1,1,1,1,1,1,1,1,1,1,1,1,1,1,1,1,1,1,1,1,1,1,1,1,1,1,1,1,1,1,1,1,1,0,0.19381256776994382
b8354b89bc8ed96,30270-13558,1,Waymo LLC,5-Day,7.0,2024.0,JAN-2026,SADHW2S10R1,Y,[MAY CONTAIN PERSONALLY IDENTIFIABLE INFORMATION],JAGUAR, ,I-PACE, ,2024.0, ,996630af565b105,Unknown,"5th Generation ADS, Version 10", ,ADS,Verified Engaged,Waymo LLC, , ,Y, , , , , , , , , ,JAN-2026, ,19:28, ,b8354b89bc8ed96,[MAY CONTAIN PERSONALLY IDENTIFIABLE INFORMATION], ,[MAY CONTAIN PERSONALLY IDENTIFIABLE INFORMATION], ,[MAY CONTAIN PERSONALLY IDENTIFIABLE INFORMATION], ,San Francisco, ,CA,[MAY CONTAIN PERSONALLY IDENTIFIABLE INFORMATION], ,Street, , ,Y, , , , , ,Y, , , , , , , , , , ,Passenger Car,Property Damage. No Injured Reported,Proceeding Straight, , , , , , , , ,Y, , ,Proceeding Straight,"No Subject Vehicle, No Crash Partner","Yes Subject Vehicle, No Crash Partner",Subject Vehicle - No Passenger In Vehicle,2.0, , , , , , , ,Y, , , , , , ,Y, ,Y, , , ,Unknown, ,Yes, ,"On January 3, 2026 at 7:28 PM PT a Waymo Autonomous Vehicle (""Waymo AV"") operating in San Francisco, California was in a collision involving a passenger car on Bay Street at Polk Street.
The Waymo AV was stopped facing west in the left lane on Bay Street for a red traffic light at the intersection with Polk Street, with its left turn signal activated in preparation for an unprotected left turn onto Polk Street. After the traffic light turned green, the Waymo AV proceeded forward a short distance, yielding to oncoming traffic traveling westbound through the intersection. A passenger car that was traveling eastbound on Bay Street directly behind the Waymo AV approached the Waymo AV from behind and the front of the passenger car made contact with the rear of the Waymo AV.  At the time of the impact, the Waymo AV's Level 4 ADS was engaged in autonomous mode. Both vehicles sustained damage.

Waymo is reporting this crash under Request No. 1 of Standing General Order 2021-01  because a vehicle involved was towed away. Waymo may supplement or correct its reporting with additional information as it may become available.", ,ADS,current,26669.5,Unknown,Unknown,Unknown,Unknown,Unknown,Unknown,Unknown,Unknown,Unknown,Unknown,Unknown,Unknown,Unknown,Unknown,Unknown,Unknown,Unknown,Unknown,Unknown,Unknown,Unknown,Unknown,Unknown,Unknown,Unknown,45.0,Unknown,Unknown,Unknown,Unknown,Unknown,Unknown,Unknown,Unknown,Unknown,,Unknown,,Unknown,,Unknown,0.0,0.0,1.0,0.0,1,1,1,1,0,0,0,0,1,0,0,0,0,0,0,0,0,0,0,0,0,0,0,0,0,0,0,0,0,0,0,0,0,0,0,0,0,0,0,0,0,0,0,0,0,0,0,0,0,0,1,0,1,1,1,1,1,1,1,1,1,1,1,1,1,1,1,1,1,1,1,1,1,1,1,1,1,1,1,1,1,1,1,1,1,1,1,1,1,1,1,0,0.3486140037246397
ba6ff2626e5b676,30270-13538,1,Waymo LLC,5-Day,7.0,2024.0,JAN-2026,SADHW2S18R1,Y,[MAY CONTAIN PERSONALLY IDENTIFIABLE INFORMATION],JAGUAR, ,I-PACE, ,2024.0, ,460fc9cea965237,Unknown,"5th Generation ADS, Version 10", ,ADS,Verified Engaged,Waymo LLC, , ,Y, , , , , , , , , ,DEC-2025, ,00:34, ,ba6ff2626e5b676,[MAY CONTAIN PERSONALLY IDENTIFIABLE INFORMATION], ,[MAY CONTAIN PERSONALLY IDENTIFIABLE INFORMATION], ,[MAY CONTAIN PERSONALLY IDENTIFIABLE INFORMATION], ,West Hollywood, ,CA,[MAY CONTAIN PERSONALLY IDENTIFIABLE INFORMATION], ,Street, , ,Y, , , , , ,Y, , , , , , , , , , ,Passenger Car,Property Damage. No Injured Reported,Passing, , , , , , , ,Y, , , ,Stopped,"No Subject Vehicle, No Crash Partner","Yes Subject Vehicle, No Crash Partner",Subject Vehicle - Not Belted - see Narrative,0.0, , ,Y, , , , , , , , , , , ,Y, ,Y, , , ,Unknown, ,Yes, ,"On December 31, 2025 at 12:34 AM PT a Waymo Autonomous Vehicle (""Waymo AV"") operating in West Hollywood, California was in a collision involving a passenger car on Holloway Drive near Santa Monica Boulevard.
The Waymo AV was traveling westbound on Holloway Drive when it slowed to a stop to yield to a passenger car that was stopped partially in-lane facing west on Holloway Drive. While the Waymo AV was stopped, a passenger in the Waymo AV opened the rear left side door to exit. A second passenger car that was initially traveling directly behind the Waymo AV maneuvered around to the left of the stationary Waymo AV, entering the opposing lane of travel, and the right side of the passenger car made contact with the open rear left door of the stationary Waymo AV. At the time of the impact, the Waymo AV's Level 4 ADS was engaged in autonomous mode. Both vehicles sustained damage. The passengers in the Waymo AV were not belted at the time of the collision as they were exiting the vehicle. 

Waymo is reporting this crash under Request No. 1 of Standing General Order 2021-01 because a vehicle involved was towed away. Waymo may supplement or correct its reporting with additional information as it may become available.", ,ADS,current,26669.5,Unknown,Unknown,Unknown,Unknown,Unknown,Unknown,Unknown,Unknown,Unknown,Unknown,Unknown,Unknown,Unknown,Unknown,Unknown,Unknown,Unknown,Unknown,Unknown,Unknown,Unknown,Unknown,Unknown,Unknown,Unknown,45.0,Unknown,Unknown,Unknown,Unknown,Unknown,Unknown,Unknown,Unknown,Unknown,,Unknown,,Unknown,,Unknown,0.0,0.0,1.0,0.0,1,1,1,1,0,0,0,0,1,0,0,0,0,0,0,0,0,0,0,0,0,0,0,0,0,0,0,0,0,0,0,0,0,0,0,0,0,0,0,0,0,0,0,0,0,0,0,0,0,0,1,0,1,1,1,1,1,1,1,1,1,1,1,1,1,1,1,1,1,1,1,1,1,1,1,1,1,1,1,1,1,1,1,1,1,1,1,1,1,1,1,0,0.11215295169850019
bd14d8f56591057,30270-13607,1,Waymo LLC,5-Day,7.0,2024.0,JAN-2026,SADHW2S17R1,Y,[MAY CONTAIN PERSONALLY IDENTIFIABLE INFORMATION],JAGUAR, ,I-PACE, ,2024.0, ,45b76341c455685,Unknown,"5th Generation ADS, Version 10", ,ADS,Verified Engaged,Waymo LLC, , ,Y, , , , , , , , , ,JAN-2026, ,02:58, ,bd14d8f56591057,[MAY CONTAIN PERSONALLY IDENTIFIABLE INFORMATION], ,[MAY CONTAIN PERSONALLY IDENTIFIABLE INFORMATION], ,[MAY CONTAIN PERSONALLY IDENTIFIABLE INFORMATION], ,San Francisco, ,CA,[MAY CONTAIN PERSONALLY IDENTIFIABLE INFORMATION], ,Street, , ,Y, , , , , ,Y, , , , , , , , , , ,"Other, see Narrative",Property Damage. No Injured Reported,"Other, see Narrative", , , , , , , , , , ,Y,Proceeding Straight,"No Subject Vehicle, No Crash Partner","Yes Subject Vehicle, No Crash Partner",Subject Vehicle - No Passenger In Vehicle,20.0, , , , , , , , , ,Y, , , , ,Y, ,Y, , , ,Unknown, ,Yes, ,"On January 9, 2026 at 2:58 AM PT a Waymo Autonomous Vehicle (""Waymo AV"") operating in San Francisco, California was in a collision involving a traffic cone on The Embarcadero near Harrison Street.
The Waymo AV was traveling northwestbound on The Embarcadero in the right lane when it slowed to a stop for a queue of traffic for a red light at the intersection with Harrison Street. After the light turned green and traffic ahead advanced, the Waymo AV proceeded forward. A pickup truck traveling northwestbound on The Embarcadero in the left lane proceeded forward and a rear seat passenger of the pickup truck threw a traffic cone from the window and into the roadway, and the traffic cone landed in the Waymo AV's lane of travel. As the Waymo AV proceeded forward the front of the Waymo AV made contact with the traffic cone. At the time of the impact, the Waymo AV's Level 4 ADS was engaged in autonomous mode. The Waymo AV sustained damage.

Waymo is reporting this crash under Request No. 1 of Standing General Order 2021-01 because a vehicle involved was towed away. Waymo may supplement or correct its reporting with additional information as it may become available.", ,ADS,current,26669.5,Unknown,Unknown,Unknown,Unknown,Unknown,Unknown,Unknown,Unknown,Unknown,Unknown,Unknown,Unknown,Unknown,Unknown,Unknown,Unknown,Unknown,Unknown,Unknown,Unknown,Unknown,Unknown,Unknown,Unknown,Unknown,45.0,Unknown,Unknown,Unknown,Unknown,Unknown,Unknown,Unknown,Unknown,Unknown,,Unknown,,Unknown,,Unknown,0.0,0.0,1.0,0.0,1,1,1,1,0,0,0,0,1,0,0,0,0,0,0,0,0,0,0,0,0,0,0,0,0,0,0,0,0,0,0,0,0,0,0,0,0,0,0,0,0,0,0,0,0,0,0,0,0,0,1,0,1,1,1,1,1,1,1,1,1,1,1,1,1,1,1,1,1,1,1,1,1,1,1,1,1,1,1,1,1,1,1,1,1,1,1,1,1,1,1,0,0.3014856964012477
be040e4724f444b,30270-13514,1,Waymo LLC,5-Day,7.0,2024.0,JAN-2026,SADHW2S10M1,Y,[MAY CONTAIN PERSONALLY IDENTIFIABLE INFORMATION],JAGUAR, ,I-PACE, ,2021.0, ,54438cbdb57334f,Unknown,"5th Generation ADS, Version 10", ,ADS,Verified Engaged,Waymo LLC, , ,Y, , , , , , , , , ,DEC-2025, ,08:20, ,be040e4724f444b,[MAY CONTAIN PERSONALLY IDENTIFIABLE INFORMATION], ,[MAY CONTAIN PERSONALLY IDENTIFIABLE INFORMATION], ,[MAY CONTAIN PERSONALLY IDENTIFIABLE INFORMATION], ,San Francisco, ,CA,[MAY CONTAIN PERSONALLY IDENTIFIABLE INFORMATION], ,Street, , ,Y, , , , , ,Y, , , , , , , , , , ,Other Fixed Object,Property Damage. No Injured Reported,Unknown,Unknown,Unknown,Unknown,Unknown,Unknown,Unknown,Unknown,Unknown,Unknown,Unknown,Unknown,Proceeding Straight,"No Subject Vehicle, Unknown Crash Partner","Yes Subject Vehicle, Unknown Crash Partner",Subject Vehicle - No Passenger In Vehicle,25.0, , , , , , , , , ,Y, , , , ,Y, ,Y, , , ,Unknown, ,Yes, ,"On December 29, 2025 at 8:20 AM PT a Waymo Autonomous Vehicle (""Waymo AV"") operating in San Francisco, California was in a collision involving a fallen utility line on Athens Street near Russia Avenue.
The Waymo AV was traveling southwestbound on Athens Street when the front of the Waymo AV made contact with a fallen utility line hanging in the travel lane. At the time of the impact, the Waymo AV's Level 4 ADS was engaged in autonomous mode. The Waymo AV sustained damage.

Waymo is reporting this crash under Request No. 1 of Standing General Order 2021-01 because a vehicle involved was towed away. Waymo may supplement or correct its reporting with additional information as it may become available.", ,ADS,current,26669.5,Unknown,Unknown,Unknown,Unknown,Unknown,Unknown,Unknown,Unknown,Unknown,Unknown,Unknown,Unknown,Unknown,Unknown,Unknown,Unknown,Unknown,Unknown,Unknown,Unknown,Unknown,Unknown,Unknown,Unknown,Unknown,45.0,Unknown,Unknown,Unknown,Unknown,Unknown,Unknown,Unknown,Unknown,Unknown,,Unknown,,Unknown,,Unknown,0.0,0.0,1.0,0.0,1,1,1,1,0,0,0,0,1,0,0,0,0,0,0,0,0,0,0,0,0,0,0,0,0,0,0,0,0,0,0,0,0,0,0,0,0,1,1,1,1,1,1,1,1,1,1,1,1,0,1,0,1,1,1,1,1,1,1,1,1,1,1,1,1,1,1,1,1,1,1,1,1,1,1,1,1,1,1,1,1,1,1,1,1,1,1,1,1,1,1,0,0.47160832407795855
be7eac3aa1b0084,30270-13244,1,Waymo LLC,5-Day,7.0,2024.0,DEC-2025,SADHW2S14R1,Y,[MAY CONTAIN PERSONALLY IDENTIFIABLE INFORMATION],JAGUAR, ,I-PACE, ,2024.0, ,bdb4a338e7977cc,Unknown,"5th Generation ADS, Version 10", ,ADS,Verified Engaged,Waymo LLC, , ,Y, , , , , , , , , ,NOV-2025, ,19:31, ,be7eac3aa1b0084,[MAY CONTAIN PERSONALLY IDENTIFIABLE INFORMATION], ,[MAY CONTAIN PERSONALLY IDENTIFIABLE INFORMATION], ,[MAY CONTAIN PERSONALLY IDENTIFIABLE INFORMATION], ,Los Angeles, ,CA,[MAY CONTAIN PERSONALLY IDENTIFIABLE INFORMATION], ,Street, , ,Y, , , , , ,Y, , , , , , , , , , ,Passenger Car,Minor W/O Hospitalization,Proceeding Straight, , , , , , , , ,Y, , ,Stopped,"No Subject Vehicle, No Crash Partner","Yes Subject Vehicle, No Crash Partner",Subject Vehicle - All Belted,0.0, , , , , , , ,Y, , , , , , ,Y, ,Y, , , ,Los Angeles Police Department, ,Yes, ,"On November 28, 2025 at 7:31 PM PT a Waymo Autonomous Vehicle (""Waymo AV"") operating in Los Angeles, California was in a collision involving a passenger car on W. Olympic Boulevard near Prosser Avenue. 
The Waymo AV was stopped facing southwest in the third from the right lane on W. Olympic Boulevard for a queue of traffic at a red light at the intersection with Prosser Avenue. While the Waymo AV was stopped, a passenger car traveling southwestbound in the third from the right lane on W. Olympic Boulevard approached the Waymo AV from behind and the front of the passenger car made contact with the rear of the stationary Waymo AV. At the time of the impact, the Waymo AV's Level 4 ADS was engaged in autonomous mode. Both vehicles sustained damage.The passenger in the Waymo AV alleged minor injuries.

Waymo is reporting this crash under Request No. 1 of Standing General Order 2021-01  because a vehicle involved was towed away. Waymo may supplement or correct its reporting with additional information as it may become available.", ,ADS,current,26669.5,Unknown,Unknown,Unknown,Unknown,Unknown,Unknown,Unknown,Unknown,Unknown,Unknown,Unknown,Unknown,Unknown,Unknown,Unknown,Unknown,Unknown,Unknown,Unknown,Unknown,Unknown,Unknown,Unknown,Unknown,Unknown,45.0,Unknown,Unknown,Unknown,Unknown,Unknown,Unknown,Unknown,Unknown,Unknown,,Unknown,,Unknown,,Unknown,1.0,0.0,1.0,0.0,1,1,1,1,0,0,0,0,1,0,0,0,0,0,0,0,0,0,0,0,0,0,0,0,0,0,0,0,0,0,0,0,0,0,0,0,0,0,0,0,0,0,0,0,0,0,0,0,0,0,0,0,1,1,1,1,1,1,1,1,1,1,1,1,1,1,1,1,1,1,1,1,1,1,1,1,1,1,1,1,1,1,1,1,1,1,1,1,1,1,1,0,0.19381256776994382
c0a3bf56cacd0a0,30270-13581,1,Waymo LLC,5-Day,7.0,2024.0,JAN-2026,SADHW2S15R1,Y,[MAY CONTAIN PERSONALLY IDENTIFIABLE INFORMATION],JAGUAR, ,I-PACE, ,2024.0, ,e41cc10a322ec51,Unknown,"5th Generation ADS, Version 10", ,ADS,Verified Engaged,Waymo LLC, , ,Y, , , , , , , , , ,JAN-2026, ,13:42, ,c0a3bf56cacd0a0,[MAY CONTAIN PERSONALLY IDENTIFIABLE INFORMATION], ,[MAY CONTAIN PERSONALLY IDENTIFIABLE INFORMATION], ,[MAY CONTAIN PERSONALLY IDENTIFIABLE INFORMATION], ,Phoenix, ,AZ,[MAY CONTAIN PERSONALLY IDENTIFIABLE INFORMATION], ,Street, , ,Y, , , , , , , ,Y, , , , , , , , ,Heavy Truck,Property Damage. No Injured Reported,Passing, , , , , , , ,Y, , , ,Stopped,"No Subject Vehicle, No Crash Partner","Yes Subject Vehicle, No Crash Partner",Subject Vehicle - All Belted,0.0, , , , ,Y, , , , , , , , , ,Y, ,Y, , , ,Unknown, ,Yes, ,"On January 7, 2026 at 1:42 PM MT a Waymo Autonomous Vehicle (""Waymo AV"") operating in Phoenix, Arizona was in a collision involving a heavy truck on N. 16th Street near E. Monroe Street.
The Waymo AV was traveling northbound on N. 16th Street in the left lane when it slowed to a stop just before entering the intersection with E. Monroe Street to yield to a queue of traffic stopped for a red light at the intersection with E. Van Buren Street. While the Waymo AV was stopped, a heavy truck traveling directly behind the Waymo AV proceeded to pass the Waymo AV to the left into the bidirectional center turn lane and the the right side of the heavy truck made contact with the rear left side of the stationary Waymo AV. At the time of the impact, the Waymo AV' Level 4 ADS was engaged in autonomous mode. The Waymo AV sustained damage.

Waymo is reporting this crash under Request No. 1 of Standing General Order 2021-01 because a vehicle involved was towed away. Waymo may supplement or correct its reporting with additional information as it may become available.", ,ADS,current,26669.5,Unknown,Unknown,Unknown,Unknown,Unknown,Unknown,Unknown,Unknown,Unknown,Unknown,Unknown,Unknown,Unknown,Unknown,Unknown,Unknown,Unknown,Unknown,Unknown,Unknown,Unknown,Unknown,Unknown,Unknown,Unknown,45.0,Unknown,Unknown,Unknown,Unknown,Unknown,Unknown,Unknown,Unknown,Unknown,,Unknown,,Unknown,,Unknown,0.0,0.0,1.0,0.0,1,1,1,1,0,0,0,0,1,0,0,0,0,0,0,0,0,0,0,0,0,0,0,0,0,0,0,0,0,0,0,0,0,0,0,0,0,0,0,0,0,0,0,0,0,0,0,0,0,0,1,0,1,1,1,1,1,1,1,1,1,1,1,1,1,1,1,1,1,1,1,1,1,1,1,1,1,1,1,1,1,1,1,1,1,1,1,1,1,1,1,0,0.1824121574129202
c1816d4e297b197,30270-11209,1,Waymo LLC,5-Day,7.0,2024.0,JUN-2025,SADHW2S17R1,Y,,JAGUAR, ,I-PACE, ,2024.0, ,f48582523327e68,Unknown,"5th Generation ADS, Version 10", ,ADS,Verified Engaged,Waymo LLC, , ,Y, , , , , , , , , ,JUN-2025, ,09:05, ,c1816d4e297b197,[MAY CONTAIN PERSONALLY IDENTIFIABLE INFORMATION], ,[MAY CONTAIN PERSONALLY IDENTIFIABLE INFORMATION], ,, ,Chandler, ,AZ,Unknown, ,Parking Lot, , ,Y, , , , , ,Y, , , , , , , , , , ,Other Fixed Object,No Injured Reported,Unknown,Unknown,Unknown,Unknown,Unknown,Unknown,Unknown,Unknown,Unknown,Unknown,Unknown,Unknown,Proceeding Straight,"No Subject Vehicle, No Crash Partner","Yes Subject Vehicle, No Crash Partner",Subject Vehicle - No Passenger In Vehicle,10.0, , , , , , , , , , ,Y, , , ,Y, ,Y, , , ,Unknown, ,Yes, ,"On June [XXX], 2025 at 9:05 AM MT a Waymo Autonomous Vehicle (""Waymo AV"") operating in Chandler, Arizona was in a collision involving an elevated gate track in a parking lot at [XXX]. 
The Waymo AV was traveling eastbound in a parking lot at [XXX] through a gate opening when the bottom of the Waymo AV made contact with the elevated gate track. At the time of the impact, the Waymo AV's Level 4 ADS was engaged in autonomous mode. The Waymo AV sustained damage.
Waymo is reporting this crash under Request No. 1 of Standing General Order 2021-01 because a vehicle involved was towed away. Waymo may supplement or correct its reporting with additional information as it may become available.", ,ADS,current,26669.5,Unknown,Unknown,Unknown,Unknown,Unknown,Unknown,Unknown,Unknown,Unknown,Unknown,Unknown,Unknown,Unknown,Unknown,Unknown,Unknown,Unknown,Unknown,Unknown,Unknown,Unknown,Unknown,Unknown,Unknown,Unknown,45.0,Unknown,Unknown,Unknown,Unknown,Unknown,Unknown,Unknown,Unknown,Unknown,,Unknown,,Unknown,,Unknown,0.0,0.0,1.0,0.0,1,1,1,1,0,0,0,0,1,0,0,0,0,0,0,0,0,0,0,0,0,0,0,0,1,0,0,0,0,0,0,0,0,0,0,0,0,1,1,1,1,1,1,1,1,1,1,1,1,0,1,0,1,1,1,1,1,1,1,1,1,1,1,1,1,1,1,1,1,1,1,1,1,1,1,1,1,1,1,1,1,1,1,1,1,1,1,1,1,1,1,0,0.4543703855150697
c24e10927c4b9cc,30270-13542,1,Waymo LLC,5-Day,7.0,2024.0,JAN-2026,SADHW2S14R1,Y,[MAY CONTAIN PERSONALLY IDENTIFIABLE INFORMATION],JAGUAR, ,I-PACE, ,2024.0, ,9f161d03b3576d3,Unknown,"5th Generation ADS, Version 10", ,ADS,Verified Engaged,Waymo LLC, , ,Y, , , , , , , , , ,DEC-2025, ,03:45, ,c24e10927c4b9cc,[MAY CONTAIN PERSONALLY IDENTIFIABLE INFORMATION], ,[MAY CONTAIN PERSONALLY IDENTIFIABLE INFORMATION], ,[MAY CONTAIN PERSONALLY IDENTIFIABLE INFORMATION], ,Phoenix, ,AZ,[MAY CONTAIN PERSONALLY IDENTIFIABLE INFORMATION], ,Parking Lot, , ,Y, , , , , ,Y, , , , , , , , , , ,Heavy Truck,Property Damage. No Injured Reported,Backing, , , ,Y, , , , , , , ,Stopped,"No Subject Vehicle, No Crash Partner","Yes Subject Vehicle, No Crash Partner",Subject Vehicle - No Passenger In Vehicle,0.0, , , , , , , , ,Y, , , , , ,Y, ,Y, , , ,Unknown, ,Yes, ,"On December 31, 2025 at 3:45 AM MT a Waymo Autonomous Vehicle (Waymo AV) operating in Phoenix, Arizona was in a collision involving a heavy truck in a parking lot at 291 E. Buckeye Road.
The Waymo AV was traveling southbound in a parking lot at 291 E. Buckeye Road when it slowed to a stop with its hazard lights activated to yield to a heavy truck that was facing south and executing a reversing turn into a loading dock parking stall at the east side of the parking lot. The heavy truck continued to reverse, and the rear left side of the heavy truck trailer made contact with the right side of the stationary Waymo AV. At the time of the impact, the Waymo AV' Level 4 ADS was engaged in autonomous mode. The Waymo AV sustained damage.

Waymo is reporting this crash under Request No. 1 of Standing General Order 2021-01 because a vehicle involved was towed away. Waymo may supplement or correct its reporting with additional information as it may become available.", ,ADS,current,26669.5,Unknown,Unknown,Unknown,Unknown,Unknown,Unknown,Unknown,Unknown,Unknown,Unknown,Unknown,Unknown,Unknown,Unknown,Unknown,Unknown,Unknown,Unknown,Unknown,Unknown,Unknown,Unknown,Unknown,Unknown,Unknown,45.0,Unknown,Unknown,Unknown,Unknown,Unknown,Unknown,Unknown,Unknown,Unknown,,Unknown,,Unknown,,Unknown,0.0,0.0,1.0,0.0,1,1,1,1,0,0,0,0,1,0,0,0,0,0,0,0,0,0,0,0,0,0,0,0,0,0,0,0,0,0,0,0,0,0,0,0,0,0,0,0,0,0,0,0,0,0,0,0,0,0,1,0,1,1,1,1,1,1,1,1,1,1,1,1,1,1,1,1,1,1,1,1,1,1,1,1,1,1,1,1,1,1,1,1,1,1,1,1,1,1,1,0,0.15445306693183264
c56a405e1e55dd9,30270-11413,1,Waymo LLC,5-Day,7.0,2024.0,AUG-2025,SADHW2S11R1,Y,,JAGUAR, ,I-PACE, ,2024.0, ,c42ee51ae3db3a1,Unknown,"5th Generation ADS, Version 10", ,ADS,Verified Engaged,Waymo LLC, , ,Y, , , , , , , , , ,JUL-2025, ,09:02, ,c56a405e1e55dd9,[MAY CONTAIN PERSONALLY IDENTIFIABLE INFORMATION], ,[MAY CONTAIN PERSONALLY IDENTIFIABLE INFORMATION], ,, ,San Francisco, ,CA,Unknown, ,Street, , , , , , , ,Y, , ,Y, , , , , , , , ,Heavy Truck,Property Damage. No Injured Reported,Proceeding Straight, , , , , ,Y, , , , , ,Parked,"No Subject Vehicle, No Crash Partner","Yes Subject Vehicle, No Crash Partner",Subject Vehicle - No Passenger In Vehicle,0.0, ,Y, , , , , , , , , , , , ,Y, ,Y, , , ,Unknown, ,Yes, ,"On July [XXX], 2025 at 9:02 AM PT a Waymo Autonomous Vehicle (""Waymo AV"") operating in San Francisco, California was in a collision involving a box truck on [XXX] near [XXX]. 
The Waymo was parked in-lane facing east on [XXX] with hazard lights activated to yield to construction blocking the intersection at [XXX]. While the Waymo AV was parked, a box truck traveling eastbound on [XXX] approached the Waymo AV from behind, and the front driver side of the box truck made contact with the rear passenger side of the stationary Waymo AV, as well as the passenger side of a pickup truck parked at the curb to the right of the Waymo AV. At the time of the impact, the Waymo AV's Level 4 ADS was engaged in autonomous mode. Both vehicles sustained damage.
Waymo is reporting this crash under Request No. 1 of Standing General Order 2021-01 because a vehicle involved was towed away. Waymo may supplement or correct its reporting with additional information as it may become available.", ,ADS,current,26669.5,Unknown,Unknown,Unknown,Unknown,Unknown,Unknown,Unknown,Unknown,Unknown,Unknown,Unknown,Unknown,Unknown,Unknown,Unknown,Unknown,Unknown,Unknown,Unknown,Unknown,Unknown,Unknown,Unknown,Unknown,Unknown,45.0,Unknown,Unknown,Unknown,Unknown,Unknown,Unknown,Unknown,Unknown,Unknown,,Unknown,,Unknown,,Unknown,0.0,0.0,1.0,0.0,1,1,1,1,0,0,0,0,1,0,0,0,0,0,0,0,0,0,0,0,0,0,0,0,1,0,0,0,0,0,0,0,0,0,0,0,0,0,0,0,0,0,0,0,0,0,0,0,0,0,1,0,1,1,1,1,1,1,1,1,1,1,1,1,1,1,1,1,1,1,1,1,1,1,1,1,1,1,1,1,1,1,1,1,1,1,1,1,1,1,1,0,0.3877004647798098
c5d0bde1a4f83ed,30270-11884,1,Waymo LLC,5-Day,7.0,2024.0,OCT-2025,SADHW2S16R1,Y,,JAGUAR, ,I-PACE, ,2024.0, ,18c3eea97dff714,Unknown,"5th Generation ADS, Version 10", ,ADS,Verified Engaged,Waymo LLC, , ,Y, , , , , , , , , ,OCT-2025, ,22:11, ,c5d0bde1a4f83ed,[MAY CONTAIN PERSONALLY IDENTIFIABLE INFORMATION], ,[MAY CONTAIN PERSONALLY IDENTIFIABLE INFORMATION], ,[MAY CONTAIN PERSONALLY IDENTIFIABLE INFORMATION], ,Los Angeles, ,CA,[MAY CONTAIN PERSONALLY IDENTIFIABLE INFORMATION], ,Street, , ,Y, , , , , ,Y, , , , , , , , , , ,Passenger Car,Property Damage. No Injured Reported,Proceeding Straight, , , , , ,Y, , , , , ,Proceeding Straight,"No Subject Vehicle, No Crash Partner","Yes Subject Vehicle, No Crash Partner",Subject Vehicle - All Belted,25.0, , , , , , , ,Y, , , , , , ,Y, ,Y, , , ,Unknown, ,Yes, ,"On October 10, 2025 at 10:11 PM PT a Waymo Autonomous Vehicle (""Waymo AV"") operating in Los Angeles, California was in a collision involving a passenger car on E. 3rd Street near Wall Street. 
The Waymo AV was traveling northwestbound on E. 3rd Street in the right lane. While the Waymo AV continued to proceed straight, a passenger car traveling northwestbound on E. 3rd Street in the right lane approached the Waymo AV from behind and the front left side of the passenger car made contact with the rear of the Waymo AV. At the time of the impact, the Waymo AV's Level 4 ADS was engaged in autonomous mode. Both vehicles sustained damage.

Waymo is reporting this crash under Request No. 1 of Standing General Order 2021-01 because a vehicle involved was towed away. Waymo may supplement or correct its reporting with additional information as it may become available.", ,ADS,current,26669.5,Unknown,Unknown,Unknown,Unknown,Unknown,Unknown,Unknown,Unknown,Unknown,Unknown,Unknown,Unknown,Unknown,Unknown,Unknown,Unknown,Unknown,Unknown,Unknown,Unknown,Unknown,Unknown,Unknown,Unknown,Unknown,45.0,Unknown,Unknown,Unknown,Unknown,Unknown,Unknown,Unknown,Unknown,Unknown,,Unknown,,Unknown,,Unknown,0.0,0.0,1.0,0.0,1,1,1,1,0,0,0,0,1,0,0,0,0,0,0,0,0,0,0,0,0,0,0,0,0,0,0,0,0,0,0,0,0,0,0,0,0,0,0,0,0,0,0,0,0,0,0,0,0,0,1,0,1,1,1,1,1,1,1,1,1,1,1,1,1,1,1,1,1,1,1,1,1,1,1,1,1,1,1,1,1,1,1,1,1,1,1,1,1,1,1,0,0.45712589439930695
c5dde17f2aed8f4,30270-11244,1,Waymo LLC,5-Day,7.0,2024.0,JUL-2025,SADHW2S10R1,Y,,JAGUAR, ,I-PACE, ,2024.0, ,c074f592f8aaed7,Unknown,"5th Generation ADS, Version 10", ,ADS,Verified Engaged,Waymo LLC, , ,Y, , , , , , , , , ,JUN-2025, ,00:03, ,c5dde17f2aed8f4,[MAY CONTAIN PERSONALLY IDENTIFIABLE INFORMATION], ,[MAY CONTAIN PERSONALLY IDENTIFIABLE INFORMATION], ,, ,San Francisco, ,CA,Unknown, ,Intersection, , ,Y, , , , , ,Y, , , , , , , , , , ,SUV,Property Damage. No Injured Reported,Making Left Turn, , , , , , , , ,Y, , ,Proceeding Straight,"Yes Crash Partner, No Subject Vehicle","Yes Subject Vehicle, Yes Crash Partner",Subject Vehicle - No Passenger In Vehicle,8.0, , , , , , ,Y, , , , , , , ,Y, ,Y, , , ,San Francisco Police Department, ,Yes, ,"On June [XXX], 2025 at 12:03 AM PT a Waymo Autonomous Vehicle (""Waymo AV"") operating in San Francisco, California was in a collision involving an SUV on [XXX] at [XXX]. 
The Waymo AV was traveling westbound on [XXX] and slowing to a stop for a stop sign at the intersection at [XXX]. An SUV that was traveling southbound on [XXX] initiated a left turn at the intersection onto eastbound [XXX]. The SUV continued turning left, crossing the centerline of [XXX] and entering into the Waymo AV's lane of travel. The front of the SUV then made contact with the front driver side of the Waymo AV.  At the time of the impact, the Waymo AV's Level 4 ADS was engaged in autonomous mode. Both vehicles sustained damage.
Waymo is reporting this crash under Request No. 1 of Standing General Order 2021-01 because a vehicle involved was towed away and airbag deployment. Waymo may supplement or correct its reporting with additional information as it may become available.", ,ADS,current,26669.5,Unknown,Unknown,Unknown,Unknown,Unknown,Unknown,Unknown,Unknown,Unknown,Unknown,Unknown,Unknown,Unknown,Unknown,Unknown,Unknown,Unknown,Unknown,Unknown,Unknown,Unknown,Unknown,Unknown,Unknown,Unknown,45.0,Unknown,Unknown,Unknown,Unknown,Unknown,Unknown,Unknown,Unknown,Unknown,,Unknown,,Unknown,,Unknown,0.0,0.0,1.0,0.0,1,1,1,1,0,0,0,0,1,0,0,0,0,0,0,0,0,0,0,0,0,0,0,0,1,0,0,0,0,0,0,0,0,0,0,0,0,0,0,0,0,0,0,0,0,0,0,0,0,0,0,0,1,1,1,1,1,1,1,1,1,1,1,1,1,1,1,1,1,1,1,1,1,1,1,1,1,1,1,1,1,1,1,1,1,1,1,1,1,1,1,0,0.3712698339763372
c64589b500c4428,30270-11838,1,Waymo LLC,5-Day,7.0,2024.0,OCT-2025,SADHW2S17R1,Y,,JAGUAR, ,I-PACE, ,2024.0, ,d485ed61f897924,Unknown,"5th Generation ADS, Version 10", ,ADS,Verified Engaged,Waymo LLC, , ,Y, , , , , , , , , ,OCT-2025, ,09:37, ,c64589b500c4428,[MAY CONTAIN PERSONALLY IDENTIFIABLE INFORMATION], ,[MAY CONTAIN PERSONALLY IDENTIFIABLE INFORMATION], ,[MAY CONTAIN PERSONALLY IDENTIFIABLE INFORMATION], ,Phoenix, ,AZ,[MAY CONTAIN PERSONALLY IDENTIFIABLE INFORMATION], ,Street, , ,Y, , , , , ,Y, , , , , , , , , , ,Pickup Truck,Property Damage. No Injured Reported,Proceeding Straight, , , , , , , , ,Y, , ,Stopped,"No Subject Vehicle, No Crash Partner","Yes Subject Vehicle, No Crash Partner",Subject Vehicle - No Passenger In Vehicle,0.0, , , , , , , ,Y, , , , , , ,Y, ,Y, , , ,Unknown, ,Yes, ,"On October 5, 2025 at 9:37 AM MT a Waymo Autonomous Vehicle (""Waymo AV"") operating in Phoenix, Arizona was in a collision involving a pickup truck on E. Oak Street near N. 27th Street. 
The Waymo AV was traveling eastbound on E. Oak Street when it began to slow to a stop to yield to an animal that ran into the roadway from in front of a parked car on the south side of E. Oak Street. As the Waymo AV slowed to a stop, a pickup truck that was traveling eastbound on E. Oak Street behind the Waymo AV approached the Waymo AV from behind and the front of the pickup truck made contact with the rear of the Waymo AV. At the time of the impact, the Waymo AV's Level 4 ADS was engaged in autonomous mode. Both vehicles sustained damage.

Waymo is reporting this crash under Request No. 1 of Standing General Order 2021-01 because a vehicle involved was towed away. Waymo may supplement or correct its reporting with additional information as it may become available.", ,ADS,current,26669.5,Unknown,Unknown,Unknown,Unknown,Unknown,Unknown,Unknown,Unknown,Unknown,Unknown,Unknown,Unknown,Unknown,Unknown,Unknown,Unknown,Unknown,Unknown,Unknown,Unknown,Unknown,Unknown,Unknown,Unknown,Unknown,45.0,Unknown,Unknown,Unknown,Unknown,Unknown,Unknown,Unknown,Unknown,Unknown,,Unknown,,Unknown,,Unknown,0.0,0.0,1.0,0.0,1,1,1,1,0,0,0,0,1,0,0,0,0,0,0,0,0,0,0,0,0,0,0,0,0,0,0,0,0,0,0,0,0,0,0,0,0,0,0,0,0,0,0,0,0,0,0,0,0,0,1,0,1,1,1,1,1,1,1,1,1,1,1,1,1,1,1,1,1,1,1,1,1,1,1,1,1,1,1,1,1,1,1,1,1,1,1,1,1,1,1,0,0.22026350202400116
c6b8e69937446c8,30270-11858,1,Waymo LLC,5-Day,7.0,2024.0,OCT-2025,SADHW2S13R1,Y,,JAGUAR, ,I-PACE, ,2024.0, ,545879f6fb2ad86,Unknown,"5th Generation ADS, Version 10", ,ADS,Verified Engaged,Waymo LLC, , ,Y, , , , , , , , , ,OCT-2025, ,07:12, ,c6b8e69937446c8,[MAY CONTAIN PERSONALLY IDENTIFIABLE INFORMATION], ,[MAY CONTAIN PERSONALLY IDENTIFIABLE INFORMATION], ,[MAY CONTAIN PERSONALLY IDENTIFIABLE INFORMATION], ,San Francisco, ,CA,[MAY CONTAIN PERSONALLY IDENTIFIABLE INFORMATION], ,Intersection, , ,Y, , , , , ,Y, , , , , , , , , , ,Passenger Car,Property Damage. No Injured Reported,Proceeding Straight, , , , , , , , ,Y, , ,Stopped,"No Subject Vehicle, No Crash Partner","Yes Subject Vehicle, No Crash Partner",Subject Vehicle - All Belted,0.0, , , , , , , ,Y, , , , , , ,Y, ,Y, , , ,San Francisco Police Department, ,Yes, ,"On October 8, 2025 at 7:12 AM PT a Waymo Autonomous Vehicle (""Waymo AV"") operating in San Francisco, California was in a collision involving a passenger car on Geary Street at Van Ness Avenue. 
The Waymo AV was stopped facing west in the left lane on Geary Street with its left turn signal activated in a queue of traffic for a red light at the intersection of Van Ness Avenue. As the traffic light turned green and traffic ahead advanced, the Waymo AV initially proceeded forward and then came to a stop before entering the intersection, perceiving that there may be insufficient room to proceed fully through the intersection without blocking it, as the vehicle ahead of the Waymo AV had stopped within the intersection to yield to pedestrians crossing Van Ness Avenue in the marked crosswalk. While the Waymo AV was stopped, a passenger car traveling westbound in the left lane on Geary Street approached the Waymo AV from behind and the front of the passenger car made contact with the rear of the stationary Waymo AV. At the time of the impact, the Waymo AV's Level 4 ADS was engaged in autonomous mode. Both vehicles sustained damage.

Waymo is reporting this crash under Request No. 1 of Standing General Order 2021-01 because a vehicle involved was towed away. Waymo may supplement or correct its reporting with additional information as it may become available.", ,ADS,current,26669.5,Unknown,Unknown,Unknown,Unknown,Unknown,Unknown,Unknown,Unknown,Unknown,Unknown,Unknown,Unknown,Unknown,Unknown,Unknown,Unknown,Unknown,Unknown,Unknown,Unknown,Unknown,Unknown,Unknown,Unknown,Unknown,45.0,Unknown,Unknown,Unknown,Unknown,Unknown,Unknown,Unknown,Unknown,Unknown,,Unknown,,Unknown,,Unknown,0.0,0.0,1.0,0.0,1,1,1,1,0,0,0,0,1,0,0,0,0,0,0,0,0,0,0,0,0,0,0,0,0,0,0,0,0,0,0,0,0,0,0,0,0,0,0,0,0,0,0,0,0,0,0,0,0,0,0,0,1,1,1,1,1,1,1,1,1,1,1,1,1,1,1,1,1,1,1,1,1,1,1,1,1,1,1,1,1,1,1,1,1,1,1,1,1,1,1,0,0.21677385951928962
c80d863997ae201,30270-11372,1,Waymo LLC,5-Day,7.0,2024.0,JUL-2025,SADHW2S16R1,Y,,JAGUAR, ,I-PACE, ,2024.0, ,eb483eb47ed4590,Unknown,"5th Generation ADS, Version 10", ,ADS,Verified Engaged,Waymo LLC, , ,Y, , , , , , , , , ,JUL-2025, ,03:53, ,c80d863997ae201,[MAY CONTAIN PERSONALLY IDENTIFIABLE INFORMATION], ,[MAY CONTAIN PERSONALLY IDENTIFIABLE INFORMATION], ,, ,Inglewood, ,CA,Unknown, ,Street, , ,Y, , , , , ,Y, , , , , , , , , , ,Passenger Car,Property Damage. No Injured Reported,Proceeding Straight, , , , , , , , ,Y, , ,Proceeding Straight,"No Subject Vehicle, No Crash Partner","Yes Subject Vehicle, No Crash Partner",Subject Vehicle - No Passenger In Vehicle,2.0, , , , , , , ,Y, , , , , , ,Y, ,Y, , , ,Inglewood Police Department, ,Yes, ,"On July [XXX], 2025 at 3:53 AM PT a Waymo Autonomous Vehicle (""Waymo AV"") operating in Inglewood, California was in a collision involving a passenger car on [XXX] at [XXX]. 
The Waymo AV was traveling southbound on [XXX] and slowing for a queue of traffic stopped for a stop sign at the intersection at [XXX]. While the Waymo AV was slowing, a passenger car traveling southbound on [XXX] approached the Waymo AV from behind and the front of the passenger car made contact with the rear of the Waymo AV. At the time of the impact, the Waymo AV's Level 4 ADS was engaged in autonomous mode. Both vehicles sustained damage.
Waymo is reporting this crash under Request No. 1 of Standing General Order 2021-01 because a vehicle involved was towed away. Waymo may supplement or correct its reporting with additional information as it may become available.", ,ADS,current,26669.5,Unknown,Unknown,Unknown,Unknown,Unknown,Unknown,Unknown,Unknown,Unknown,Unknown,Unknown,Unknown,Unknown,Unknown,Unknown,Unknown,Unknown,Unknown,Unknown,Unknown,Unknown,Unknown,Unknown,Unknown,Unknown,45.0,Unknown,Unknown,Unknown,Unknown,Unknown,Unknown,Unknown,Unknown,Unknown,,Unknown,,Unknown,,Unknown,0.0,0.0,1.0,0.0,1,1,1,1,0,0,0,0,1,0,0,0,0,0,0,0,0,0,0,0,0,0,0,0,1,0,0,0,0,0,0,0,0,0,0,0,0,0,0,0,0,0,0,0,0,0,0,0,0,0,0,0,1,1,1,1,1,1,1,1,1,1,1,1,1,1,1,1,1,1,1,1,1,1,1,1,1,1,1,1,1,1,1,1,1,1,1,1,1,1,1,0,0.3486140037246397
c8bb4c6e5bf4622,30270-11330,1,Waymo LLC,5-Day,7.0,2024.0,JUL-2025,SADHW2S19R1,Y,,JAGUAR, ,I-PACE, ,2024.0, ,6783f8800de6b51,Unknown,"5th Generation ADS, Version 10", ,ADS,Verified Engaged,Waymo LLC, , ,Y, , , , , , , , , ,JUL-2025, ,01:42, ,c8bb4c6e5bf4622,[MAY CONTAIN PERSONALLY IDENTIFIABLE INFORMATION], ,[MAY CONTAIN PERSONALLY IDENTIFIABLE INFORMATION], ,, ,Austin, ,TX,Unknown, ,Street, , ,Y, , , , , ,Y, , , , , , , , , , ,Pickup Truck,Property Damage. No Injured Reported,Passing, , , , , , , ,Y, , , ,Parked,"No Subject Vehicle, No Crash Partner","Yes Subject Vehicle, No Crash Partner",Subject Vehicle - No Passenger In Vehicle,0.0, , , , ,Y, , , , , , , , , ,Y, ,Y, , , ,Unknown, ,Yes, ,"On July [XXX], 2025 at 1:42 AM CT a Waymo Autonomous Vehicle (""Waymo AV"") operating in Austin, Texas was in a collision involving a pickup truck on [XXX] near [XXX]. 
The Waymo AV was parked in-lane facing northeast on [XXX] with hazards activated for a passenger drop off. While the Waymo AV remained parked, a pickup truck that had been parked at the curb approached the Waymo AV from behind, and proceeded to pass to the left of the Waymo AV. As the pickup truck passed the Waymo AV, the passenger side of the pickup truck made contact with the rear driver side of the stationary Waymo AV. At the time of the impact, the Waymo AV's Level 4 ADS was engaged in autonomous mode. The Waymo AV sustained damage.
Waymo is reporting this crash under Request No. 1 of Standing General Order 2021-01 because a vehicle involved was towed away. Waymo may supplement or correct its reporting with additional information as it may become available.", ,ADS,current,26669.5,Unknown,Unknown,Unknown,Unknown,Unknown,Unknown,Unknown,Unknown,Unknown,Unknown,Unknown,Unknown,Unknown,Unknown,Unknown,Unknown,Unknown,Unknown,Unknown,Unknown,Unknown,Unknown,Unknown,Unknown,Unknown,45.0,Unknown,Unknown,Unknown,Unknown,Unknown,Unknown,Unknown,Unknown,Unknown,,Unknown,,Unknown,,Unknown,0.0,0.0,1.0,0.0,1,1,1,1,0,0,0,0,1,0,0,0,0,0,0,0,0,0,0,0,0,0,0,0,1,0,0,0,0,0,0,0,0,0,0,0,0,0,0,0,0,0,0,0,0,0,0,0,0,0,1,0,1,1,1,1,1,1,1,1,1,1,1,1,1,1,1,1,1,1,1,1,1,1,1,1,1,1,1,1,1,1,1,1,1,1,1,1,1,1,1,0,0.18122754915784534
c8fc5852e372cc1,30270-11456,1,Waymo LLC,5-Day,7.0,2024.0,AUG-2025,SADHW2S11R1,Y,,JAGUAR, ,I-PACE, ,2024.0, ,f1ee4f3524445ac,Unknown,"5th Generation ADS, Version 10", ,ADS,Verified Engaged,Waymo LLC, , ,Y, , , , , , , , , ,AUG-2025, ,16:27, ,c8fc5852e372cc1,[MAY CONTAIN PERSONALLY IDENTIFIABLE INFORMATION], ,[MAY CONTAIN PERSONALLY IDENTIFIABLE INFORMATION], ,, ,San Francisco, ,CA,Unknown, ,Street, , ,Y, , , , , ,Y, , , , , , , , , , ,Motorcycle,Property Damage. No Injured Reported,Passing, , , , , , , , ,Y, , ,Parked,"No Subject Vehicle, No Crash Partner","Yes Subject Vehicle, No Crash Partner",Subject Vehicle - No Passenger In Vehicle,0.0, ,Y, , , , , , , , , , , , ,Y, ,Y, , , ,Unknown, ,Yes, ,"On August [XXX], 2025 at 4:27 PM PT a Waymo Autonomous Vehicle (""Waymo AV"") operating in San Francisco, California was in a collision involving a motorcycle on [XXX] near [XXX]. 
The Waymo AV was parked facing south in the leftmost lane on [XXX] for a passenger drop-off with hazard lights activated. While the Waymo AV remained parked, a motorcycle that was traveling southbound in the center lane on [XXX] approached a queue of stopped traffic. The motorcycle began to change lanes to the leftmost lane as it approached the stopped traffic and  the motorcycle made contact with the rear right of the stationary Waymo AV. At the time of the impact, the Waymo AV's Level 4 ADS was engaged in autonomous mode. Both the motorcycle and the Waymo AV sustained damage.
Waymo is reporting this crash under Request No. 1 of Standing General Order 2021-01 because a vehicle involved was towed away. Waymo may supplement or correct its reporting with additional information as it may become available.", ,ADS,current,26669.5,Unknown,Unknown,Unknown,Unknown,Unknown,Unknown,Unknown,Unknown,Unknown,Unknown,Unknown,Unknown,Unknown,Unknown,Unknown,Unknown,Unknown,Unknown,Unknown,Unknown,Unknown,Unknown,Unknown,Unknown,Unknown,45.0,Unknown,Unknown,Unknown,Unknown,Unknown,Unknown,Unknown,Unknown,Unknown,,Unknown,,Unknown,,Unknown,0.0,0.0,1.0,0.0,1,1,1,1,0,0,0,0,1,0,0,0,0,0,0,0,0,0,0,0,0,0,0,0,1,0,0,0,0,0,0,0,0,0,0,0,0,0,0,0,0,0,0,0,0,0,0,0,0,0,1,0,1,1,1,1,1,1,1,1,1,1,1,1,1,1,1,1,1,1,1,1,1,1,1,1,1,1,1,1,1,1,1,1,1,1,1,1,1,1,1,0,0.06543395898749825
c9b668922c6913c,30270-11623,1,Waymo LLC,5-Day,7.0,2024.0,SEP-2025,SADHW2S10R1,Y,,JAGUAR, ,I-PACE, ,2024.0, ,056bf0722360f10,Unknown,"5th Generation ADS, Version 10", ,ADS,Verified Engaged,Waymo LLC, , ,Y, , , , , , , , , ,SEP-2025, ,17:54, ,c9b668922c6913c,[MAY CONTAIN PERSONALLY IDENTIFIABLE INFORMATION], ,[MAY CONTAIN PERSONALLY IDENTIFIABLE INFORMATION], ,, ,Austin, ,TX,Unknown, ,Street, , , , ,Y, , , , , ,Y, , , , , , , , ,Pickup Truck,Property Damage. No Injured Reported,Proceeding Straight, , , , , ,Y, , , , , ,Changing Lanes,"No Subject Vehicle, No Crash Partner","Yes Subject Vehicle, No Crash Partner",Subject Vehicle - No Passenger In Vehicle,8.0, ,Y, , , , , , , , , , , , ,Y, ,Y, , , ,Unknown, ,Yes, ,"On September [XXX], 2025 at 5:54 PM CT a Waymo Autonomous Vehicle (""Waymo AV"") operating in Austin, Texas was in a collision involving a pickup truck on [XXX] near [XXX]. 
The Waymo AV was traveling northbound on [XXX] in the second from the right lane when it came to a stop to yield to a pickup truck that was stopped facing north in the rightmost lane and partially in the Waymo AV's lane of travel. The Waymo AV maneuvered to the left to go around the pickup truck and change lanes to the rightmost lane. As the Waymo AV was completing the lane change maneuver, the pickup truck proceeded forward, and the front left of the pickup truck made contact with the rear right side of the Waymo AV. At the time of the impact, the Waymo AV's Level 4 ADS was engaged in autonomous mode. Both vehicles sustained damage.
Waymo is reporting this crash under Request No. 1 of Standing General Order 2021-01 because a vehicle involved was towed away. Waymo may supplement or correct its reporting with additional information as it may become available.", ,ADS,current,26669.5,Unknown,Unknown,Unknown,Unknown,Unknown,Unknown,Unknown,Unknown,Unknown,Unknown,Unknown,Unknown,Unknown,Unknown,Unknown,Unknown,Unknown,Unknown,Unknown,Unknown,Unknown,Unknown,Unknown,Unknown,Unknown,45.0,Unknown,Unknown,Unknown,Unknown,Unknown,Unknown,Unknown,Unknown,Unknown,,Unknown,,Unknown,,Unknown,0.0,0.0,1.0,0.0,1,1,1,1,0,0,0,0,1,0,0,0,0,0,0,0,0,0,0,0,0,0,0,0,1,0,0,0,0,0,0,0,0,0,0,0,0,0,0,0,0,0,0,0,0,0,0,0,0,0,1,0,1,1,1,1,1,1,1,1,1,1,1,1,1,1,1,1,1,1,1,1,1,1,1,1,1,1,1,1,1,1,1,1,1,1,1,1,1,1,1,0,0.2737234462615047
cb12e77624194b9,30270-13547,1,Waymo LLC,5-Day,7.0,2024.0,JAN-2026,SADHW2S14R1,Y,[MAY CONTAIN PERSONALLY IDENTIFIABLE INFORMATION],JAGUAR, ,I-PACE, ,2024.0, ,ce19b11de61a00a,Unknown,"5th Generation ADS, Version 10", ,ADS,Verified Engaged,Waymo LLC, , ,Y, , , , , , , , , ,JAN-2026, ,02:43, ,cb12e77624194b9,[MAY CONTAIN PERSONALLY IDENTIFIABLE INFORMATION], ,[MAY CONTAIN PERSONALLY IDENTIFIABLE INFORMATION], ,[MAY CONTAIN PERSONALLY IDENTIFIABLE INFORMATION], ,Los Angeles, ,CA,[MAY CONTAIN PERSONALLY IDENTIFIABLE INFORMATION], ,Intersection, , , , , , ,Y, , , , , , ,Y, , , , , ,Passenger Car,Property Damage. No Injured Reported,Proceeding Straight, , , , , , , , ,Y, , ,Stopped,"No Subject Vehicle, No Crash Partner","Yes Subject Vehicle, No Crash Partner",Subject Vehicle - All Belted,0.0, , , , , , , ,Y, , , , , , ,Y, ,Y, , , ,Unknown, ,Yes, ,"On January 1, 2026 at 2:43 AM PT a Waymo Autonomous Vehicle (""Waymo AV"") operating in Los Angeles, California was in a collision involving a passenger car on W. Olympic Boulevard at S. Highland Avenue.
The Waymo AV was traveling eastbound on W. Olympic Boulevard and came to a stop in the designated left turn lane for a red traffic light at the intersection with S. Highland Avenue. While the Waymo AV was stopped, a passenger car traveling eastbound approached the Waymo AV from behind, and the front of the passenger car made contact with the rear of the stationary Waymo AV. At the time of the impact, the Waymo AV's Level 4 ADS was engaged in autonomous mode. Both vehicles sustained damage.

Waymo is reporting this crash under Request No. 1 of Standing General Order 2021-01 because a vehicle involved was towed away. Waymo may supplement or correct its reporting with additional information as it may become available.", ,ADS,current,26669.5,Unknown,Unknown,Unknown,Unknown,Unknown,Unknown,Unknown,Unknown,Unknown,Unknown,Unknown,Unknown,Unknown,Unknown,Unknown,Unknown,Unknown,Unknown,Unknown,Unknown,Unknown,Unknown,Unknown,Unknown,Unknown,45.0,Unknown,Unknown,Unknown,Unknown,Unknown,Unknown,Unknown,Unknown,Unknown,,Unknown,,Unknown,,Unknown,0.0,0.0,1.0,0.0,1,1,1,1,0,0,0,0,1,0,0,0,0,0,0,0,0,0,0,0,0,0,0,0,0,0,0,0,0,0,0,0,0,0,0,0,0,0,0,0,0,0,0,0,0,0,0,0,0,0,1,0,1,1,1,1,1,1,1,1,1,1,1,1,1,1,1,1,1,1,1,1,1,1,1,1,1,1,1,1,1,1,1,1,1,1,1,1,1,1,1,0,0.19633332546827037
cb29a083da839a5,30270-13055,1,Waymo LLC,5-Day,7.0,2024.0,NOV-2025,SADHW2S11R1,Y,[MAY CONTAIN PERSONALLY IDENTIFIABLE INFORMATION],JAGUAR, ,I-PACE, ,2024.0, ,c42ee51ae3db3a1,Unknown,"5th Generation ADS, Version 10", ,ADS,Verified Engaged,Waymo LLC, , ,Y, , , , , , , , , ,NOV-2025, ,10:23, ,cb29a083da839a5,[MAY CONTAIN PERSONALLY IDENTIFIABLE INFORMATION], ,[MAY CONTAIN PERSONALLY IDENTIFIABLE INFORMATION], ,[MAY CONTAIN PERSONALLY IDENTIFIABLE INFORMATION], ,South San Francisco, ,CA,[MAY CONTAIN PERSONALLY IDENTIFIABLE INFORMATION], ,Intersection, , ,Y, , , , , , , ,Y, , , , , , , , ,SUV,Property Damage. No Injured Reported,Making Left Turn, , ,Y, , , , , , , , ,Proceeding Straight,"No Subject Vehicle, No Crash Partner","Yes Subject Vehicle, No Crash Partner",Subject Vehicle - All Belted,14.0, ,Y, , , , , , , , , , , , ,Y, ,Y, , , ,South San Francisco Police Department, ,Yes, ,"On November 5, 2025 at 10:23 AM PT a Waymo Autonomous Vehicle (""Waymo AV"") operating in South San Francisco, California was in a collision involving an SUV on Maple Avenue at 3rd Lane. 
The Waymo AV was traveling northbound on Maple Street and approaching the intersection with 3rd Lane. An SUV traveling westbound on 3rd Lane proceeded to turn left onto southbound Maple Avenue and entered the Waymo AV's lane of travel. The Waymo AV maneuvered to the left and the front right side of the SUV made contact with the rear right side of the Waymo AV. At the time of the impact, the Waymo AV's Level 4 ADS was engaged in autonomous mode. Both vehicles sustained damage.

Waymo is reporting this crash under Request No. 1 of Standing General Order 2021-01 because a vehicle involved was towed away. Waymo may supplement or correct its reporting with additional information as it may become available.", ,ADS,current,26669.5,Unknown,Unknown,Unknown,Unknown,Unknown,Unknown,Unknown,Unknown,Unknown,Unknown,Unknown,Unknown,Unknown,Unknown,Unknown,Unknown,Unknown,Unknown,Unknown,Unknown,Unknown,Unknown,Unknown,Unknown,Unknown,45.0,Unknown,Unknown,Unknown,Unknown,Unknown,Unknown,Unknown,Unknown,Unknown,,Unknown,,Unknown,,Unknown,0.0,0.0,1.0,0.0,1,1,1,1,0,0,0,0,1,0,0,0,0,0,0,0,0,0,0,0,0,0,0,0,0,0,0,0,0,0,0,0,0,0,0,0,0,0,0,0,0,0,0,0,0,0,0,0,0,0,0,0,1,1,1,1,1,1,1,1,1,1,1,1,1,1,1,1,1,1,1,1,1,1,1,1,1,1,1,1,1,1,1,1,1,1,1,1,1,1,1,0,0.3858186126006617
cb31f26832c6c32,30610-11587,1,"Zoox, Inc.",5-Day,7.0,2024.0,AUG-2025,7Z00XVHX6RK,Y,,ZOOX, ,Zoox, ,2024.0, ,c91287d3011bdde,Unknown,B414.25.08.25, ,ADS,Verified Engaged,Zoox, , , , ,Y,Y, , , , , , ,AUG-2025, ,16:47, ,cb31f26832c6c32,[MAY CONTAIN PERSONALLY IDENTIFIABLE INFORMATION], ,[MAY CONTAIN PERSONALLY IDENTIFIABLE INFORMATION], ,, ,Spring Valley, ,NV,Unknown, ,Street, , ,Y, , , , , ,Y, , , , , , , , , , ,Heavy Truck,Property Damage. No Injured Reported,Entering Traffic, , ,Y, , , , , ,Y, , ,Proceeding Straight,"No Subject Vehicle, No Crash Partner","Yes Subject Vehicle, No Crash Partner",Subject Vehicle - No Passenger In Vehicle,11.0, , ,Y, , , ,Y, , , , , , , ,Y, ,Y, , , ,Unknown, ,Yes, ,"An unoccupied Zoox autonomous vehicle was traveling west along [XXX] toward [XXX] in Las Vegas when a tractor-trailer (Vehicle 2) operator failed to yield the right-of-way, failed to stop at a stop sign, and quickly pulled out of a driveway crossing the centerline and entering the Zoox vehicle's travel lane in an apparent attempt to make a left turn onto westbound [XXX]. The Zoox vehicle braked hard and steered right within its travel lane, but contact was unavoidable. The right corner of the front bumper and grille of the tractor-trailer made contact with the left front side of the Zoox vehicle. The Zoox vehicle then came to a complete stop. The operator of Vehicle 2 reversed off the roadway and stayed on-site to exchange information with the Zoox operations team. The Zoox vehicle was towed from the scene for inspection and was found to have sustained moderate damage. The front bumper, hood, and grille on Vehicle 2 appeared to be damaged. There were no reported injuries, and the police were not called.", ,ADS,current,26669.5,Unknown,Unknown,Unknown,Unknown,Unknown,Unknown,Unknown,Unknown,Unknown,Unknown,Unknown,Unknown,Unknown,Unknown,Unknown,Unknown,Unknown,Unknown,Unknown,Unknown,Unknown,Unknown,Unknown,Unknown,Unknown,45.0,Unknown,Unknown,Unknown,Unknown,Unknown,Unknown,Unknown,Unknown,Unknown,,Unknown,,Unknown,,Unknown,0.0,0.0,1.0,0.0,1,1,1,1,0,0,0,0,1,0,0,0,0,0,0,0,0,0,0,0,0,0,0,0,1,0,0,0,0,0,0,0,0,0,0,0,0,0,0,0,0,0,0,0,0,0,0,0,0,0,1,0,1,1,1,1,1,1,1,1,1,1,1,1,1,1,1,1,1,1,1,1,1,1,1,1,1,1,1,1,1,1,1,1,1,1,1,1,1,1,1,0,0.2851960667660291
cce97df1005f101,30270-11738,1,Waymo LLC,5-Day,7.0,2024.0,SEP-2025,SADHW2S12R1,Y,,JAGUAR, ,I-PACE, ,2024.0, ,06b70f95d1f3933,Unknown,"5th Generation ADS, Version 10", ,ADS,Verified Engaged,Waymo LLC, , ,Y, , , , , , , , , ,SEP-2025, ,23:48, ,cce97df1005f101,[MAY CONTAIN PERSONALLY IDENTIFIABLE INFORMATION], ,[MAY CONTAIN PERSONALLY IDENTIFIABLE INFORMATION], ,[MAY CONTAIN PERSONALLY IDENTIFIABLE INFORMATION], ,San Francisco, ,CA,[MAY CONTAIN PERSONALLY IDENTIFIABLE INFORMATION], ,Street, , ,Y, , , , , ,Y, , , , , , , , , , ,Motorcycle,Minor W/O Hospitalization,Proceeding Straight, , , , , , , , ,Y, , ,Stopped,"No Subject Vehicle, No Crash Partner","Yes Subject Vehicle, No Crash Partner",Subject Vehicle - All Belted,0.0, ,Y, , , , , , , , , , , , ,Y, ,Y, , , ,San Francisco Police Department, ,Yes, ,"On September [XXX], 2025 at 11:48 PM PT a Waymo Autonomous Vehicle (""Waymo AV"") operating in San Francisco, California was in a collision involving a motorcycle on [XXX] at [XXX]. 
The Waymo AV was traveling northbound on [XXX] in the rightmost lane with its right turn signal activated when it slowed to a stop for a queue of traffic for a red light at the intersection with [XXX]. As the light turned green and the Waymo AV began to proceed forward, a motorcycle that was traveling northbound on [XXX] in the second to the right lane changed lanes into the rightmost lane and crossed behind the Waymo AV towards the shoulder, at which point the front of the motorcycle made contact with the rear right side of the Waymo AV. The motorcycle then made contact with the cement traffic barrier on the right side of the roadway. The motorcyclist then fell from the motorcycle and the motorcycle continued without a rider, crossing [XXX] and rolling over the curb and across the sidewalk before coming to a stop on its side on the dirt pedestrian pathway between [XXX] and [XXX].  At the time of the impact, the Waymo AV's Level 4 ADS was engaged in autonomous mode. Both vehicles sustained damage. The driver of the motorcycle alleged minor injuries.
Waymo is reporting this crash under Request No. 1 of Standing General Order 2021-01 because a vehicle involved was towed away. Waymo may supplement or correct its reporting with additional information as it may become available.", ,ADS,current,26669.5,Unknown,Unknown,Unknown,Unknown,Unknown,Unknown,Unknown,Unknown,Unknown,Unknown,Unknown,Unknown,Unknown,Unknown,Unknown,Unknown,Unknown,Unknown,Unknown,Unknown,Unknown,Unknown,Unknown,Unknown,Unknown,45.0,Unknown,Unknown,Unknown,Unknown,Unknown,Unknown,Unknown,Unknown,Unknown,,Unknown,,Unknown,,Unknown,1.0,0.0,1.0,0.0,1,1,1,1,0,0,0,0,1,0,0,0,0,0,0,0,0,0,0,0,0,0,0,0,0,0,0,0,0,0,0,0,0,0,0,0,0,0,0,0,0,0,0,0,0,0,0,0,0,0,0,0,1,1,1,1,1,1,1,1,1,1,1,1,1,1,1,1,1,1,1,1,1,1,1,1,1,1,1,1,1,1,1,1,1,1,1,1,1,1,1,0,0.08202699335558719
ce7cc3f092cf1bf,30270-13054,1,Waymo LLC,5-Day,7.0,2024.0,NOV-2025,SADHW2S18R1,Y,[MAY CONTAIN PERSONALLY IDENTIFIABLE INFORMATION],JAGUAR, ,I-PACE, ,2024.0, ,ae33401c44a202c,Unknown,"5th Generation ADS, Version 10", ,ADS,Verified Engaged,Waymo LLC, , ,Y, , , , , , , , , ,NOV-2025, ,13:15, ,ce7cc3f092cf1bf,[MAY CONTAIN PERSONALLY IDENTIFIABLE INFORMATION], ,[MAY CONTAIN PERSONALLY IDENTIFIABLE INFORMATION], ,[MAY CONTAIN PERSONALLY IDENTIFIABLE INFORMATION], ,San Francisco, ,CA,[MAY CONTAIN PERSONALLY IDENTIFIABLE INFORMATION], ,Intersection, , ,Y, , , , , , , ,Y, , , , , , , , ,Pickup Truck,Property Damage. No Injured Reported,Proceeding Straight, , , , , , , , ,Y, , ,Proceeding Straight,"No Subject Vehicle, No Crash Partner","Yes Subject Vehicle, No Crash Partner",Subject Vehicle - All Belted,2.0, , , , , , , ,Y, , , , , , ,Y, ,Y, , , ,Unknown, ,Yes, ,"On November 5, 2025 at 1:15 PM PT a Waymo Autonomous Vehicle (""Waymo AV"") operating in San Francisco, California was in a collision involving a pickup truck on 17th Street at Corbett Avenue. 
The Waymo AV was traveling eastbound on 17th Street when it slowed to a stop for a stop sign at the intersection with Corbett Avenue. After stopping momentarily, the Waymo AV proceeded forward and a pickup truck traveling eastbound on 17th Street approached the Waymo AV from behind, and the front of the pickup truck made contact with the rear of the Waymo AV. At the time of the impact, the Waymo AV's Level 4 ADS was engaged in autonomous mode. Both vehicles sustained damage.

Waymo is reporting this crash under Request No. 1 of Standing General Order 2021-01 a vehicle involved was towed away. Waymo may supplement or correct its reporting with additional information as it may become available.", ,ADS,current,26669.5,Unknown,Unknown,Unknown,Unknown,Unknown,Unknown,Unknown,Unknown,Unknown,Unknown,Unknown,Unknown,Unknown,Unknown,Unknown,Unknown,Unknown,Unknown,Unknown,Unknown,Unknown,Unknown,Unknown,Unknown,Unknown,45.0,Unknown,Unknown,Unknown,Unknown,Unknown,Unknown,Unknown,Unknown,Unknown,,Unknown,,Unknown,,Unknown,0.0,0.0,1.0,0.0,1,1,1,1,0,0,0,0,1,0,0,0,0,0,0,0,0,0,0,0,0,0,0,0,0,0,0,0,0,0,0,0,0,0,0,0,0,0,0,0,0,0,0,0,0,0,0,0,0,0,1,0,1,1,1,1,1,1,1,1,1,1,1,1,1,1,1,1,1,1,1,1,1,1,1,1,1,1,1,1,1,1,1,1,1,1,1,1,1,1,1,0,0.4062796457461602
ceedaf1e659d839,30270-11791,2,Waymo LLC,Update,7.0,2024.0,NOV-2025,SADHW2S12R1,Y,[MAY CONTAIN PERSONALLY IDENTIFIABLE INFORMATION],JAGUAR, ,I-PACE, ,2024.0, ,15f901629190a97,Unknown,"5th Generation ADS, Version 10", ,ADS,Verified Engaged,Waymo LLC, , ,Y, , , , , , , , , ,SEP-2025, ,22:29, ,ceedaf1e659d839,[MAY CONTAIN PERSONALLY IDENTIFIABLE INFORMATION], ,[MAY CONTAIN PERSONALLY IDENTIFIABLE INFORMATION], ,[MAY CONTAIN PERSONALLY IDENTIFIABLE INFORMATION], ,Los Angeles, ,CA,[MAY CONTAIN PERSONALLY IDENTIFIABLE INFORMATION], ,Intersection, , ,Y, , , , , ,Y, , , , , , , , , , ,Passenger Car,Minor W/O Hospitalization,Stopped, , , , , , , ,Y, , , ,Stopped,"Yes Crash Partner, No Subject Vehicle","Yes Subject Vehicle, Yes Crash Partner",Subject Vehicle - All Belted,0.0, , ,Y, , , , , , , , , , , ,Y, ,Y, , , ,Los Angeles Police Department, ,Yes, ,"Other than an update to the highest severity injury alleged field to reflect a minor injury, the content of this report is unchanged from the initial report submitted on October 2, 2025 [REDACTED, MAY CONTAIN CONFIDENTIAL BUSINESS INFORMATION].
On September 27, 2025 at 10:29 PM PT a Waymo Autonomous Vehicle (""Waymo AV"") operating in Los Angeles, California was in a collision involving a passenger car on Franklin Avenue at Highland Avenue. 

The Waymo AV was stopped facing west on Franklin Avenue in the second to the left designated left turn lane for a red light at the intersection at Highland Avenue. While the Waymo AV was stopped, a passenger car that was traveling northbound in the rightmost lane on Highland Avenue attempted to make a right turn onto eastbound Franklin Avenue. As the passenger car was making the right turn, the passenger car crossed the double yellow lane line and the front of the passenger car made contact with the left side of a second passenger car that was stopped facing west in the leftmost designated left turn lane on Franklin Avenue. The right side of the second passenger car then made contact with the left side of the stationary Waymo AV. At the time of the impact, the Waymo AV's Level 4 ADS was engaged in autonomous mode. The Waymo AV, the first passenger car, and the second passenger car sustained damage. Waymo later received notice of an alleged minor injury from the passenger in the Waymo AV.

Waymo is reporting this crash under Request No. 1 of Standing General Order 2021-01 because a vehicle involved was towed away and because of airbag deployment. Waymo may supplement or correct its reporting with additional information as it may become available.", ,ADS,current,26669.5,Unknown,Unknown,Unknown,Unknown,Unknown,Unknown,Unknown,Unknown,Unknown,Unknown,Unknown,Unknown,Unknown,Unknown,Unknown,Unknown,Unknown,Unknown,Unknown,Unknown,Unknown,Unknown,Unknown,Unknown,Unknown,45.0,Unknown,Unknown,Unknown,Unknown,Unknown,Unknown,Unknown,Unknown,Unknown,,Unknown,,Unknown,,Unknown,1.0,0.0,1.0,0.0,1,1,1,1,0,0,0,0,1,0,0,0,0,0,0,0,0,0,0,0,0,0,0,0,0,0,0,0,0,0,0,0,0,0,0,0,0,0,0,0,0,0,0,0,0,0,0,0,0,0,0,0,1,1,1,1,1,1,1,1,1,1,1,1,1,1,1,1,1,1,1,1,1,1,1,1,1,1,1,1,1,1,1,1,1,1,1,1,1,1,1,0,0.14985806476617478
d06de901f3c18cb,30270-11841,1,Waymo LLC,5-Day,7.0,2024.0,OCT-2025,SADHW2S18R1,Y,,JAGUAR, ,I-PACE, ,2024.0, ,5a6fef52a42e563,Unknown,"5th Generation ADS, Version 10", ,ADS,Verified Engaged,Waymo LLC, , ,Y, , , , , , , , , ,OCT-2025, ,09:55, ,d06de901f3c18cb,[MAY CONTAIN PERSONALLY IDENTIFIABLE INFORMATION], ,[MAY CONTAIN PERSONALLY IDENTIFIABLE INFORMATION], ,[MAY CONTAIN PERSONALLY IDENTIFIABLE INFORMATION], ,Atlanta, ,GA,[MAY CONTAIN PERSONALLY IDENTIFIABLE INFORMATION], ,Intersection, , ,Y, , , , , ,Y, , , , , , , , , , ,Passenger Car,Moderate W/ Hospitalization,Proceeding Straight, , , , , , , , ,Y, , ,Stopped,"No Subject Vehicle, No Crash Partner","No Subject Vehicle, No Crash Partner",Subject Vehicle - Not Belted - see Narrative,0.0, , , , , , , ,Y, , , , , , ,Y, ,Y, , , ,Unknown, ,Yes, ,"On October 3, 2025 at 9:55 AM EDT a Waymo Autonomous Vehicle (""Waymo AV"") operating in Atlanta, Georgia was in a collision involving a passenger car on James P Brawley Drive at Carter St NW. 
The Waymo AV was traveling northbound on James P Brawley Drive and came to a stop at the stop sign at the intersection with Carter St NW. A passenger car traveling directly behind the Waymo AV proceeded without stopping, and the front driver side of the passenger car then made contact with the rear side of the stationary Waymo AV. First responders arrived at the scene and assisted the rider out of the Waymo AV. An ambulance was called to the scene and Waymo later learned that the rider was transported to the hospital. At the time of the impact, the Waymo AV's Level 4 ADS was engaged in autonomous mode. The Waymo AV sustained damage. The passenger in the Waymo AV was not belted at the time of the collision they were in the process of locating the belt fastener for the seat they were occupying.

Waymo is reporting this crash under Request No. 1 of Standing General Order 2021-01 because an individual involved was transported from the scene to a hospital for medical treatment. Waymo may supplement or correct its reporting with additional information as it may become available.", ,ADS,current,26669.5,Unknown,Unknown,Unknown,Unknown,Unknown,Unknown,Unknown,Unknown,Unknown,Unknown,Unknown,Unknown,Unknown,Unknown,Unknown,Unknown,Unknown,Unknown,Unknown,Unknown,Unknown,Unknown,Unknown,Unknown,Unknown,45.0,Unknown,Unknown,Unknown,Unknown,Unknown,Unknown,Unknown,Unknown,Unknown,,Unknown,,Unknown,,Unknown,2.0,0.0,0.0,1.0,1,1,1,1,0,0,0,0,1,0,0,0,0,0,0,0,0,0,0,0,0,0,0,0,0,0,0,0,0,0,0,0,0,0,0,0,0,0,0,0,0,0,0,0,0,0,0,0,0,0,1,0,1,1,1,1,1,1,1,1,1,1,1,1,1,1,1,1,1,1,1,1,1,1,1,1,1,1,1,1,1,1,1,1,1,1,1,1,1,1,1,0,0.21677385951928962
d22f3c0f546b64e,30270-12052,1,Waymo LLC,5-Day,7.0,2024.0,NOV-2025,SADHW2S11R1,Y,[MAY CONTAIN PERSONALLY IDENTIFIABLE INFORMATION],JAGUAR, ,I-PACE, ,2024.0, ,0507c8ddad77a9c,Unknown,"5th Generation ADS, Version 10", ,ADS,Verified Engaged,Waymo LLC, , ,Y, , , , , , , , , ,OCT-2025, ,00:37, ,d22f3c0f546b64e,[MAY CONTAIN PERSONALLY IDENTIFIABLE INFORMATION], ,[MAY CONTAIN PERSONALLY IDENTIFIABLE INFORMATION], ,[MAY CONTAIN PERSONALLY IDENTIFIABLE INFORMATION], ,Scottsdale, ,AZ,[MAY CONTAIN PERSONALLY IDENTIFIABLE INFORMATION], ,Street, , ,Y, , , , , ,Y, , , , , , , , , , ,Passenger Car,Property Damage. No Injured Reported,Passing, ,Y, , , , , , , , , ,Stopped,"No Subject Vehicle, No Crash Partner","Yes Subject Vehicle, No Crash Partner",Subject Vehicle - No Passenger In Vehicle,0.0, , , , ,Y, , , , , , , , , ,Y, ,Y, , , ,Unknown, ,Yes, ,"On October 31, 2025 at 12:37 AM MT a Waymo Autonomous Vehicle (""Waymo AV"") operating in Scottsdale, Arizona was in a collision involving a passenger car in an alley behind 7325 E. Shoeman Lane.
The Waymo AV was parked facing east in the alley behind 7325 E. Shoeman Lane with hazard lights activated when a passenger car that was traveling southbound on N. Wells Fargo Avenue made a right turn into the alley. As the passenger car proceeded westbound in the alley to pass the parked Waymo AV on the left, the left side of the passenger car made contact with the rear left side of the stationary Waymo AV. At the time of the impact, the Waymo AV's Level 4 ADS was engaged in autonomous mode. Both vehicles sustained damage.

Waymo is reporting this crash under Request No. 1 of Standing General Order 2021-01 because a vehicle involved was towed away. Waymo may supplement or correct its reporting with additional information as it may become available.", ,ADS,current,26669.5,Unknown,Unknown,Unknown,Unknown,Unknown,Unknown,Unknown,Unknown,Unknown,Unknown,Unknown,Unknown,Unknown,Unknown,Unknown,Unknown,Unknown,Unknown,Unknown,Unknown,Unknown,Unknown,Unknown,Unknown,Unknown,45.0,Unknown,Unknown,Unknown,Unknown,Unknown,Unknown,Unknown,Unknown,Unknown,,Unknown,,Unknown,,Unknown,0.0,0.0,1.0,0.0,1,1,1,1,0,0,0,0,1,0,0,0,0,0,0,0,0,0,0,0,0,0,0,0,0,0,0,0,0,0,0,0,0,0,0,0,0,0,0,0,0,0,0,0,0,0,0,0,0,0,1,0,1,1,1,1,1,1,1,1,1,1,1,1,1,1,1,1,1,1,1,1,1,1,1,1,1,1,1,1,1,1,1,1,1,1,1,1,1,1,1,0,0.11215295169850019
d23ce59f22e299f,30270-11821,1,Waymo LLC,5-Day,7.0,2024.0,OCT-2025,SADHW2S15R1,Y,,JAGUAR, ,I-PACE, ,2024.0, ,15a27e37627e8f0,Unknown,"5th Generation ADS, Version 10", ,ADS,Verified Engaged,Waymo LLC, , ,Y, , , , , , , , , ,SEP-2025, ,04:51, ,d23ce59f22e299f,[MAY CONTAIN PERSONALLY IDENTIFIABLE INFORMATION], ,[MAY CONTAIN PERSONALLY IDENTIFIABLE INFORMATION], ,[MAY CONTAIN PERSONALLY IDENTIFIABLE INFORMATION], ,Los Angeles, ,CA,[MAY CONTAIN PERSONALLY IDENTIFIABLE INFORMATION], ,Street, , ,Y, , , , , ,Y, , , , , , , , , , ,SUV,Property Damage. No Injured Reported,Backing, , , , , , ,Y, , , , ,Stopped,"No Subject Vehicle, No Crash Partner","Yes Subject Vehicle, No Crash Partner",Subject Vehicle - No Passenger In Vehicle,0.0, , , , , , , , , ,Y, , , , ,Y, ,Y, , , ,Unknown, ,Yes, ,"On September 28, 2025 at 4:51 AM PT a Waymo Autonomous Vehicle (""Waymo AV"") operating in Los Angeles, California was in a collision involving an SUV on Beverly Boulevard at W. Temple Street. 
The Waymo AV was stopped in a queue of traffic facing northwest in the left lane on Beverly Boulevard for the red light at the intersection with W. Temple Street. An SUV that was stopped directly in front of the Waymo AV activated its hazard lights. The SUV then reversed and the rear of the SUV made contact with the front of the stationary Waymo AV. The driver and passenger of the SUV then exited their vehicle and at 4:54 AM the passenger of the SUV tore off the Waymo AV's right side mirror. At the time of the impact, the Waymo AV's Level 4 ADS was engaged in autonomous mode. Both vehicles sustained damage.

Waymo is reporting this crash under Request No. 1 of Standing General Order 2021-01 because a vehicle involved was towed away. Waymo may supplement or correct its reporting with additional information as it may become available.", ,ADS,current,26669.5,Unknown,Unknown,Unknown,Unknown,Unknown,Unknown,Unknown,Unknown,Unknown,Unknown,Unknown,Unknown,Unknown,Unknown,Unknown,Unknown,Unknown,Unknown,Unknown,Unknown,Unknown,Unknown,Unknown,Unknown,Unknown,45.0,Unknown,Unknown,Unknown,Unknown,Unknown,Unknown,Unknown,Unknown,Unknown,,Unknown,,Unknown,,Unknown,0.0,0.0,1.0,0.0,1,1,1,1,0,0,0,0,1,0,0,0,0,0,0,0,0,0,0,0,0,0,0,0,0,0,0,0,0,0,0,0,0,0,0,0,0,0,0,0,0,0,0,0,0,0,0,0,0,0,1,0,1,1,1,1,1,1,1,1,1,1,1,1,1,1,1,1,1,1,1,1,1,1,1,1,1,1,1,1,1,1,1,1,1,1,1,1,1,1,1,0,0.05856041337345698
d3dfc77224865c3,30270-11930,1,Waymo LLC,5-Day,7.0,2024.0,OCT-2025,SADHW2S12R1,Y,,JAGUAR, ,I-PACE, ,2024.0, ,bcec9a9a78bd8e4,Unknown,"5th Generation ADS, Version 10", ,ADS,Verified Engaged,Waymo LLC, , ,Y, , , , , , , , , ,OCT-2025, ,17:12, ,d3dfc77224865c3,[MAY CONTAIN PERSONALLY IDENTIFIABLE INFORMATION], ,[MAY CONTAIN PERSONALLY IDENTIFIABLE INFORMATION], ,[MAY CONTAIN PERSONALLY IDENTIFIABLE INFORMATION], ,Phoenix, ,AZ,[MAY CONTAIN PERSONALLY IDENTIFIABLE INFORMATION], ,Street, , ,Y, , , , , ,Y, , , , , , , , , , ,Pickup Truck,Property Damage. No Injured Reported,Proceeding Straight, , , , , , , , ,Y, , ,Stopped,"No Subject Vehicle, No Crash Partner","Yes Subject Vehicle, No Crash Partner",Subject Vehicle - All Belted,0.0, , , , , , , ,Y, , , , , , ,Y, ,Y, , , ,Unknown, ,Yes, ,"On October 19, 2025 at 5:12 PM MT a Waymo Autonomous Vehicle (""Waymo AV"") operating in Phoenix, Arizona was in a collision involving a pickup truck on E. McDowell Road at N. 52nd Street. 
The Waymo AV was stopped facing west in the third to the right lane on E. McDowell Road in a queue of traffic for a red light at the intersection with N. 52nd Street. While the Waymo AV remained stopped, a pickup truck traveling westbound on E. McDowell Road approached the Waymo AV from behind and the front of the pickup truck made contact with the rear of the stationary Waymo AV. At the time of the impact, the Waymo AV's Level 4 ADS was engaged in autonomous mode. Both vehicles sustained damage.

Waymo is reporting this crash under Request No. 1 of Standing General Order 2021-01 because a vehicle involved was towed away. Waymo may supplement or correct its reporting with additional information as it may become available.", ,ADS,current,26669.5,Unknown,Unknown,Unknown,Unknown,Unknown,Unknown,Unknown,Unknown,Unknown,Unknown,Unknown,Unknown,Unknown,Unknown,Unknown,Unknown,Unknown,Unknown,Unknown,Unknown,Unknown,Unknown,Unknown,Unknown,Unknown,45.0,Unknown,Unknown,Unknown,Unknown,Unknown,Unknown,Unknown,Unknown,Unknown,,Unknown,,Unknown,,Unknown,0.0,0.0,1.0,0.0,1,1,1,1,0,0,0,0,1,0,0,0,0,0,0,0,0,0,0,0,0,0,0,0,0,0,0,0,0,0,0,0,0,0,0,0,0,0,0,0,0,0,0,0,0,0,0,0,0,0,1,0,1,1,1,1,1,1,1,1,1,1,1,1,1,1,1,1,1,1,1,1,1,1,1,1,1,1,1,1,1,1,1,1,1,1,1,1,1,1,1,0,0.22026350202400116
d467f1a99590b12,30270-11926,1,Waymo LLC,5-Day,7.0,2024.0,OCT-2025,SADHW2S1XM1,Y,,JAGUAR, ,I-PACE, ,2021.0, ,96175a696e60941,Unknown,"5th Generation ADS, Version 10", ,ADS,Verified Engaged,Waymo LLC, , ,Y, , , , , , , , , ,OCT-2025, ,07:49, ,d467f1a99590b12,[MAY CONTAIN PERSONALLY IDENTIFIABLE INFORMATION], ,[MAY CONTAIN PERSONALLY IDENTIFIABLE INFORMATION], ,[MAY CONTAIN PERSONALLY IDENTIFIABLE INFORMATION], ,South San Francisco, ,CA,[MAY CONTAIN PERSONALLY IDENTIFIABLE INFORMATION], ,Street, , ,Y, , , , , ,Y, , , , , , , , , , ,Passenger Car,Property Damage. No Injured Reported,Proceeding Straight, , , , , , , , ,Y, , ,Stopped,"Yes Crash Partner, No Subject Vehicle","Yes Subject Vehicle, Yes Crash Partner",Subject Vehicle - All Belted,0.0, , , , , , , ,Y, , , , , , ,Y, ,Y, , , ,South San Francisco Police, ,Yes, ,"On October 17, 2025 at 7:49 AM PT a Waymo Autonomous Vehicle (""Waymo AV"") operating in South San Francisco, California was in a collision involving a passenger car on Baden Avenue near Spruce Avenue. 
The Waymo AV was stopped facing southeast on Baden Avenue in a queue of traffic for a red light for the intersection with Spruce Avenue. While the Waymo AV remained stopped, a passenger car approached the Waymo AV from behind and the front of the passenger car made contact with the rear of the stationary Waymo AV. At the time of the impact, the Waymo AV's Level 4 ADS was engaged in autonomous mode. Both vehicles sustained damage.

Waymo is reporting this crash under Request No. 1 of Standing General Order 2021-01 because a vehicle involved was towed away and because of airbag deployment. Waymo may supplement or correct its reporting with additional information as it may become available.", ,ADS,current,26669.5,Unknown,Unknown,Unknown,Unknown,Unknown,Unknown,Unknown,Unknown,Unknown,Unknown,Unknown,Unknown,Unknown,Unknown,Unknown,Unknown,Unknown,Unknown,Unknown,Unknown,Unknown,Unknown,Unknown,Unknown,Unknown,45.0,Unknown,Unknown,Unknown,Unknown,Unknown,Unknown,Unknown,Unknown,Unknown,,Unknown,,Unknown,,Unknown,0.0,0.0,1.0,0.0,1,1,1,1,0,0,0,0,1,0,0,0,0,0,0,0,0,0,0,0,0,0,0,0,0,0,0,0,0,0,0,0,0,0,0,0,0,0,0,0,0,0,0,0,0,0,0,0,0,0,0,0,1,1,1,1,1,1,1,1,1,1,1,1,1,1,1,1,1,1,1,1,1,1,1,1,1,1,1,1,1,1,1,1,1,1,1,1,1,1,1,0,0.19381256776994382
d47748c82ed906a,30270-11908,1,Waymo LLC,5-Day,7.0,2024.0,OCT-2025,SADHW2S18M1,Y,,JAGUAR, ,I-PACE, ,2021.0, ,036f698e741faac,Unknown,"5th Generation ADS, Version 10", ,ADS,Verified Engaged,Waymo LLC, , ,Y, , , , , , , , , ,OCT-2025, ,09:06, ,d47748c82ed906a,[MAY CONTAIN PERSONALLY IDENTIFIABLE INFORMATION], ,[MAY CONTAIN PERSONALLY IDENTIFIABLE INFORMATION], ,[MAY CONTAIN PERSONALLY IDENTIFIABLE INFORMATION], ,Tempe, ,AZ,[MAY CONTAIN PERSONALLY IDENTIFIABLE INFORMATION], ,Intersection, , ,Y, , , , , ,Y, , , , , , , , , , ,SUV,Minor W/O Hospitalization,Changing Lanes, , , , , ,Y, , , , , ,Proceeding Straight,"No Subject Vehicle, No Crash Partner","Yes Subject Vehicle, No Crash Partner",Subject Vehicle - All Belted,36.0, ,Y, , , , , , , , , , , , ,Y, ,Y, , , ,Tempe Police Department, ,Yes, ,"On October 16, 2025 at 9:06 AM MT a Waymo Autonomous Vehicle (""Waymo AV"") operating in Tempe, Arizona was in a collision involving an SUV on E. Southern Avenue at N. Price Road. 
The Waymo AV was traveling westbound in the leftmost lane on E. Southern Avenue and proceeding straight at a green light at the intersection with N. Price Road. As the Waymo AV entered the intersection, an SUV traveling westbound in the second to the left lane on E. Southern Avenue slowed and maneuvered left into the Waymo AV's lane of travel. The front left side of the SUV made contact with the right rear side of the Waymo AV. At the time of the impact, the Waymo AV's Level 4 ADS was engaged in autonomous mode. Both vehicles sustained damage. The passenger in the Waymo AV alleged a minor injury.

Waymo is reporting this crash under Request No. 1 of Standing General Order 2021-01 because a vehicle involved was towed away. Waymo may supplement or correct its reporting with additional information as it may become available.", ,ADS,current,26669.5,Unknown,Unknown,Unknown,Unknown,Unknown,Unknown,Unknown,Unknown,Unknown,Unknown,Unknown,Unknown,Unknown,Unknown,Unknown,Unknown,Unknown,Unknown,Unknown,Unknown,Unknown,Unknown,Unknown,Unknown,Unknown,45.0,Unknown,Unknown,Unknown,Unknown,Unknown,Unknown,Unknown,Unknown,Unknown,,Unknown,,Unknown,,Unknown,1.0,0.0,1.0,0.0,1,1,1,1,0,0,0,0,1,0,0,0,0,0,0,0,0,0,0,0,0,0,0,0,0,0,0,0,0,0,0,0,0,0,0,0,0,0,0,0,0,0,0,0,0,0,0,0,0,0,0,0,1,1,1,1,1,1,1,1,1,1,1,1,1,1,1,1,1,1,1,1,1,1,1,1,1,1,1,1,1,1,1,1,1,1,1,1,1,1,1,0,0.32795513197360937
d5ace6c48f831a4,30270-13320,1,Waymo LLC,5-Day,7.0,2024.0,DEC-2025,SADHW2S14R1,Y,[MAY CONTAIN PERSONALLY IDENTIFIABLE INFORMATION],JAGUAR, ,I-PACE, ,2024.0, ,ed38e2ed75f2082,Unknown,"5th Generation ADS, Version 10", ,ADS,Verified Engaged,Waymo LLC, , ,Y, , , , , , , , , ,DEC-2025, ,10:51, ,d5ace6c48f831a4,[MAY CONTAIN PERSONALLY IDENTIFIABLE INFORMATION], ,[MAY CONTAIN PERSONALLY IDENTIFIABLE INFORMATION], ,[MAY CONTAIN PERSONALLY IDENTIFIABLE INFORMATION], ,San Francisco, ,CA,[MAY CONTAIN PERSONALLY IDENTIFIABLE INFORMATION], ,Intersection, , ,Y, , , , , ,Y, , , , , , , , , , ,Passenger Car,Property Damage. No Injured Reported,Making Right Turn, , ,Y, , , , , , , , ,Stopped,"No Subject Vehicle, No Crash Partner","Yes Subject Vehicle, No Crash Partner",Subject Vehicle - No Passenger In Vehicle,0.0, , , , ,Y, , , , , , , , , ,Y, ,Y, , , ,Unknown, ,Yes, ,"On December 9, 2025 at 10:51 AM PT a Waymo Autonomous Vehicle (""Waymo AV"") operating in San Francisco, California was in a collision involving a passenger car on Font Boulevard at Lake Merced Boulevard. 
The Waymo AV was stopped facing north on Font Boulevard at the intersection with Lake Merced Boulevard with its right turn signal activated, yielding to oncoming traffic on Lake Merced Boulevard and preparing to make a right turn A passenger car that was initially stopped directly behind the Waymo AV proceeded forward, and the front right side of the passenger car made contact with the rear left side of the stationary Waymo AV. At the time of the impact, the Waymo AV's Level 4 ADS was engaged in autonomous mode. Both vehicles sustained damage.

Waymo is reporting this crash under Request No. 1 of Standing General Order 2021-01 because a vehicle involved was towed away. Waymo may supplement or correct its reporting with additional information as it may become available.", ,ADS,current,26669.5,Unknown,Unknown,Unknown,Unknown,Unknown,Unknown,Unknown,Unknown,Unknown,Unknown,Unknown,Unknown,Unknown,Unknown,Unknown,Unknown,Unknown,Unknown,Unknown,Unknown,Unknown,Unknown,Unknown,Unknown,Unknown,45.0,Unknown,Unknown,Unknown,Unknown,Unknown,Unknown,Unknown,Unknown,Unknown,,Unknown,,Unknown,,Unknown,0.0,0.0,1.0,0.0,1,1,1,1,0,0,0,0,1,0,0,0,0,0,0,0,0,0,0,0,0,0,0,0,0,0,0,0,0,0,0,0,0,0,0,0,0,0,0,0,0,0,0,0,0,0,0,0,0,0,1,0,1,1,1,1,1,1,1,1,1,1,1,1,1,1,1,1,1,1,1,1,1,1,1,1,1,1,1,1,1,1,1,1,1,1,1,1,1,1,1,0,0.16686971913522813
d67766755374650,30270-13100,1,Waymo LLC,5-Day,7.0,2024.0,NOV-2025,SADHW2S10R1,Y,[MAY CONTAIN PERSONALLY IDENTIFIABLE INFORMATION],JAGUAR, ,I-PACE, ,2024.0, ,1070c2b8ab10432,Unknown,"5th Generation ADS, Version 10", ,ADS,Verified Engaged,Waymo LLC, , ,Y, , , , , , , , , ,NOV-2025, ,10:56, ,d67766755374650,[MAY CONTAIN PERSONALLY IDENTIFIABLE INFORMATION], ,[MAY CONTAIN PERSONALLY IDENTIFIABLE INFORMATION], ,[MAY CONTAIN PERSONALLY IDENTIFIABLE INFORMATION], ,Mountain View, ,CA,[MAY CONTAIN PERSONALLY IDENTIFIABLE INFORMATION], ,Street, , , , , , ,Y, , , , , , ,Y, , , , , ,Van,Minor W/O Hospitalization,Proceeding Straight, , , , , , , , ,Y, , ,Stopped,"No Subject Vehicle, No Crash Partner","Yes Subject Vehicle, No Crash Partner",Subject Vehicle - All Belted,0.0, , , , , , , ,Y, , , , , , ,Y, ,Y, , , ,Unknown, ,Yes, ,"On November 13, 2025 at 10:56 AM PT a Waymo Autonomous Vehicle (""Waymo AV"") operating in Mountain View, California was in a collision involving a mail truck on N. Shoreline Boulevard at Montecito Avenue. 
The Waymo AV was traveling northeastbound in the rightmost lane on N. Shoreline Boulevard with its right turn signal activated when it began to maneuver to the right in preparation for a right turn at the intersection with Montecito Avenue and came to a stop at the green light before entering the intersection. While the Waymo AV was stopped, a mail truck traveling northeastbound in the rightmost lane on N. Shoreline Boulevard approached the Waymo AV from behind and the front of the mail truck made contact with the rear of the stationary Waymo AV. At the time of the impact, the Waymo AV's Level 4 ADS was engaged in autonomous mode. Both vehicles sustained damage. The passenger in the Waymo AV alleged a minor injury.

Waymo is reporting this crash under Request No. 1 of Standing General Order 2021-01 because a vehicle involved was towed away. Waymo may supplement or correct its reporting with additional information as it may become available.", ,ADS,current,26669.5,Unknown,Unknown,Unknown,Unknown,Unknown,Unknown,Unknown,Unknown,Unknown,Unknown,Unknown,Unknown,Unknown,Unknown,Unknown,Unknown,Unknown,Unknown,Unknown,Unknown,Unknown,Unknown,Unknown,Unknown,Unknown,45.0,Unknown,Unknown,Unknown,Unknown,Unknown,Unknown,Unknown,Unknown,Unknown,,Unknown,,Unknown,,Unknown,1.0,0.0,1.0,0.0,1,1,1,1,0,0,0,0,1,0,0,0,0,0,0,0,0,0,0,0,0,0,0,0,0,0,0,0,0,0,0,0,0,0,0,0,0,0,0,0,0,0,0,0,0,0,0,0,0,0,1,0,1,1,1,1,1,1,1,1,1,1,1,1,1,1,1,1,1,1,1,1,1,1,1,1,1,1,1,1,1,1,1,1,1,1,1,1,1,1,1,0,0.12887397451915292
d6ba83005d45c1c,30270-11664,1,Waymo LLC,5-Day,7.0,2024.0,SEP-2025,SADHW2S1XR1,Y,,JAGUAR, ,I-PACE, ,2024.0, ,cb1072ac0fd50b0,Unknown,"5th Generation ADS, Version 10", ,ADS,Verified Engaged,Waymo LLC, , ,Y, , , , , , , , , ,SEP-2025, ,20:16, ,d6ba83005d45c1c,[MAY CONTAIN PERSONALLY IDENTIFIABLE INFORMATION], ,[MAY CONTAIN PERSONALLY IDENTIFIABLE INFORMATION], ,, ,San Francisco, ,CA,Unknown, ,Intersection, , ,Y, , , , , ,Y, , , , , , , , , , ,SUV,Property Damage. No Injured Reported,Stopped, , , , , , , ,Y, , , ,Proceeding Straight,"No Subject Vehicle, No Crash Partner","Yes Subject Vehicle, No Crash Partner",Subject Vehicle - All Belted,2.0, , , , ,Y, , , , , , , , , ,Y, ,Y, , , ,Unknown, ,Yes, ,"On September [XXX], 2025 at 8:16 PM PT a Waymo Autonomous Vehicle (""Waymo AV"") operating in San Francisco, California was in a collision involving an SUV on [XXX] at [XXX]. 
The Waymo AV was traveling westbound in the middle of three lanes on [XXX] and came to a stop for a red light at the intersection with [XXX]. An SUV was stopped facing west in the left lane with its hazard lights activated. While the Waymo AV remained stopped, passengers entering the stationary SUV opened the rear right side door. The traffic light then turned green and the Waymo AV remained stopped for the passenger of the SUV standing to the left of the Waymo AV. Once the passengers entered the SUV, the Waymo AV proceeded forward, and the opened rear right door made contact with the rear left side of the Waymo AV. At the time of the impact, the Waymo AV's Level 4 ADS was engaged in autonomous mode. Both vehicles sustained damage.
Waymo is reporting this crash under Request No. 1 of Standing General Order 2021-01 because a vehicle involved was towed away. Waymo may supplement or correct its reporting with additional information as it may become available.", ,ADS,current,26669.5,Unknown,Unknown,Unknown,Unknown,Unknown,Unknown,Unknown,Unknown,Unknown,Unknown,Unknown,Unknown,Unknown,Unknown,Unknown,Unknown,Unknown,Unknown,Unknown,Unknown,Unknown,Unknown,Unknown,Unknown,Unknown,45.0,Unknown,Unknown,Unknown,Unknown,Unknown,Unknown,Unknown,Unknown,Unknown,,Unknown,,Unknown,,Unknown,0.0,0.0,1.0,0.0,1,1,1,1,0,0,0,0,1,0,0,0,0,0,0,0,0,0,0,0,0,0,0,0,1,0,0,0,0,0,0,0,0,0,0,0,0,0,0,0,0,0,0,0,0,0,0,0,0,0,1,0,1,1,1,1,1,1,1,1,1,1,1,1,1,1,1,1,1,1,1,1,1,1,1,1,1,1,1,1,1,1,1,1,1,1,1,1,1,1,1,0,0.23844580895001039
d95454d92c5037c,30270-13372,1,Waymo LLC,5-Day,7.0,2024.0,DEC-2025,SADHW2S18R1,Y,[MAY CONTAIN PERSONALLY IDENTIFIABLE INFORMATION],JAGUAR, ,I-PACE, ,2024.0, ,73dc67e7eb7a62e,Unknown,"5th Generation ADS, Version 10", ,ADS,Verified Engaged,Waymo LLC, , ,Y, , , , , , , , , ,DEC-2025, ,13:01, ,d95454d92c5037c,[MAY CONTAIN PERSONALLY IDENTIFIABLE INFORMATION], ,[MAY CONTAIN PERSONALLY IDENTIFIABLE INFORMATION], ,[MAY CONTAIN PERSONALLY IDENTIFIABLE INFORMATION], ,Phoenix, ,AZ,[MAY CONTAIN PERSONALLY IDENTIFIABLE INFORMATION], ,Street, , ,Y, , , , , ,Y, , , , , , , , , , ,Passenger Car,Minor W/ Hospitalization,Proceeding Straight, , , , , , , , ,Y, , ,Changing Lanes,"No Subject Vehicle, No Crash Partner","Yes Subject Vehicle, No Crash Partner",Subject Vehicle - All Belted,9.0, , , , , , , ,Y, , , , , , ,Y, ,Y, , , ,Unknown, ,Yes, ,"On December 13, 2025 at 1:01 PM MT a Waymo Autonomous Vehicle (Waymo AVâ) operating in Phoenix, Arizona was in a collision involving a passenger car on E. Broadway Road near S. 30th Street. 
The Waymo AV was traveling eastbound in the second from the right lane on E. Broadway Road when a dog entered the roadway from the south curb. The Waymo AV began slowing and maneuvering into the rightmost lane to yield to the dog. While the Waymo was slowing, a passenger car that was traveling behind the Waymo AV approached the Waymo AV and the front of the passenger car made contact with the rear of the Waymo AV. At the time of the impact, the Waymo AVâs Level 4 ADS was engaged in autonomous mode. Both vehicles sustained damage. The passenger of the Waymo AV was transported from the scene to a hospital for medical treatment with minor injuries.

Waymo is reporting this crash under Request No. 1 of Standing General Order 2021-01 because an individual involved was transported from the scene to a hospital for medical treatment. Waymo may supplement or correct its reporting with additional information as it may become available.", ,ADS,current,26669.5,Unknown,Unknown,Unknown,Unknown,Unknown,Unknown,Unknown,Unknown,Unknown,Unknown,Unknown,Unknown,Unknown,Unknown,Unknown,Unknown,Unknown,Unknown,Unknown,Unknown,Unknown,Unknown,Unknown,Unknown,Unknown,45.0,Unknown,Unknown,Unknown,Unknown,Unknown,Unknown,Unknown,Unknown,Unknown,,Unknown,,Unknown,,Unknown,1.0,0.0,1.0,0.0,1,1,1,1,0,0,0,0,1,0,0,0,0,0,0,0,0,0,0,0,0,0,0,0,0,0,0,0,0,0,0,0,0,0,0,0,0,0,0,0,0,0,0,0,0,0,0,0,0,0,1,0,1,1,1,1,1,1,1,1,1,1,1,1,1,1,1,1,1,1,1,1,1,1,1,1,1,1,1,1,1,1,1,1,1,1,1,1,1,1,1,0,0.2571146028894654
daa0c6e71de2c87,30270-11753,1,Waymo LLC,5-Day,7.0,2024.0,SEP-2025,SADHW2S10R1,Y,,JAGUAR, ,I-PACE, ,2024.0, ,1bf9c9b80410c95,Unknown,"5th Generation ADS, Version 10", ,ADS,Verified Engaged,Waymo LLC, , ,Y, , , , , , , , , ,SEP-2025, ,00:16, ,daa0c6e71de2c87,[MAY CONTAIN PERSONALLY IDENTIFIABLE INFORMATION], ,[MAY CONTAIN PERSONALLY IDENTIFIABLE INFORMATION], ,[MAY CONTAIN PERSONALLY IDENTIFIABLE INFORMATION], ,Los Angeles, ,CA,[MAY CONTAIN PERSONALLY IDENTIFIABLE INFORMATION], ,Street, , ,Y, , , , , ,Y, , , , , , , , , , ,SUV,Property Damage. No Injured Reported,Proceeding Straight, , , , , , , ,Y, , , ,Stopped,"No Subject Vehicle, No Crash Partner","Yes Subject Vehicle, No Crash Partner",Subject Vehicle - Not Belted - see Narrative,0.0, , , , ,Y, , , , , , , , , ,Y, ,Y, , , ,Unknown, ,Yes, ,"On September [XXX], 2025 at 12:16 AM PT a Waymo Autonomous Vehicle (""Waymo AV"") operating in Los Angeles, California was in a collision involving an SUV on [XXX] near [XXX]. 
The Waymo AV was traveling northbound on [XXX] when it slowed to a stop and parked in-lane for a passenger drop-off with hazard lights activated. While the Waymo AV was stopped, an SUV that was traveling northbound on [XXX] directly behind the Waymo AV proceeded to pass the Waymo AV on the left. While the SUV was maneuvering around the stationary Waymo AV, a passenger in the Waymo AV opened the rear left door and the open rear left door made contact with the right side of the SUV. At the time of the impact, the Waymo AV's Level 4 ADS was engaged in autonomous mode. Both vehicles sustained damage. A passenger in the Waymo AV was not belted at the time of the collision, likely as they were preparing to exit the Waymo AV.
Waymo is reporting this crash under Request No. 1 of Standing General Order 2021-01 because a vehicle involved was towed away. Waymo may supplement or correct its reporting with additional information as it may become available.", ,ADS,current,26669.5,Unknown,Unknown,Unknown,Unknown,Unknown,Unknown,Unknown,Unknown,Unknown,Unknown,Unknown,Unknown,Unknown,Unknown,Unknown,Unknown,Unknown,Unknown,Unknown,Unknown,Unknown,Unknown,Unknown,Unknown,Unknown,45.0,Unknown,Unknown,Unknown,Unknown,Unknown,Unknown,Unknown,Unknown,Unknown,,Unknown,,Unknown,,Unknown,0.0,0.0,1.0,0.0,1,1,1,1,0,0,0,0,1,0,0,0,0,0,0,0,0,0,0,0,0,0,0,0,0,0,0,0,0,0,0,0,0,0,0,0,0,0,0,0,0,0,0,0,0,0,0,0,0,0,1,0,1,1,1,1,1,1,1,1,1,1,1,1,1,1,1,1,1,1,1,1,1,1,1,1,1,1,1,1,1,1,1,1,1,1,1,1,1,1,1,0,0.16094455026027885
dadd18ab4cc4fcb,30270-11205,1,Waymo LLC,5-Day,7.0,2024.0,JUN-2025,SADHW2S19R1,Y,,JAGUAR, ,I-PACE, ,2024.0, ,8532dedf081c3c2,Unknown,5th Generation ADS Version 10, ,ADS,Verified Engaged,Waymo LLC, , ,Y, , , , , , , , , ,JUN-2025, ,22:04, ,dadd18ab4cc4fcb,[MAY CONTAIN PERSONALLY IDENTIFIABLE INFORMATION], ,[MAY CONTAIN PERSONALLY IDENTIFIABLE INFORMATION], ,, ,San Francisco, ,CA,Unknown, ,Intersection, , ,Y, , , , , ,Y, , , , , , , , , , ,Non-Motorist: Cyclist,Minor W/ Hospitalization,Passing,Unknown,Unknown,Unknown,Unknown,Unknown,Unknown,Unknown,Unknown,Unknown,Unknown,Unknown,Parked,"No Subject Vehicle, No Crash Partner","Yes Subject Vehicle, No Crash Partner",Subject Vehicle - Not Belted - see Narrative,0.0, , , , , , , , ,Y, , , , , ,Y, ,Y, , , ,Unknown, ,Yes, ,"On June [XXX], 2025 at 10:04 PM PT a Waymo Autonomous Vehicle (""Waymo AV"") operating in San Francisco, California was in a collision involving a cyclist on [XXX] at [XXX]. 
The Waymo AV was stopped facing southeast in the right lane on [XXX] for a red light at the intersection at [XXX] when a Waymo AV passenger opted to end their ride prior to reaching their originally specified drop-off location, prompting the Waymo AV to park in-lane and activate its hazard lights for the passenger drop-off. A cyclist was traveling southeastbound on [XXX] in between vehicles in the right lane and vehicles stopped at the curb. As the cyclist passed the Waymo AV to the right, a Waymo AV passenger opened the front passenger side door and the front passenger side door of the Waymo AV made contact with the cyclist. The passengers in the vehicle were not belted at the time of the collision, as they were preparing to exit the Waymo AV. At the time of the impact, the Waymo AV's Level 4 ADS was engaged in autonomous mode. The Waymo AV sustained damage. The cyclist reported minor injuries and was transported from the scene in an ambulance. 
Waymo is reporting this crash under Request No. 1 of Standing General Order 2021-01 because an individual involved was transported from the scene to a hospital for medical treatment and a vehicle involved was towed away. Waymo may supplement or correct its reporting with additional information as it may become available.", ,ADS,current,26669.5,Unknown,Unknown,Unknown,Unknown,Unknown,Unknown,Unknown,Unknown,Unknown,Unknown,Unknown,Unknown,Unknown,Unknown,Unknown,Unknown,Unknown,Unknown,Unknown,Unknown,Unknown,Unknown,Unknown,Unknown,Unknown,45.0,Unknown,Unknown,Unknown,Unknown,Unknown,Unknown,Unknown,Unknown,Unknown,,Unknown,,Unknown,,Unknown,1.0,0.0,1.0,0.0,1,1,1,1,0,0,0,0,1,0,0,0,0,0,0,0,0,0,0,0,0,0,0,0,1,0,0,0,0,0,0,0,0,0,0,0,0,0,1,1,1,1,1,1,1,1,1,1,1,0,1,0,1,1,1,1,1,1,1,1,1,1,1,1,1,1,1,1,1,1,1,1,1,1,1,1,1,1,1,1,1,1,1,1,1,1,1,1,1,1,1,0,0.01327491920084128
dc166aecd5b4265,30270-11713,1,Waymo LLC,5-Day,7.0,2024.0,SEP-2025,SADHW2S1XR1,Y,,JAGUAR, ,I-PACE, ,2024.0, ,9eebe23c15459e8,Unknown,"5th Generation ADS, Version 10", ,ADS,Verified Engaged,Waymo LLC, , ,Y, , , , , , , , , ,SEP-2025, ,01:21, ,dc166aecd5b4265,[MAY CONTAIN PERSONALLY IDENTIFIABLE INFORMATION], ,[MAY CONTAIN PERSONALLY IDENTIFIABLE INFORMATION], ,[MAY CONTAIN PERSONALLY IDENTIFIABLE INFORMATION], ,Tempe, ,AZ,[MAY CONTAIN PERSONALLY IDENTIFIABLE INFORMATION], ,Street, , ,Y, , , , , ,Y, , , , , , , , , , ,Motorcycle,Fatality,Proceeding Straight, , ,Y, , , , , ,Y, , ,Making Right Turn,"No Subject Vehicle, No Crash Partner","Yes Subject Vehicle, Unknown Crash Partner",Subject Vehicle - No Passenger In Vehicle,8.0, , , , ,Y, , , , , , , , , ,Y, ,Y, , , ,Tempe Police Department, ,Yes, ,"On September [XXX], 2025 at 1:21 AM PT a Waymo Autonomous Vehicle (""Waymo AV"") operating in Tempe, Arizona was in a collision involving a motorcycle on [XXX] at [XXX]. 
The Waymo AV was traveling north in the rightmost lane on [XXX] and began slowing with its right turn signal activated in preparation for a right turn into a parking lot at [XXX], yielding to a pedestrian crossing the driveway entrance to the parking lot on the right-hand sidewalk. While the Waymo AV was slowing with its right turn signal activated, a motorcycle in the rightmost lane approached the Waymo AV from behind and the front of the motorcycle made contact with the rear left corner of the Waymo AV. The impact with the Waymo AV resulted in the motorcyclist falling from the motorcycle and into the roadway to the left of the Waymo AV. Immediately afterwards, a passenger car in the second-from-the-rightmost lane passed the Waymo AV on the left and struck the motorcyclist in the roadway. The passenger car did not stop and left the scene. The motorcyclist was transported from the scene to a hospital, where they were declared deceased. At the time of impact, the Waymo AV's Level 4 ADS was engaged in autonomous mode, and the Waymo AV was not carrying passengers. Following contact with the motorcycle, the Waymo AV came to a complete stop and remained stopped until the vehicle was towed away several hours later. The Waymo AV and the motorcycle sustained damage. The extent of the damage to the passenger car that left the scene is unknown at this time.
Waymo is reporting this crash under Request No. 1 of Standing General Order 2021-01 because of a fatality. Waymo may supplement or correct its reporting with additional information as it may become available.", ,ADS,current,26669.5,Unknown,Unknown,Unknown,Unknown,Unknown,Unknown,Unknown,Unknown,Unknown,Unknown,Unknown,Unknown,Unknown,Unknown,Unknown,Unknown,Unknown,Unknown,Unknown,Unknown,Unknown,Unknown,Unknown,Unknown,Unknown,45.0,Unknown,Unknown,Unknown,Unknown,Unknown,Unknown,Unknown,Unknown,Unknown,,Unknown,,Unknown,,Unknown,4.0,0.0,1.0,1.0,1,1,1,1,0,0,0,0,1,0,0,0,0,0,0,0,0,0,0,0,0,0,0,0,0,0,0,0,0,0,0,0,0,0,0,0,0,0,0,0,0,0,0,0,0,0,0,0,0,0,0,0,1,1,1,1,1,1,1,1,1,1,1,1,1,1,1,1,1,1,1,1,1,1,1,1,1,1,1,1,1,1,1,1,1,1,1,1,1,1,1,0,0.09737882454015331
dc282220b0999f2,30270-11378,1,Waymo LLC,5-Day,7.0,2024.0,JUL-2025,SADHW2S18R1,Y,,JAGUAR, ,I-PACE, ,2024.0, ,88407506ae95fd0,Unknown,"5th Generation ADS, Version 10", ,ADS,Verified Engaged,Waymo LLC, , ,Y, , , , , , , , , ,JUL-2025, ,16:46, ,dc282220b0999f2,[MAY CONTAIN PERSONALLY IDENTIFIABLE INFORMATION], ,[MAY CONTAIN PERSONALLY IDENTIFIABLE INFORMATION], ,, ,San Francisco, ,CA,Unknown, ,Street, , ,Y, , , , , , , ,Y, , , , , , , , ,Pickup Truck,Property Damage. No Injured Reported,Proceeding Straight, , , , , , , , ,Y, , ,Stopped,"No Subject Vehicle, No Crash Partner","Yes Subject Vehicle, Yes Crash Partner",Subject Vehicle - All Belted,0.0, , , , , , , ,Y, , , , , , ,Y, ,Y, , , ,Unknown, ,Yes, ,"On July [XXX], 2025 at 4:46 PM PT a Waymo Autonomous Vehicle (""Waymo AV"") operating in San Francisco, California was in a collision involving a pickup truck on [XXX] near [XXX]. 
The Waymo AV was traveling westbound on [XXX] when it slowed to a stop for a queue of traffic yielding to a pedestrian that was crossing [XXX] inside the marked crosswalk ahead. An SUV travelling directly behind the Waymo AV was approached by a pickup truck from behind and the front driver side of the pickup truck made contact with the rear passenger side of the passenger car causing the passenger car to be pushed to the left onto the flush median. The pickup truck continued to proceed straight, and the front of the pickup truck made contact with the rear of the Waymo AV. At the time of the impact, the Waymo AV's Level 4 ADS was engaged in autonomous mode. Both vehicles sustained damage.
Waymo is reporting this crash under Request No. 1 of Standing General Order 2021-01 because a vehicle involved was towed away. Waymo may supplement or correct its reporting with additional information as it may become available.", ,ADS,current,26669.5,Unknown,Unknown,Unknown,Unknown,Unknown,Unknown,Unknown,Unknown,Unknown,Unknown,Unknown,Unknown,Unknown,Unknown,Unknown,Unknown,Unknown,Unknown,Unknown,Unknown,Unknown,Unknown,Unknown,Unknown,Unknown,45.0,Unknown,Unknown,Unknown,Unknown,Unknown,Unknown,Unknown,Unknown,Unknown,,Unknown,,Unknown,,Unknown,0.0,0.0,1.0,0.0,1,1,1,1,0,0,0,0,1,0,0,0,0,0,0,0,0,0,0,0,0,0,0,0,1,0,0,0,0,0,0,0,0,0,0,0,0,0,0,0,0,0,0,0,0,0,0,0,0,0,1,0,1,1,1,1,1,1,1,1,1,1,1,1,1,1,1,1,1,1,1,1,1,1,1,1,1,1,1,1,1,1,1,1,1,1,1,1,1,1,1,0,0.21073307616000697
dc57e0dc1c2928f,30270-12018,1,Waymo LLC,5-Day,7.0,2024.0,NOV-2025,SADHW2S1XR1,Y,,JAGUAR, ,I-PACE, ,2024.0, ,d169222ce9d6e00,Unknown,"5th Generation ADS, Version 10", ,ADS,Verified Engaged,Waymo LLC, , ,Y, , , , , , , , , ,OCT-2025, ,13:34, ,dc57e0dc1c2928f,[MAY CONTAIN PERSONALLY IDENTIFIABLE INFORMATION], ,[MAY CONTAIN PERSONALLY IDENTIFIABLE INFORMATION], ,[MAY CONTAIN PERSONALLY IDENTIFIABLE INFORMATION], ,San Francisco, ,CA,[MAY CONTAIN PERSONALLY IDENTIFIABLE INFORMATION], ,Street, , ,Y, , , , , ,Y, , , , , , , , , , ,Pickup Truck,Property Damage. No Injured Reported,Backing, , , , , , ,Y, , , , ,Stopped,"No Subject Vehicle, No Crash Partner","Yes Subject Vehicle, No Crash Partner",Subject Vehicle - All Belted,0.0, , , , , , , , , ,Y, , , , ,Y, ,Y, , , ,Unknown, ,Yes, ,"On October 30, 2025 at 1:34 PM PT a Waymo Autonomous Vehicle (""Waymo AV"") operating in San Francisco, California was in a collision involving a pickup truck on 1st Street near Folsom Street.
The Waymo AV was traveling southeastbound on 1st Street in the rightmost lane.  A pickup truck that was initially traveling southeastbound on 1st Street directly in front of the Waymo AV came to a stop, and the Waymo AV came to a stop to yield to the stopped pickup truck. While the Waymo AV was stopped, the pickup truck reversed and the rear of the pickup truck made contact with the front of the stationary Waymo AV. At the time of the impact, the Waymo AV's Level 4 ADS was engaged in autonomous mode. The Waymo AV sustained damage.

Waymo is reporting this crash under Request No. 1 of Standing General Order 2021-01 because a vehicle involved was towed away. Waymo may supplement or correct its reporting with additional information as it may become available.", ,ADS,current,26669.5,Unknown,Unknown,Unknown,Unknown,Unknown,Unknown,Unknown,Unknown,Unknown,Unknown,Unknown,Unknown,Unknown,Unknown,Unknown,Unknown,Unknown,Unknown,Unknown,Unknown,Unknown,Unknown,Unknown,Unknown,Unknown,45.0,Unknown,Unknown,Unknown,Unknown,Unknown,Unknown,Unknown,Unknown,Unknown,,Unknown,,Unknown,,Unknown,0.0,0.0,1.0,0.0,1,1,1,1,0,0,0,0,1,0,0,0,0,0,0,0,0,0,0,0,0,0,0,0,0,0,0,0,0,0,0,0,0,0,0,0,0,0,0,0,0,0,0,0,0,0,0,0,0,0,1,0,1,1,1,1,1,1,1,1,1,1,1,1,1,1,1,1,1,1,1,1,1,1,1,1,1,1,1,1,1,1,1,1,1,1,1,1,1,1,1,0,0.08391799402490997
df8b95ac4152a51,30270-13582,1,Waymo LLC,5-Day,7.0,2024.0,JAN-2026,SADHW2S10R1,Y,[MAY CONTAIN PERSONALLY IDENTIFIABLE INFORMATION],JAGUAR, ,I-PACE, ,2024.0, ,c2305b3bea08a46,Unknown,"5th Generation ADS, Version 10", ,ADS,Verified Engaged,Waymo LLC, , ,Y, , , , , , , , , ,JAN-2026, ,18:38, ,df8b95ac4152a51,[MAY CONTAIN PERSONALLY IDENTIFIABLE INFORMATION], ,[MAY CONTAIN PERSONALLY IDENTIFIABLE INFORMATION], ,[MAY CONTAIN PERSONALLY IDENTIFIABLE INFORMATION], ,Venice, ,CA,[MAY CONTAIN PERSONALLY IDENTIFIABLE INFORMATION], ,Intersection, , ,Y, , , , , ,Y, , , , , , , , , , ,Passenger Car,Property Damage. No Injured Reported,Proceeding Straight, , ,Y, , , , , , , , ,Proceeding Straight,"No Subject Vehicle, No Crash Partner","Yes Subject Vehicle, Yes Crash Partner",Subject Vehicle - All Belted,11.0, ,Y, , , , , , , , , , , , ,Y, ,Y, , , ,Unknown, ,Yes, ,"On January 7, 2026 at 6:38 PM PT a Waymo Autonomous Vehicle (""Waymo AV"") operating in Venice, California was in a collision involving a passenger car on Westminster Avenue at Electric Avenue. 
The Waymo AV was traveling southwestbound on Westminster Avenue when it came to a stop for a stop sign at the intersection with Electric Avenue as a passenger car slowed near the stop sign on eastbound Electric Avenue. After stopping, the Waymo AV began to enter the intersection at a slow speed as an SUV traveling northbound on Westminster Avenue executed its left turn onto Electric Avenue. As the Waymo AV was proceeding through the intersection, the passenger car continued through the stop sign on Electric Avenue without coming to a complete stop and began accelerating into the intersection. The Waymo AV began to maneuver to the left to avoid the oncoming passenger car. The passenger car continued to proceed forward, and the front right side of the passenger car made contact with the rear right side of the Waymo AV. At the time of the impact, the Waymo AV's Level 4 ADS was engaged in autonomous mode. Both vehicles sustained damage.

Waymo is reporting this crash under Request No. 1 of Standing General Order 2021-01 because a vehicle involved was towed away. Waymo may supplement or correct its reporting with additional information as it may become available.", ,ADS,current,26669.5,Unknown,Unknown,Unknown,Unknown,Unknown,Unknown,Unknown,Unknown,Unknown,Unknown,Unknown,Unknown,Unknown,Unknown,Unknown,Unknown,Unknown,Unknown,Unknown,Unknown,Unknown,Unknown,Unknown,Unknown,Unknown,45.0,Unknown,Unknown,Unknown,Unknown,Unknown,Unknown,Unknown,Unknown,Unknown,,Unknown,,Unknown,,Unknown,0.0,0.0,1.0,0.0,1,1,1,1,0,0,0,0,1,0,0,0,0,0,0,0,0,0,0,0,0,0,0,0,0,0,0,0,0,0,0,0,0,0,0,0,0,0,0,0,0,0,0,0,0,0,0,0,0,0,1,0,1,1,1,1,1,1,1,1,1,1,1,1,1,1,1,1,1,1,1,1,1,1,1,1,1,1,1,1,1,1,1,1,1,1,1,1,1,1,1,0,0.4238635853215903
df94ef1fab818f4,30270-13144,1,Waymo LLC,5-Day,7.0,2024.0,NOV-2025,SADHW2S16R1,Y,[MAY CONTAIN PERSONALLY IDENTIFIABLE INFORMATION],JAGUAR, ,I-PACE, ,2024.0, ,17e585bbca9a446,Unknown,"5th Generation ADS, Version 10", ,ADS,Verified Engaged,Waymo LLC, , ,Y, , , , , , , , , ,NOV-2025, ,06:48, ,df94ef1fab818f4,[MAY CONTAIN PERSONALLY IDENTIFIABLE INFORMATION], ,[MAY CONTAIN PERSONALLY IDENTIFIABLE INFORMATION], ,[MAY CONTAIN PERSONALLY IDENTIFIABLE INFORMATION], ,Phoenix, ,AZ,[MAY CONTAIN PERSONALLY IDENTIFIABLE INFORMATION], ,Street, , ,Y, , , , , ,Y, , , , , , , , , , ,Pickup Truck,Property Damage. No Injured Reported,Proceeding Straight, , ,Y, , , , , , , , ,Parked,"No Subject Vehicle, No Crash Partner","Yes Subject Vehicle, No Crash Partner",Subject Vehicle - No Passenger In Vehicle,0.0, , , , ,Y, , , , , , , , , ,Y, ,Y, , , ,Phoenix Police Department, ,Yes, ,"On November 17, 2025 at 6:48 AM MT a Waymo Autonomous Vehicle (""Waymo AV"") operating in Phoenix, Arizona was in a collision involving a pickup truck on N. 43rd Street near E. Beck Lane. 
The Waymo AV was parked at the curb facing south on N. 43rd Street when a pickup truck traveling southbound on N. 43rd Street approached the Waymo AV from behind and the front right side of the pickup truck made contact with the rear left side of the Waymo AV. At the time of the impact, the Waymo AV's Level 4 ADS was engaged in autonomous mode. Both vehicles sustained damage. 

Waymo is reporting this crash under Request No. 1 of Standing General Order 2021-01 because a vehicle involved was towed away. Waymo may supplement or correct its reporting with additional information as it may become available.", ,ADS,current,26669.5,Unknown,Unknown,Unknown,Unknown,Unknown,Unknown,Unknown,Unknown,Unknown,Unknown,Unknown,Unknown,Unknown,Unknown,Unknown,Unknown,Unknown,Unknown,Unknown,Unknown,Unknown,Unknown,Unknown,Unknown,Unknown,45.0,Unknown,Unknown,Unknown,Unknown,Unknown,Unknown,Unknown,Unknown,Unknown,,Unknown,,Unknown,,Unknown,0.0,0.0,1.0,0.0,1,1,1,1,0,0,0,0,1,0,0,0,0,0,0,0,0,0,0,0,0,0,0,0,0,0,0,0,0,0,0,0,0,0,0,0,0,0,0,0,0,0,0,0,0,0,0,0,0,0,0,0,1,1,1,1,1,1,1,1,1,1,1,1,1,1,1,1,1,1,1,1,1,1,1,1,1,1,1,1,1,1,1,1,1,1,1,1,1,1,1,0,0.29639134988292215
dfc3628b216077c,30270-13583,1,Waymo LLC,5-Day,7.0,2024.0,JAN-2026,SADHW2S13R1,Y,[MAY CONTAIN PERSONALLY IDENTIFIABLE INFORMATION],JAGUAR, ,I-PACE, ,2024.0, ,d9d5dc741b88875,Unknown,"5th Generation ADS, Version 10", ,ADS,Verified Engaged,Waymo LLC, , ,Y, , , , , , , , , ,JAN-2026, ,22:04, ,dfc3628b216077c,[MAY CONTAIN PERSONALLY IDENTIFIABLE INFORMATION], ,[MAY CONTAIN PERSONALLY IDENTIFIABLE INFORMATION], ,[MAY CONTAIN PERSONALLY IDENTIFIABLE INFORMATION], ,Los Angeles, ,CA,[MAY CONTAIN PERSONALLY IDENTIFIABLE INFORMATION], ,Street, , , ,Y, , , , ,Y, , , , , , , , , , ,Other Fixed Object,Property Damage. No Injured Reported,Unknown,Unknown,Unknown,Unknown,Unknown,Unknown,Unknown,Unknown,Unknown,Unknown,Unknown,Unknown,Proceeding Straight,"No Subject Vehicle, Unknown Crash Partner","Yes Subject Vehicle, Unknown Crash Partner",Subject Vehicle - No Passenger In Vehicle,10.0, , , , , , , , , , ,Y, , , ,Y, ,Y, , , ,Unknown, ,Yes, ,"On January 6, 2026 at 10:04 PM PT a Waymo Autonomous Vehicle (""Waymo AV"") operating in Los Angeles, California was in a collision involving raised pavement in an alley between Potomac Avenue and Hillcrest Drive.
The Waymo AV was traveling southwestbound in an alley between Potomac Avenue and Hillcrest Drive when the undercarriage of the Waymo AV made contact with the raised pavement located in the driving lane surrounding an underground utility access cover. At the time of the impact, the Waymo AV's Level 4 ADS was engaged in autonomous mode. The Waymo AV sustained damage.

Waymo is reporting this crash under Request No. 1 of Standing General Order 2021-01 because a vehicle involved was towed away. Waymo may supplement or correct its reporting with additional information as it may become available.", ,ADS,current,26669.5,Unknown,Unknown,Unknown,Unknown,Unknown,Unknown,Unknown,Unknown,Unknown,Unknown,Unknown,Unknown,Unknown,Unknown,Unknown,Unknown,Unknown,Unknown,Unknown,Unknown,Unknown,Unknown,Unknown,Unknown,Unknown,45.0,Unknown,Unknown,Unknown,Unknown,Unknown,Unknown,Unknown,Unknown,Unknown,,Unknown,,Unknown,,Unknown,0.0,0.0,1.0,0.0,1,1,1,1,0,0,0,0,1,0,0,0,0,0,0,0,0,0,0,0,0,0,0,0,0,0,0,0,0,0,0,0,0,0,0,0,0,1,1,1,1,1,1,1,1,1,1,1,1,0,1,0,1,1,1,1,1,1,1,1,1,1,1,1,1,1,1,1,1,1,1,1,1,1,1,1,1,1,1,1,1,1,1,1,1,1,1,1,1,1,1,0,0.3990880688739725
dfdd19231c02d44,30270-13326,1,Waymo LLC,5-Day,7.0,2024.0,DEC-2025,SADHW2S15R1,Y,[MAY CONTAIN PERSONALLY IDENTIFIABLE INFORMATION],JAGUAR, ,I-PACE, ,2024.0, ,68257e5bd9a8932,Unknown,"5th Generation ADS, Version 10", ,ADS,Verified Engaged,Waymo LLC, , ,Y, , , , , , , , , ,DEC-2025, ,14:20, ,dfdd19231c02d44,[MAY CONTAIN PERSONALLY IDENTIFIABLE INFORMATION], ,[MAY CONTAIN PERSONALLY IDENTIFIABLE INFORMATION], ,[MAY CONTAIN PERSONALLY IDENTIFIABLE INFORMATION], ,Atlanta, ,GA,[MAY CONTAIN PERSONALLY IDENTIFIABLE INFORMATION], ,Street, , ,Y, , , , , , , , ,Y, , , , , , , ,Pickup Truck,Property Damage. No Injured Reported,Passing, , , , , , , ,Y, , , ,Parked,"No Subject Vehicle, No Crash Partner","Yes Subject Vehicle, No Crash Partner",Subject Vehicle - No Passenger In Vehicle,0.0, , , , ,Y, , , , , , , , , ,Y, ,Y, , , ,Unknown, ,Yes, ,"On December 9, 2025 at 2:20 PM ET a Waymo Autonomous Vehicle (""Waymo AV"") operating in Atlanta, Georgia was in a collision involving a pickup truck on Coca Cola Place SE near Pratt Street SE. 
The Waymo AV was stopped in-lane facing southeast on Coca Cola Place SE for a passenger pick-up with hazard lights activated. While the Waymo AV was stopped, a pickup truck traveling southeastbound on Coca Cola Place SE proceeded to pass the Waymo AV on the left and the right side of the pickup truck made contact with the rear left side of the stationary Waymo AV. At the time of the impact, the Waymo AV's Level 4 ADS was engaged in autonomous mode. Both vehicles sustained damage.

Waymo is reporting this crash under Request No. 1 of Standing General Order 2021-01 because a vehicle involved was towed away. Waymo may supplement or correct its reporting with additional information as it may become available.", ,ADS,current,26669.5,Unknown,Unknown,Unknown,Unknown,Unknown,Unknown,Unknown,Unknown,Unknown,Unknown,Unknown,Unknown,Unknown,Unknown,Unknown,Unknown,Unknown,Unknown,Unknown,Unknown,Unknown,Unknown,Unknown,Unknown,Unknown,45.0,Unknown,Unknown,Unknown,Unknown,Unknown,Unknown,Unknown,Unknown,Unknown,,Unknown,,Unknown,,Unknown,0.0,0.0,1.0,0.0,1,1,1,1,0,0,0,0,1,0,0,0,0,0,0,0,0,0,0,0,0,0,0,0,0,0,0,0,0,0,0,0,0,0,0,0,0,0,0,0,0,0,0,0,0,0,0,0,0,0,1,0,1,1,1,1,1,1,1,1,1,1,1,1,1,1,1,1,1,1,1,1,1,1,1,1,1,1,1,1,1,1,1,1,1,1,1,1,1,1,1,0,0.08501123585290522
dffa2f99e3df433,30270-11516,1,Waymo LLC,5-Day,7.0,2024.0,AUG-2025,SADHW2S10R1,Y,,JAGUAR, ,I-PACE, ,2024.0, ,29957f8439e963f,Unknown,"5th Generation ADS, Version 10", ,ADS,Verified Engaged,Waymo LLC, , ,Y, , , , , , , , , ,AUG-2025, ,07:47, ,dffa2f99e3df433,[MAY CONTAIN PERSONALLY IDENTIFIABLE INFORMATION], ,[MAY CONTAIN PERSONALLY IDENTIFIABLE INFORMATION], ,, ,San Francisco, ,CA,Unknown, ,Intersection, , ,Y, , , , , , , ,Y, , , , , , , , ,Heavy Truck,Property Damage. No Injured Reported,Backing, , , , , , ,Y, , , , ,Proceeding Straight,"No Subject Vehicle, No Crash Partner","Yes Subject Vehicle, No Crash Partner",Subject Vehicle - No Passenger In Vehicle,13.0, , ,Y, , , , , , , , , , , ,Y, ,Y, , , ,Unknown, ,Yes, ,"On August 16, 2025 at 7:47 AM PT a Waymo Autonomous Vehicle (""Waymo AV"") operating in San Francisco, California was in a collision involving a heavy truck on [XXX] and [XXX]. 
The Waymo AV was traveling westbound on [XXX] when it came to a stop in the intersection with [XXX] to yield to a heavy truck that was traveling northwestbound on [XXX] and attempting to make a sharp left turn onto southbound [XXX]. The heavy truck reversed momentarily in the Waymo AV's lane of travel and proceeded forward before it stopped facing south for pedestrians that were crossing [XXX]. The Waymo AV proceeded to maneuver around the stationary heavy truck, passing to the rear of the truck. While the Waymo AV was passing behind the heavy truck, the heavy truck began reversing and the rear of the heavy truck made contact with the left side of the Waymo AV. At the time of the impact, the Waymo AV's Level 4 ADS was engaged in autonomous mode. The Waymo AV sustained damage.
Waymo is reporting this crash under Request No. 1 of Standing General Order 2021-01 because a vehicle involved was towed away. Waymo may supplement or correct its reporting with additional information as it may become available.", ,ADS,current,26669.5,Unknown,Unknown,Unknown,Unknown,Unknown,Unknown,Unknown,Unknown,Unknown,Unknown,Unknown,Unknown,Unknown,Unknown,Unknown,Unknown,Unknown,Unknown,Unknown,Unknown,Unknown,Unknown,Unknown,Unknown,Unknown,45.0,Unknown,Unknown,Unknown,Unknown,Unknown,Unknown,Unknown,Unknown,Unknown,,Unknown,,Unknown,,Unknown,0.0,0.0,1.0,0.0,1,1,1,1,0,0,0,0,1,0,0,0,0,0,0,0,0,0,0,0,0,0,0,0,1,0,0,0,0,0,0,0,0,0,0,0,0,0,0,0,0,0,0,0,0,0,0,0,0,0,1,0,1,1,1,1,1,1,1,1,1,1,1,1,1,1,1,1,1,1,1,1,1,1,1,1,1,1,1,1,1,1,1,1,1,1,1,1,1,1,1,0,0.3047434668050517
e1f3e7fe553b30b,30270-13485,1,Waymo LLC,5-Day,7.0,2024.0,DEC-2025,SADHW2S16R1,Y,[MAY CONTAIN PERSONALLY IDENTIFIABLE INFORMATION],JAGUAR, ,I-PACE, ,2024.0, ,c1a27180882445c,Unknown,"5th Generation ADS, Version 10", ,ADS,Verified Engaged,Waymo LLC, , ,Y, , , , , , , , , ,DEC-2025, ,14:50, ,e1f3e7fe553b30b,[MAY CONTAIN PERSONALLY IDENTIFIABLE INFORMATION], ,[MAY CONTAIN PERSONALLY IDENTIFIABLE INFORMATION], ,[MAY CONTAIN PERSONALLY IDENTIFIABLE INFORMATION], ,Austin, ,TX,[MAY CONTAIN PERSONALLY IDENTIFIABLE INFORMATION], ,Parking Lot, , ,Y, , , , , ,Y, , , , , , , , , , ,Other Fixed Object,Property Damage. No Injured Reported,Unknown,Unknown,Unknown,Unknown,Unknown,Unknown,Unknown,Unknown,Unknown,Unknown,Unknown,Unknown,Proceeding Straight,"No Subject Vehicle, No Crash Partner","Yes Subject Vehicle, No Crash Partner",Subject Vehicle - All Belted,10.0, , , , , , , , , , ,Y, , , ,Y, ,Y, , , ,Unknown, ,Yes, ,"On December 24, 2025 at 2:50 PM CT a Waymo Autonomous Vehicle (""Waymo AV"") operating in Austin, Texas made contact with the pavement in a parking lot driveway entrance on West Stassney Lane near Menchaca Road.
The Waymo AV was traveling southeastbound on West Stassney Lane in the left lane, and began to turn left into a parking lot driveway entrance when the underside of the Waymo AV made contact with the pavement. At the time of the impact, the Waymo AV's Level 4 ADS was engaged in autonomous mode. The Waymo AV sustained damage.

Waymo is reporting this crash under Request No. 1 of Standing General Order 2021-01 because a vehicle involved was towed away. Waymo may supplement or correct its reporting with additional information as it may become available.", ,ADS,current,26669.5,Unknown,Unknown,Unknown,Unknown,Unknown,Unknown,Unknown,Unknown,Unknown,Unknown,Unknown,Unknown,Unknown,Unknown,Unknown,Unknown,Unknown,Unknown,Unknown,Unknown,Unknown,Unknown,Unknown,Unknown,Unknown,45.0,Unknown,Unknown,Unknown,Unknown,Unknown,Unknown,Unknown,Unknown,Unknown,,Unknown,,Unknown,,Unknown,0.0,0.0,1.0,0.0,1,1,1,1,0,0,0,0,1,0,0,0,0,0,0,0,0,0,0,0,0,0,0,0,0,0,0,0,0,0,0,0,0,0,0,0,0,1,1,1,1,1,1,1,1,1,1,1,1,0,1,0,1,1,1,1,1,1,1,1,1,1,1,1,1,1,1,1,1,1,1,1,1,1,1,1,1,1,1,1,1,1,1,1,1,1,1,1,1,1,1,0,0.4543703855150697
e2bb33f022e4ab9,30610-11166,1,"Zoox, Inc.",5-Day,7.0,2024.0,JUN-2025,5TDDGRFH9KS,Y,,TOYOTA, ,Highlander, ,2019.0, ,0068afb8e0f4652,In-Vehicle (Commercial / Test),287.25.06.13, ,ADS,Verified Not Engaged,Zoox, , , , ,Y,Y, , , , , , ,JUN-2025, ,15:29, ,e2bb33f022e4ab9,[MAY CONTAIN PERSONALLY IDENTIFIABLE INFORMATION], ,[MAY CONTAIN PERSONALLY IDENTIFIABLE INFORMATION], ,, ,Paradise, ,NV,Unknown, ,Street, , ,Y, , , , , ,Y, , , , , , , , , , ,Pickup Truck,Property Damage. No Injured Reported,Proceeding Straight, , ,Y, , ,Y, , ,Y, , ,Stopped,"No Subject Vehicle, No Crash Partner","Yes Subject Vehicle, No Crash Partner",Subject Vehicle - All Belted,0.0, ,Y, , ,Y, , ,Y, , , , , , ,Y, ,Y, , , ,Unknown, ,Yes, ,"A Zoox vehicle (Vehicle 1) operating in autonomous mode was traveling in the left through lane (lane #2) on westbound [XXX], approaching [XXX] in Las Vegas. The Zoox vehicle operator disengaged from autonomy after the traffic light at [XXX] transitioned from green to yellow and braked, bringing the Zoox vehicle to a stop, at which point it was rear-ended by a pickup truck (Vehicle 2) traveling behind. Both vehicles sustained minor damage however, the Zoox vehicle was towed from the scene as its operator was not comfortable driving it back. There were no reported injuries, and the police were not notified.", ,ADS,current,26669.5,Unknown,Unknown,Unknown,Unknown,Unknown,Unknown,Unknown,Unknown,Unknown,Unknown,Unknown,Unknown,Unknown,Unknown,Unknown,Unknown,Unknown,Unknown,Unknown,Unknown,Unknown,Unknown,Unknown,Unknown,Unknown,45.0,Unknown,Unknown,Unknown,Unknown,Unknown,Unknown,Unknown,Unknown,Unknown,,Unknown,,Unknown,,Unknown,0.0,0.0,1.0,0.0,1,1,1,1,0,0,0,0,0,0,0,0,0,0,0,0,0,0,0,0,0,0,0,0,1,0,0,0,0,0,0,0,0,0,0,0,0,0,0,0,0,0,0,0,0,0,0,0,0,0,1,0,1,1,1,1,1,1,1,1,1,1,1,1,1,1,1,1,1,1,1,1,1,1,1,1,1,1,1,1,1,1,1,1,1,1,1,1,1,1,1,0,0.22026350202400116
e2d1fb0db303f75,30270-11987,1,Waymo LLC,5-Day,7.0,2024.0,OCT-2025,SADHW2S1XR1,Y,,JAGUAR, ,I-PACE, ,2024.0, ,e4eadb78f24f1ec,Unknown,"5th Generation ADS, Version 10", ,ADS,Verified Engaged,Waymo LLC, , ,Y, , , , , , , , , ,OCT-2025, ,10:57, ,e2d1fb0db303f75,[MAY CONTAIN PERSONALLY IDENTIFIABLE INFORMATION], ,[MAY CONTAIN PERSONALLY IDENTIFIABLE INFORMATION], ,[MAY CONTAIN PERSONALLY IDENTIFIABLE INFORMATION], ,Phoenix, ,AZ,[MAY CONTAIN PERSONALLY IDENTIFIABLE INFORMATION], ,Intersection, , ,Y, , , , , ,Y, , , , , , , , , , ,Pickup Truck,Property Damage. No Injured Reported,Proceeding Straight, , , , , , , , ,Y, , ,Stopped,"No Subject Vehicle, No Crash Partner","Yes Subject Vehicle, No Crash Partner",Subject Vehicle - No Passenger In Vehicle,0.0, , , , , , , ,Y, , , , , , ,Y, ,Y, , , ,Phoenix Police Department, ,Yes, ,"On October 23, 2025 at 10:57 AM MT a Waymo Autonomous Vehicle (""Waymo AV"") operating in Phoenix, Arizona was in a collision involving a pickup truck on S. 32nd Street at E. Wood Street. 
The Waymo AV was stopped facing north in the rightmost lane on S. 32nd Street for a red light at the intersection at E. Wood Street. While the Waymo AV remained stopped, a pickup truck that was stopped directly behind the Waymo AV proceeded forward, and the front of the pickup truck made contact with the rear of the stationary Waymo AV. At the time of the impact, the Waymo AV's Level 4 ADS was engaged in autonomous mode. Both vehicles sustained damage.

Waymo is reporting this crash under Request No. 1 of Standing General Order 2021-01 because a vehicle involved was towed away. Waymo may supplement or correct its reporting with additional information as it may become available.", ,ADS,current,26669.5,Unknown,Unknown,Unknown,Unknown,Unknown,Unknown,Unknown,Unknown,Unknown,Unknown,Unknown,Unknown,Unknown,Unknown,Unknown,Unknown,Unknown,Unknown,Unknown,Unknown,Unknown,Unknown,Unknown,Unknown,Unknown,45.0,Unknown,Unknown,Unknown,Unknown,Unknown,Unknown,Unknown,Unknown,Unknown,,Unknown,,Unknown,,Unknown,0.0,0.0,1.0,0.0,1,1,1,1,0,0,0,0,1,0,0,0,0,0,0,0,0,0,0,0,0,0,0,0,0,0,0,0,0,0,0,0,0,0,0,0,0,0,0,0,0,0,0,0,0,0,0,0,0,0,0,0,1,1,1,1,1,1,1,1,1,1,1,1,1,1,1,1,1,1,1,1,1,1,1,1,1,1,1,1,1,1,1,1,1,1,1,1,1,1,1,0,0.24540458097455503
e42070f58e9d454,30270-13551,1,Waymo LLC,5-Day,7.0,2024.0,JAN-2026,SADHW2S11R1,Y,[MAY CONTAIN PERSONALLY IDENTIFIABLE INFORMATION],JAGUAR, ,I-PACE, ,2024.0, ,0b5a6220debf8c9,In-Vehicle (Commercial / Test),"5th Generation ADS, Version 10", ,ADS,Verified Not Engaged,Waymo LLC, , ,Y, , , , , , , , , ,JAN-2026, ,04:48, ,e42070f58e9d454,[MAY CONTAIN PERSONALLY IDENTIFIABLE INFORMATION], ,[MAY CONTAIN PERSONALLY IDENTIFIABLE INFORMATION], ,[MAY CONTAIN PERSONALLY IDENTIFIABLE INFORMATION], ,Tempe, ,AZ,[MAY CONTAIN PERSONALLY IDENTIFIABLE INFORMATION], ,Intersection, , ,Y, , , , , ,Y, , , , , , , , , , ,SUV,Property Damage. No Injured Reported,Changing Lanes, , ,Y, , , , , , , , ,Proceeding Straight,"No Subject Vehicle, No Crash Partner","Yes Subject Vehicle, No Crash Partner",Subject Vehicle - All Belted,5.0, , , , ,Y, , , , , , , , , ,Y, ,Y, , , ,Unknown, ,Yes, ,"On January 4, 2026 at 4:48 AM MT a Waymo Autonomous Vehicle (""Waymo AV"") operating in Tempe, Arizona was in a collision involving an SUV on N. Price Road at E. University Drive. 
The Waymo AV was traveling northbound on N. Price Road in the designated left turn lane, in autonomous mode with its left turn signal activated and began to slow as it approached a yellow light at the intersection with E. University Drive. As the Waymo AV approached the intersection, the test driver transitioned the Waymo AV to manual mode. An SUV traveling northbound on N. Price Road in the adjacent lane behind and to the right of the Waymo AV proceeded to change lanes. The SUV approached the Waymo AV from behind, and began to maneuver to the left, and the front right side of the SUV made contact with the rear of the Waymo AV.  At the time of the impact, the Waymo AV's Level 4 ADS was not engaged and a test driver was operating the Waymo AV in manual mode.  Both vehicles sustained damage.

Waymo is reporting this crash under Request No. 1 of Standing General Order 2021-01 because a vehicle involved was towed away. Waymo may supplement or correct its reporting with additional information as it may become available.", ,ADS,current,26669.5,Unknown,Unknown,Unknown,Unknown,Unknown,Unknown,Unknown,Unknown,Unknown,Unknown,Unknown,Unknown,Unknown,Unknown,Unknown,Unknown,Unknown,Unknown,Unknown,Unknown,Unknown,Unknown,Unknown,Unknown,Unknown,45.0,Unknown,Unknown,Unknown,Unknown,Unknown,Unknown,Unknown,Unknown,Unknown,,Unknown,,Unknown,,Unknown,0.0,0.0,1.0,0.0,1,1,1,1,0,0,0,0,0,0,0,0,0,0,0,0,0,0,0,0,0,0,0,0,0,0,0,0,0,0,0,0,0,0,0,0,0,0,0,0,0,0,0,0,0,0,0,0,0,0,1,0,1,1,1,1,1,1,1,1,1,1,1,1,1,1,1,1,1,1,1,1,1,1,1,1,1,1,1,1,1,1,1,1,1,1,1,1,1,1,1,0,0.2094393809918922
e492ceaa28f9a3b,30270-12044,1,Waymo LLC,5-Day,7.0,2024.0,NOV-2025,SADHW2S10R1,Y,[MAY CONTAIN PERSONALLY IDENTIFIABLE INFORMATION],JAGUAR, ,I-PACE, ,2024.0, ,bbbfab6ed0fa88e,Unknown,"5th Generation ADS, Version 10", ,ADS,Verified Engaged,Waymo LLC, , ,Y, , , , , , , , , ,OCT-2025, ,15:39, ,e492ceaa28f9a3b,[MAY CONTAIN PERSONALLY IDENTIFIABLE INFORMATION], ,[MAY CONTAIN PERSONALLY IDENTIFIABLE INFORMATION], ,[MAY CONTAIN PERSONALLY IDENTIFIABLE INFORMATION], ,Tempe, ,AZ,[MAY CONTAIN PERSONALLY IDENTIFIABLE INFORMATION], ,Street, , ,Y, , , , , ,Y, , , , , , , , , , ,"Other, see Narrative",Property Damage. No Injured Reported,"Other, see Narrative", , , , , , , , , , ,Y,Proceeding Straight,"No Subject Vehicle, Unknown Crash Partner","Yes Subject Vehicle, Unknown Crash Partner",Subject Vehicle - All Belted,4.0, ,Y, , , , , , , , , , , , ,Y, ,Y, , , ,Unknown, ,Yes, ,"On October 31, 2025 at 3:39 PM MT a Waymo Autonomous Vehicle (""Waymo AV"") operating in Tempe, Arizona was in a collision involving a gate on W. Caroline Lane at S. Beck Avenue. 
The Waymo AV was stopped at the curb facing north in a cul-de-sac on W. Caroline Lane for a passenger pickup near the gated entrance separating W. Caroline Lane from S. Beck Avenue. While the Waymo AV was stopped, a passenger car approached the other side of the gated entrance and the north side of the swinging gate began swinging out into the roadway towards the Waymo AV. As the swinging gate was opening, the Waymo AV proceeded straight and the swinging gate made contact with the rear right side of the Waymo AV. At the time of the impact, the Waymo AV's Level 4 ADS was engaged in autonomous mode. The Waymo AV and the gate sustained damage.

Waymo is reporting this crash under Request No. 1 of Standing General Order 2021-01 because a vehicle involved was towed away. Waymo may supplement or correct its reporting with additional information as it may become available.", ,ADS,current,26669.5,Unknown,Unknown,Unknown,Unknown,Unknown,Unknown,Unknown,Unknown,Unknown,Unknown,Unknown,Unknown,Unknown,Unknown,Unknown,Unknown,Unknown,Unknown,Unknown,Unknown,Unknown,Unknown,Unknown,Unknown,Unknown,45.0,Unknown,Unknown,Unknown,Unknown,Unknown,Unknown,Unknown,Unknown,Unknown,,Unknown,,Unknown,,Unknown,0.0,0.0,1.0,0.0,1,1,1,1,0,0,0,0,1,0,0,0,0,0,0,0,0,0,0,0,0,0,0,0,0,0,0,0,0,0,0,0,0,0,0,0,0,0,0,0,0,0,0,0,0,0,0,0,0,0,1,0,1,1,1,1,1,1,1,1,1,1,1,1,1,1,1,1,1,1,1,1,1,1,1,1,1,1,1,1,1,1,1,1,1,1,1,1,1,1,1,0,0.23948309618398525
e546747f8848f04,30270-11924,1,Waymo LLC,5-Day,7.0,2024.0,OCT-2025,SADHW2S16R1,Y,,JAGUAR, ,I-PACE, ,2024.0, ,3caa16ede38ed4a,Unknown,"5th Generation ADS, Version 10", ,ADS,Verified Engaged,Waymo LLC, , ,Y, , , , , , , , , ,OCT-2025, ,09:10, ,e546747f8848f04,[MAY CONTAIN PERSONALLY IDENTIFIABLE INFORMATION], ,[MAY CONTAIN PERSONALLY IDENTIFIABLE INFORMATION], ,[MAY CONTAIN PERSONALLY IDENTIFIABLE INFORMATION], ,San Francisco, ,CA,[MAY CONTAIN PERSONALLY IDENTIFIABLE INFORMATION], ,Street, , ,Y, , , , , ,Y, , , , , , , , , , ,Heavy Truck,Property Damage. No Injured Reported,Passing, , , , , , , ,Y, , , ,Parked,"No Subject Vehicle, No Crash Partner","Yes Subject Vehicle, No Crash Partner",Subject Vehicle - Not Belted - see Narrative,0.0, , , , ,Y, , , , , , , , , ,Y, ,Y, , , ,Unknown, ,Yes, ,"On October 16, 2025 at 9:10 AM PT a Waymo Autonomous Vehicle (""Waymo AV"") operating in San Francisco, California was in a collision involving a heavy truck on Beale Street near Mission Street. 
The Waymo AV was parked at the curb facing southeast on Beale Street for a passenger drop-off with hazard lights activated. While the Waymo AV remained stopped, a heavy truck that was initially stopped behind the Waymo AV facing southeast on Beale Street proceeded forward and maneuvered around the left of the Waymo AV into the adjacent lane, and the right side of the heavy truck made contact with the rear left side of the Waymo AV. The passenger in the Waymo AV was not belted at the time of the collision. At the time of the impact, the Waymo AV's Level 4 ADS was engaged in autonomous mode. Both vehicles sustained damage.

Waymo is reporting this crash under Request No. 1 of Standing General Order 2021-01 because a vehicle involved was towed away. Waymo may supplement or correct its reporting with additional information as it may become available.", ,ADS,current,26669.5,Unknown,Unknown,Unknown,Unknown,Unknown,Unknown,Unknown,Unknown,Unknown,Unknown,Unknown,Unknown,Unknown,Unknown,Unknown,Unknown,Unknown,Unknown,Unknown,Unknown,Unknown,Unknown,Unknown,Unknown,Unknown,45.0,Unknown,Unknown,Unknown,Unknown,Unknown,Unknown,Unknown,Unknown,Unknown,,Unknown,,Unknown,,Unknown,0.0,0.0,1.0,0.0,1,1,1,1,0,0,0,0,1,0,0,0,0,0,0,0,0,0,0,0,0,0,0,0,0,0,0,0,0,0,0,0,0,0,0,0,0,0,0,0,0,0,0,0,0,0,0,0,0,0,1,0,1,1,1,1,1,1,1,1,1,1,1,1,1,1,1,1,1,1,1,1,1,1,1,1,1,1,1,1,1,1,1,1,1,1,1,1,1,1,1,0,0.2603560238628408
e58f9c1ddfb6571,30270-13160,1,Waymo LLC,5-Day,7.0,2024.0,NOV-2025,SADHW2S11R1,Y,[MAY CONTAIN PERSONALLY IDENTIFIABLE INFORMATION],JAGUAR, ,I-PACE, ,2024.0, ,390044f737879e8,Unknown,"5th Generation ADS, Version 10", ,ADS,Verified Engaged,Waymo LLC, , ,Y, , , , , , , , , ,NOV-2025, ,16:48, ,e58f9c1ddfb6571,[MAY CONTAIN PERSONALLY IDENTIFIABLE INFORMATION], ,[MAY CONTAIN PERSONALLY IDENTIFIABLE INFORMATION], ,[MAY CONTAIN PERSONALLY IDENTIFIABLE INFORMATION], ,Austin, ,TX,[MAY CONTAIN PERSONALLY IDENTIFIABLE INFORMATION], ,Parking Lot, , ,Y, , , , , ,Y, , , , , , , , , , ,"Other, see Narrative",Property Damage. No Injured Reported,"Other, see Narrative", , , , , , , , , , ,Y,Proceeding Straight,"No Subject Vehicle, No Crash Partner","Yes Subject Vehicle, No Crash Partner",Subject Vehicle - All Belted,8.0, , , , , , , , , , ,Y, , , ,Y, ,Y, , , ,Unknown, ,Yes, ,"On November 16, 2025 at 4:48 PM CT a Waymo Autonomous Vehicle (""Waymo AV"") operating in Austin, Texas was in a collision with the pavement at the parking lot entrance at 2153 S. Lamar Boulevard.
The Waymo AV was stopped facing west  in the center lane on S. Lamar Boulevard with its left turn signal activated, waiting to turn left into a parking lot at 2153 S. Lamar Boulevard. After eastbound traffic cleared, the Waymo AV proceeded to turn left into the parking lot at 2153 S. Lamar Boulevard, and the Waymo AV's undercarriage made contact with the pavement at the entrance of the parking lot. At the time of the impact, the Waymo AV's Level 4 ADS was engaged in autonomous mode. The Waymo AV sustained damage.

Waymo is reporting this crash under Request No. 1  of Standing General Order 2021-01 because a vehicle involved was towed away. Waymo may supplement or correct its reporting with additional information as it may become available.", ,ADS,current,26669.5,Unknown,Unknown,Unknown,Unknown,Unknown,Unknown,Unknown,Unknown,Unknown,Unknown,Unknown,Unknown,Unknown,Unknown,Unknown,Unknown,Unknown,Unknown,Unknown,Unknown,Unknown,Unknown,Unknown,Unknown,Unknown,45.0,Unknown,Unknown,Unknown,Unknown,Unknown,Unknown,Unknown,Unknown,Unknown,,Unknown,,Unknown,,Unknown,0.0,0.0,1.0,0.0,1,1,1,1,0,0,0,0,1,0,0,0,0,0,0,0,0,0,0,0,0,0,0,0,0,0,0,0,0,0,0,0,0,0,0,0,0,0,0,0,0,0,0,0,0,0,0,0,0,0,1,0,1,1,1,1,1,1,1,1,1,1,1,1,1,1,1,1,1,1,1,1,1,1,1,1,1,1,1,1,1,1,1,1,1,1,1,1,1,1,1,0,0.2993371427999231
e65e983024a6b24,30270-11760,1,Waymo LLC,5-Day,7.0,2024.0,SEP-2025,SADHW2S14R1,Y,,JAGUAR, ,I-PACE, ,2024.0, ,5bc86c57dcb4547,Unknown,"5th Generation ADS, Version 10", ,ADS,Verified Engaged,Waymo LLC, , ,Y, , , , , , , , , ,SEP-2025, ,21:06, ,e65e983024a6b24,[MAY CONTAIN PERSONALLY IDENTIFIABLE INFORMATION], ,[MAY CONTAIN PERSONALLY IDENTIFIABLE INFORMATION], ,[MAY CONTAIN PERSONALLY IDENTIFIABLE INFORMATION], ,Los Angeles, ,CA,[MAY CONTAIN PERSONALLY IDENTIFIABLE INFORMATION], ,Street, , ,Y, , , , , ,Y, , , , , , , , , , ,Passenger Car,Property Damage. No Injured Reported,Changing Lanes, , , , , ,Y, , , , , ,Proceeding Straight,"No Subject Vehicle, No Crash Partner","Yes Subject Vehicle, No Crash Partner",Subject Vehicle - All Belted,21.0, ,Y, , , , , , , , , , , , ,Y, ,Y, , , ,Unknown, ,Yes, ,"On September 21, 2025 at 9:06 PM PT a Waymo Autonomous Vehicle (""Waymo AV"") operating in Los Angeles, California was in a collision involving a passenger car on W. 8th Street near S. Western Avenue. 
The Waymo AV was traveling eastbound on W. 8th Street through the intersection of S. Western Avenue in the left lane. A passenger car traveling eastbound on W. 8th Street in the right lane, adjacent to and slightly behind the Waymo AV, began to change lanes to the left and the front left side of the passenger car made contact with the rear right side of the Waymo AV. At the time of the impact, the Waymo AV's Level 4 ADS was engaged in autonomous mode. Both vehicles sustained damage.

Waymo is reporting this crash under Request No. 1 of Standing General Order 2021-01 because a vehicle involved was towed away. Waymo may supplement or correct its reporting with additional information as it may become available.", ,ADS,current,26669.5,Unknown,Unknown,Unknown,Unknown,Unknown,Unknown,Unknown,Unknown,Unknown,Unknown,Unknown,Unknown,Unknown,Unknown,Unknown,Unknown,Unknown,Unknown,Unknown,Unknown,Unknown,Unknown,Unknown,Unknown,Unknown,45.0,Unknown,Unknown,Unknown,Unknown,Unknown,Unknown,Unknown,Unknown,Unknown,,Unknown,,Unknown,,Unknown,0.0,0.0,1.0,0.0,1,1,1,1,0,0,0,0,1,0,0,0,0,0,0,0,0,0,0,0,0,0,0,0,0,0,0,0,0,0,0,0,0,0,0,0,0,0,0,0,0,0,0,0,0,0,0,0,0,0,1,0,1,1,1,1,1,1,1,1,1,1,1,1,1,1,1,1,1,1,1,1,1,1,1,1,1,1,1,1,1,1,1,1,1,1,1,1,1,1,1,0,0.28331210386760225
e7860f4e249fa50,30270-13067,1,Waymo LLC,5-Day,7.0,2024.0,NOV-2025,SADHW2S13R1,Y,[MAY CONTAIN PERSONALLY IDENTIFIABLE INFORMATION],JAGUAR, ,I-PACE, ,2024.0, ,ce2a69333b0f094,Unknown,"5th Generation ADS, Version 10", ,ADS,Verified Engaged,Waymo LLC, , ,Y, , , , , , , , , ,NOV-2025, ,08:28, ,e7860f4e249fa50,[MAY CONTAIN PERSONALLY IDENTIFIABLE INFORMATION], ,[MAY CONTAIN PERSONALLY IDENTIFIABLE INFORMATION], ,[MAY CONTAIN PERSONALLY IDENTIFIABLE INFORMATION], ,Culver City, ,CA,[MAY CONTAIN PERSONALLY IDENTIFIABLE INFORMATION], ,Street, , ,Y, , , , , , , ,Y, , , , , , , , ,Pickup Truck,Property Damage. No Injured Reported,Backing,Y, , , , , , , , , , ,Proceeding Straight,"No Subject Vehicle, No Crash Partner","Yes Subject Vehicle, No Crash Partner",Subject Vehicle - No Passenger In Vehicle,10.0, ,Y, , , , , , , , , , , , ,Y, ,Y, , , ,Unknown, ,Yes, ,"On November 9, 2025 at 8:28 AM PT a Waymo Autonomous Vehicle (""Waymo AV"") operating in Culver City, California was in a collision involving a pickup truck on Aneta Street near Inglewood Boulevard. 
The Waymo AV was traveling southwestbound on Aneta Street when it slowed to yield to a pickup truck that was traveling northeastbound and making a left turn into a driveway on the north side of Aneta Street. The pickup truck came to a stop facing northwest, partially in the driveway and partially in-lane, and the Waymo AV continued forward. While the Waymo AV was proceeding past the rear of the pickup truck, the pickup truck reversed and the rear right side of the pickup truck made contact with the rear right side of the Waymo AV. At the time of the impact, the Waymo AV's Level 4 ADS was engaged in autonomous mode. Both vehicles sustained damage.

Waymo is reporting this crash under Request No. 1 of Standing General Order 2021-01 because a vehicle involved was towed away. Waymo may supplement or correct its reporting with additional information as it may become available.", ,ADS,current,26669.5,Unknown,Unknown,Unknown,Unknown,Unknown,Unknown,Unknown,Unknown,Unknown,Unknown,Unknown,Unknown,Unknown,Unknown,Unknown,Unknown,Unknown,Unknown,Unknown,Unknown,Unknown,Unknown,Unknown,Unknown,Unknown,45.0,Unknown,Unknown,Unknown,Unknown,Unknown,Unknown,Unknown,Unknown,Unknown,,Unknown,,Unknown,,Unknown,0.0,0.0,1.0,0.0,1,1,1,1,0,0,0,0,1,0,0,0,0,0,0,0,0,0,0,0,0,0,0,0,0,0,0,0,0,0,0,0,0,0,0,0,0,0,0,0,0,0,0,0,0,0,0,0,0,0,1,0,1,1,1,1,1,1,1,1,1,1,1,1,1,1,1,1,1,1,1,1,1,1,1,1,1,1,1,1,1,1,1,1,1,1,1,1,1,1,1,0,0.18411425696132927
ebfb454aa0fde34,30270-11962,1,Waymo LLC,5-Day,7.0,2024.0,OCT-2025,SADHW2S1XR1,Y,,JAGUAR, ,I-PACE, ,2024.0, ,9ac05f7c953af63,Unknown,"5th Generation ADS, Version 10", ,ADS,Verified Engaged,Waymo LLC, , ,Y, , , , , , , , , ,OCT-2025, ,08:53, ,ebfb454aa0fde34,[MAY CONTAIN PERSONALLY IDENTIFIABLE INFORMATION], ,[MAY CONTAIN PERSONALLY IDENTIFIABLE INFORMATION], ,[MAY CONTAIN PERSONALLY IDENTIFIABLE INFORMATION], ,Mountain View, ,CA,[MAY CONTAIN PERSONALLY IDENTIFIABLE INFORMATION], ,Street, , ,Y, , , , , , , ,Y, , , , , , , , ,Pickup Truck,Property Damage. No Injured Reported,Proceeding Straight, , , , , , , , ,Y, , ,Proceeding Straight,"No Subject Vehicle, No Crash Partner","Yes Subject Vehicle, No Crash Partner",Subject Vehicle - All Belted,2.0, , , , , , , ,Y, , , , , , ,Y, ,Y, , , ,Mountain View Police Department, ,Yes, ,"On October 22, 2025 at 8:53 AM PT a Waymo Autonomous Vehicle (""Waymo AV"") operating in Mountain View, California was in a collision involving a pickup truck on W. Middlefield Road at N. Shoreline Boulevard. 
The Waymo AV was stopped facing southeast in the rightmost lane on W. Middlefield Road in a queue of traffic for a red light at the intersection at Shoreline Boulevard. After the traffic light turned green, the Waymo AV proceeded a short distance forward before coming to a stop to yield to the stationary SUV directly in front of the Waymo AV. As the Waymo AV came to a stop, a pickup truck that was initially stopped directly behind the Waymo AV began to proceed forward. The Waymo AV then began to proceed forward again after the SUV ahead proceeded forward, and the front of the pickup truck then made contact with the rear of the Waymo AV.  At the time of the impact, the Waymo AV's Level 4 ADS was engaged in autonomous mode. Both vehicles sustained damage.

Waymo is reporting this crash under Request No. 1 of Standing General Order 2021-01 because a vehicle involved was towed away. Waymo may supplement or correct its reporting with additional information as it may become available.", ,ADS,current,26669.5,Unknown,Unknown,Unknown,Unknown,Unknown,Unknown,Unknown,Unknown,Unknown,Unknown,Unknown,Unknown,Unknown,Unknown,Unknown,Unknown,Unknown,Unknown,Unknown,Unknown,Unknown,Unknown,Unknown,Unknown,Unknown,45.0,Unknown,Unknown,Unknown,Unknown,Unknown,Unknown,Unknown,Unknown,Unknown,,Unknown,,Unknown,,Unknown,0.0,0.0,1.0,0.0,1,1,1,1,0,0,0,0,1,0,0,0,0,0,0,0,0,0,0,0,0,0,0,0,0,0,0,0,0,0,0,0,0,0,0,0,0,0,0,0,0,0,0,0,0,0,0,0,0,0,0,0,1,1,1,1,1,1,1,1,1,1,1,1,1,1,1,1,1,1,1,1,1,1,1,1,1,1,1,1,1,1,1,1,1,1,1,1,1,1,1,0,0.3727997032437211
edcc53966f2dc75,30270-13301,1,Waymo LLC,5-Day,7.0,2024.0,DEC-2025,SADHW2S17R1,Y,[MAY CONTAIN PERSONALLY IDENTIFIABLE INFORMATION],JAGUAR, ,I-PACE, ,2024.0, ,50bbe94a2ce380c,Unknown,"5th Generation ADS, Version 10", ,ADS,Verified Engaged,Waymo LLC, , ,Y, , , , , , , , , ,DEC-2025, ,00:28, ,edcc53966f2dc75,[MAY CONTAIN PERSONALLY IDENTIFIABLE INFORMATION], ,[MAY CONTAIN PERSONALLY IDENTIFIABLE INFORMATION], ,[MAY CONTAIN PERSONALLY IDENTIFIABLE INFORMATION], ,Los Angeles, ,CA,[MAY CONTAIN PERSONALLY IDENTIFIABLE INFORMATION], ,Street, , ,Y, , , , , ,Y, , , , , , , , , , ,Passenger Car,Property Damage. No Injured Reported,Passing, ,Y, , , , , , , , , ,Stopped,"No Subject Vehicle, No Crash Partner","Yes Subject Vehicle, No Crash Partner",Subject Vehicle - No Passenger In Vehicle,0.0, , , , ,Y, , , , , , , , , ,Y, ,Y, , , ,Unknown, ,Yes, ,"On December 7, 2025 at 12:28 AM PT a Waymo Autonomous Vehicle (""Waymo AV"") operating in Los Angeles, California was in a collision involving a passenger car on N. Hoover Street near Gateway Avenue. 
The Waymo AV was traveling northbound on a narrow portion of N. Hoover Street with vehicles parked at the curb in both directions when it shifted to the right and slowed to a stop in order to yield to a passenger car traveling southbound on N. Hoover Street. As the passenger car proceeded to pass the Waymo AV, the left side of the passenger car made contact with the rear left side of the stationary Waymo AV. At the time of the impact, the Waymo AV's Level 4 ADS was engaged in autonomous mode. Both vehicles sustained damage.

Waymo is reporting this crash under Request No. 1 of Standing General Order 2021-01 because a vehicle involved was towed away. Waymo may supplement or correct its reporting with additional information as it may become available.", ,ADS,current,26669.5,Unknown,Unknown,Unknown,Unknown,Unknown,Unknown,Unknown,Unknown,Unknown,Unknown,Unknown,Unknown,Unknown,Unknown,Unknown,Unknown,Unknown,Unknown,Unknown,Unknown,Unknown,Unknown,Unknown,Unknown,Unknown,45.0,Unknown,Unknown,Unknown,Unknown,Unknown,Unknown,Unknown,Unknown,Unknown,,Unknown,,Unknown,,Unknown,0.0,0.0,1.0,0.0,1,1,1,1,0,0,0,0,1,0,0,0,0,0,0,0,0,0,0,0,0,0,0,0,0,0,0,0,0,0,0,0,0,0,0,0,0,0,0,0,0,0,0,0,0,0,0,0,0,0,1,0,1,1,1,1,1,1,1,1,1,1,1,1,1,1,1,1,1,1,1,1,1,1,1,1,1,1,1,1,1,1,1,1,1,1,1,1,1,1,1,0,0.11215295169850019
ee2c2f62011d1fd,30270-11282,1,Waymo LLC,5-Day,7.0,2024.0,JUL-2025,SADHW2S16R1,Y,,JAGUAR, ,I-PACE, ,2024.0, ,f30223017135b27,Unknown,"5th Generation ADS, Version 10", ,ADS,Verified Engaged,Waymo LLC, , ,Y, , , , , , , , , ,JUL-2025, ,14:40, ,ee2c2f62011d1fd,[MAY CONTAIN PERSONALLY IDENTIFIABLE INFORMATION], ,[MAY CONTAIN PERSONALLY IDENTIFIABLE INFORMATION], ,, ,Los Angeles, ,CA,Unknown, ,Intersection, , ,Y, , , , , ,Y, , , , , , , , , , ,Bus,Property Damage. No Injured Reported,Passing, , , , , , , ,Y, , , ,Stopped,"No Subject Vehicle, No Crash Partner","Yes Subject Vehicle, No Crash Partner",Subject Vehicle - Not Belted - see Narrative,0.0, , ,Y, , , , , , , , , , , ,Y, ,Y, , , ,Unknown, ,Yes, ,"On July [XXX], 2025 at 2:40 PM PT a Waymo Autonomous Vehicle (""Waymo AV"") operating in Los Angeles, California was in a collision involving a bus on [XXX] at [XXX]. 
The Waymo AV was stopped in the right turn lane facing northwest on [XXX] at the intersection with [XXX], yielding to pedestrians standing inside of the crosswalk while waiting to cross. A bus traveling northwestbound on [XXX] passed the Waymo AV and the passenger side of the bus made contact with the driver side of the stationary Waymo AV. At the time of the impact, the Waymo AV's Level 4 ADS was engaged in autonomous mode. The passengers seated in the rear of the Waymo AV were not belted at the time of the collision. The Waymo AV sustained damage.
Waymo is reporting this crash under Request No. 1 of Standing General Order 2021-01 because a vehicle involved was towed away. Waymo may supplement or correct its reporting with additional information as it may become available.", ,ADS,current,26669.5,Unknown,Unknown,Unknown,Unknown,Unknown,Unknown,Unknown,Unknown,Unknown,Unknown,Unknown,Unknown,Unknown,Unknown,Unknown,Unknown,Unknown,Unknown,Unknown,Unknown,Unknown,Unknown,Unknown,Unknown,Unknown,45.0,Unknown,Unknown,Unknown,Unknown,Unknown,Unknown,Unknown,Unknown,Unknown,,Unknown,,Unknown,,Unknown,0.0,0.0,1.0,0.0,1,1,1,1,0,0,0,0,1,0,0,0,0,0,0,0,0,0,0,0,0,0,0,0,1,0,0,0,0,0,0,0,0,0,0,0,0,0,0,0,0,0,0,0,0,0,0,0,0,0,1,0,1,1,1,1,1,1,1,1,1,1,1,1,1,1,1,1,1,1,1,1,1,1,1,1,1,1,1,1,1,1,1,1,1,1,1,1,1,1,1,0,0.2743593657027276
ef50e523c1ceea9,30270-11842,1,Waymo LLC,5-Day,7.0,2024.0,OCT-2025,SADHW2S12R1,Y,,JAGUAR, ,I-PACE, ,2024.0, ,658c7c13f13b1e7,Unknown,"5th Generation ADS, Version 10", ,ADS,Verified Engaged,Waymo LLC, , ,Y, , , , , , , , , ,OCT-2025, ,18:38, ,ef50e523c1ceea9,[MAY CONTAIN PERSONALLY IDENTIFIABLE INFORMATION], ,[MAY CONTAIN PERSONALLY IDENTIFIABLE INFORMATION], ,[MAY CONTAIN PERSONALLY IDENTIFIABLE INFORMATION], ,San Francisco, ,CA,[MAY CONTAIN PERSONALLY IDENTIFIABLE INFORMATION], ,Street, , ,Y, , , , , ,Y, , , , , , , , , , ,SUV,Property Damage. No Injured Reported,Passing, , , , , , , ,Y, , , ,Parked,"No Subject Vehicle, No Crash Partner","Yes Subject Vehicle, No Crash Partner",Subject Vehicle - Not Belted - see Narrative,0.0, , , , ,Y, , , , , , , , , ,Y, ,Y, , , ,Unknown, ,Yes, ,"On October 3, 2025 at 6:38 PM PT a Waymo Autonomous Vehicle (""Waymo AV"") operating in San Francisco, California was in a collision involving an SUV on 19th Street at 3rd Street. 
The Waymo AV was traveling eastbound on 19th Street when it slowed to a stop and parked partially in-lane for a passenger drop-off with hazard lights activated. While the Waymo AV was stopped, an SUV that was traveling eastbound on 19th Street proceeded to pass to the left of the parked Waymo AV. As the SUV was maneuvering around the Waymo AV, a passenger in the Waymo AV opened the rear left door and the right side of the SUV made contact with the open rear left door of the stationary Waymo AV. At the time of the impact, the Waymo AV's Level 4 ADS was engaged in autonomous mode. Both vehicles sustained damage. The passengers in the Waymo AV were not belted at the time of the collision, likely as they were preparing to exit the Waymo AV.

Waymo is reporting this crash under Request No. 1 of Standing General Order 2021-01 because a vehicle involved was towed away. Waymo may supplement or correct its reporting with additional information as it may become available.", ,ADS,current,26669.5,Unknown,Unknown,Unknown,Unknown,Unknown,Unknown,Unknown,Unknown,Unknown,Unknown,Unknown,Unknown,Unknown,Unknown,Unknown,Unknown,Unknown,Unknown,Unknown,Unknown,Unknown,Unknown,Unknown,Unknown,Unknown,45.0,Unknown,Unknown,Unknown,Unknown,Unknown,Unknown,Unknown,Unknown,Unknown,,Unknown,,Unknown,,Unknown,0.0,0.0,1.0,0.0,1,1,1,1,0,0,0,0,1,0,0,0,0,0,0,0,0,0,0,0,0,0,0,0,0,0,0,0,0,0,0,0,0,0,0,0,0,0,0,0,0,0,0,0,0,0,0,0,0,0,1,0,1,1,1,1,1,1,1,1,1,1,1,1,1,1,1,1,1,1,1,1,1,1,1,1,1,1,1,1,1,1,1,1,1,1,1,1,1,1,1,0,0.1306597230409594
f1cfe336ab9946d,30270-13148,1,Waymo LLC,5-Day,7.0,2024.0,NOV-2025,SADHW2S16R1,Y,[MAY CONTAIN PERSONALLY IDENTIFIABLE INFORMATION],JAGUAR, ,I-PACE, ,2024.0, ,acb50447ab56fda,Unknown,"5th Generation ADS, Version 10", ,ADS,Verified Engaged,Waymo LLC, , ,Y, , , , , , , , , ,NOV-2025, ,03:15, ,f1cfe336ab9946d,[MAY CONTAIN PERSONALLY IDENTIFIABLE INFORMATION], ,[MAY CONTAIN PERSONALLY IDENTIFIABLE INFORMATION], ,[MAY CONTAIN PERSONALLY IDENTIFIABLE INFORMATION], ,Atlanta, ,GA,[MAY CONTAIN PERSONALLY IDENTIFIABLE INFORMATION], ,Intersection, , ,Y, , , , , ,Y, , , , , , , , , , ,Passenger Car,Property Damage. No Injured Reported,Proceeding Straight, , , , , , , , ,Y, , ,Stopped,"No Subject Vehicle, No Crash Partner","Yes Subject Vehicle, No Crash Partner",Subject Vehicle - No Passenger In Vehicle,0.0, , , , , , , ,Y, , , , , , ,Y, ,Y, , , ,Unknown, ,Yes, ,"On November 16, 2025 at 3:15 AM ET a Waymo Autonomous Vehicle (""Waymo AV"") operating in Atlanta, Georgia was in a collision involving a passenger car on Peachtree Street NE at 7th Street NE. 
The Waymo AV came to a stop in the left lane facing south on Peachtree Street NE at a red light. Two pedestrians approached the Waymo AV and tried unsuccessfully to board the Waymo AV while it was stopped. While the Waymo AV remained stopped, the traffic light turned green and a passenger car traveling southbound on Peachtree Street NE in the left lane approached the Waymo AV from behind and the front of the passenger car made contact with the rear of the Waymo AV. At the time of the impact, the Waymo AV's Level 4 ADS was engaged in autonomous mode. Both vehicles sustained damage.

Waymo is reporting this crash under Request No. 1 of Standing General Order 2021-01 a vehicle involved was towed away. Waymo may supplement or correct its reporting with additional information as it may become available.", ,ADS,current,26669.5,Unknown,Unknown,Unknown,Unknown,Unknown,Unknown,Unknown,Unknown,Unknown,Unknown,Unknown,Unknown,Unknown,Unknown,Unknown,Unknown,Unknown,Unknown,Unknown,Unknown,Unknown,Unknown,Unknown,Unknown,Unknown,45.0,Unknown,Unknown,Unknown,Unknown,Unknown,Unknown,Unknown,Unknown,Unknown,,Unknown,,Unknown,,Unknown,0.0,0.0,1.0,0.0,1,1,1,1,0,0,0,0,1,0,0,0,0,0,0,0,0,0,0,0,0,0,0,0,0,0,0,0,0,0,0,0,0,0,0,0,0,0,0,0,0,0,0,0,0,0,0,0,0,0,1,0,1,1,1,1,1,1,1,1,1,1,1,1,1,1,1,1,1,1,1,1,1,1,1,1,1,1,1,1,1,1,1,1,1,1,1,1,1,1,1,0,0.21677385951928962
f2e0606b20a817f,30270-11864,1,Waymo LLC,5-Day,7.0,2024.0,OCT-2025,SADHW2S13R1,Y,,JAGUAR, ,I-PACE, ,2024.0, ,40e28007c7aa3e7,Unknown,"5th Generation ADS, Version 10", ,ADS,Verified Engaged,Waymo LLC, , ,Y, , , , , , , , , ,OCT-2025, ,20:42, ,f2e0606b20a817f,[MAY CONTAIN PERSONALLY IDENTIFIABLE INFORMATION], ,[MAY CONTAIN PERSONALLY IDENTIFIABLE INFORMATION], ,[MAY CONTAIN PERSONALLY IDENTIFIABLE INFORMATION], ,Santa Monica, ,CA,[MAY CONTAIN PERSONALLY IDENTIFIABLE INFORMATION], ,Intersection, , ,Y, , , , , ,Y, , , , , , , , , , ,SUV,Minor W/O Hospitalization,Proceeding Straight, , , , , , , , ,Y, , ,Stopped,"No Subject Vehicle, No Crash Partner","Yes Subject Vehicle, Yes Crash Partner",Subject Vehicle - All Belted,0.0, , , , , , , ,Y, , , , , , ,Y, ,Y, , , ,Santa Monica Police Department, ,Yes, ,"On October 8, 2025 at 8:42 PM PT a Waymo Autonomous Vehicle (""Waymo AV"") operating in Santa Monica, California was in a collision involving an SUV on Barnard Way near Ocean Park Boulevard. 
The Waymo AV was traveling southeastbound on Barnard Way in the left lane when it came to a stop for a stop sign at the intersection with a parking lot driveway near 2701 Barnard Way. While the Waymo AV was stopped, an SUV traveling southeastbound on Barnard Way in the left lane approached the Waymo AV from behind and the front of the SUV made contact with the rear of the stationary Waymo AV. The Waymo AV proceeded southeastbound past the intersection and parked at the curb with its hazard lights activated, and the SUV followed and parked behind the Waymo AV. After remaining stopped for approximately 11 minutes, the driver of the SUV executed a series of U-turn maneuvers across Barnard Way, eventually proceeding southeastbound to pass to the left of the Waymo AV. The SUV again executed a U-turn, proceeded northwestbound past the Waymo AV, then made another U-turn to proceed southeastbound again, at which point the SUV approached the Waymo AV from behind and the front right side of the SUV made contact with the rear left side of the stationary Waymo AV. At the time of both impacts, the Waymo AV's Level 4 ADS was engaged in autonomous mode. Both vehicles sustained damage. The rear passenger in the Waymo AV was not belted at the time of the second collision. All three passengers in the Waymo AV alleged minor injuries.
 
Waymo is reporting this crash under Request No. 1 of Standing General Order 2021-01 a vehicle involved was towed away. Waymo may supplement or correct its reporting with additional information as it may become available.", ,ADS,current,26669.5,Unknown,Unknown,Unknown,Unknown,Unknown,Unknown,Unknown,Unknown,Unknown,Unknown,Unknown,Unknown,Unknown,Unknown,Unknown,Unknown,Unknown,Unknown,Unknown,Unknown,Unknown,Unknown,Unknown,Unknown,Unknown,45.0,Unknown,Unknown,Unknown,Unknown,Unknown,Unknown,Unknown,Unknown,Unknown,,Unknown,,Unknown,,Unknown,1.0,0.0,1.0,0.0,1,1,1,1,0,0,0,0,1,0,0,0,0,0,0,0,0,0,0,0,0,0,0,0,0,0,0,0,0,0,0,0,0,0,0,0,0,0,0,0,0,0,0,0,0,0,0,0,0,0,0,0,1,1,1,1,1,1,1,1,1,1,1,1,1,1,1,1,1,1,1,1,1,1,1,1,1,1,1,1,1,1,1,1,1,1,1,1,1,1,1,0,0.18088560122533995
f423f59614d8fee,30270-13407,1,Waymo LLC,5-Day,7.0,2024.0,DEC-2025,SADHW2S18R1,Y,[MAY CONTAIN PERSONALLY IDENTIFIABLE INFORMATION],JAGUAR, ,I-PACE, ,2024.0, ,fb9197179f4171e,Unknown,"5th Generation ADS, Version 10", ,ADS,Verified Engaged,Waymo LLC, , ,Y, , , , , , , , , ,DEC-2025, ,07:48, ,f423f59614d8fee,[MAY CONTAIN PERSONALLY IDENTIFIABLE INFORMATION], ,[MAY CONTAIN PERSONALLY IDENTIFIABLE INFORMATION], ,[MAY CONTAIN PERSONALLY IDENTIFIABLE INFORMATION], ,Los Angeles, ,CA,[MAY CONTAIN PERSONALLY IDENTIFIABLE INFORMATION], ,Street, , ,Y, , , , , , , ,Y, , , , , , , , ,Heavy Truck,Property Damage. No Injured Reported,Proceeding Straight, ,Y, , , , , , , , , ,Stopped,"No Subject Vehicle, No Crash Partner","Yes Subject Vehicle, No Crash Partner",Subject Vehicle - All Belted,0.0, , , , ,Y, , , , , , , , , ,Y, ,Y, , , ,Unknown, ,Yes, ,"On December 15, 2025 at 7:48 AM PT a Waymo Autonomous Vehicle (""Waymo AV"") operating in Los Angeles, California was in a collision involving a heavy truck on Edgehill Drive near W. 30th Street. 
The Waymo AV was traveling southbound on Edgehill Drive when it maneuvered towards the west curb and slowed to a stop to yield to a box truck traveling northbound on Edgehill Drive. As the box truck was passing the Waymo AV, the left side of the box truck made contact with the rear left side of the stationary Waymo AV. At the time of the impact, the Waymo's Level 4 ADS was engaged in autonomous mode. The Waymo AV sustained damage.

Waymo is reporting this crash under Request No. 1 of Standing General Order 2021-01 because a vehicle involved was towed away. Waymo may supplement or correct its reporting with additional information as it may become available.", ,ADS,current,26669.5,Unknown,Unknown,Unknown,Unknown,Unknown,Unknown,Unknown,Unknown,Unknown,Unknown,Unknown,Unknown,Unknown,Unknown,Unknown,Unknown,Unknown,Unknown,Unknown,Unknown,Unknown,Unknown,Unknown,Unknown,Unknown,45.0,Unknown,Unknown,Unknown,Unknown,Unknown,Unknown,Unknown,Unknown,Unknown,,Unknown,,Unknown,,Unknown,0.0,0.0,1.0,0.0,1,1,1,1,0,0,0,0,1,0,0,0,0,0,0,0,0,0,0,0,0,0,0,0,0,0,0,0,0,0,0,0,0,0,0,0,0,0,0,0,0,0,0,0,0,0,0,0,0,0,1,0,1,1,1,1,1,1,1,1,1,1,1,1,1,1,1,1,1,1,1,1,1,1,1,1,1,1,1,1,1,1,1,1,1,1,1,1,1,1,1,0,0.2980547047173998
f52b37f18c501f5,30270-11904,1,Waymo LLC,5-Day,7.0,2024.0,OCT-2025,SADHW2S14R1,Y,,JAGUAR, ,I-PACE, ,2024.0, ,15f97c34d4c692d,Unknown,"5th Generation ADS, Version 10", ,ADS,Verified Engaged,Waymo LLC, , ,Y, , , , , , , , , ,OCT-2025, ,22:40, ,f52b37f18c501f5,[MAY CONTAIN PERSONALLY IDENTIFIABLE INFORMATION], ,[MAY CONTAIN PERSONALLY IDENTIFIABLE INFORMATION], ,[MAY CONTAIN PERSONALLY IDENTIFIABLE INFORMATION], ,San Francisco, ,CA,[MAY CONTAIN PERSONALLY IDENTIFIABLE INFORMATION], ,Street, , ,Y, , , , , ,Y, , , , , , , , , , ,SUV,Property Damage. No Injured Reported,Proceeding Straight, , ,Y, , , , , , , , ,Stopped,"No Subject Vehicle, No Crash Partner","Yes Subject Vehicle, No Crash Partner",Subject Vehicle - Not Belted - see Narrative,0.0, , , , ,Y, , , , , , , , , ,Y, ,Y, , , ,Unknown, ,Yes, ,"On October 15, 2025 at 10:40 PM PT a Waymo Autonomous Vehicle (""Waymo AV"") operating in San Francisco, California was in a collision involving an SUV on Kearny Street near Geary Street. 
The Waymo AV was traveling northbound on Kearny Street in the second to the left lane with its left turn signal activated when it initiated a lane change to the leftmost lane. As the Waymo AV crossed the dashed white lane line, the Waymo AV slowed to a stop, partially in the leftmost lane and partially in the second to the left lane. An SUV that was traveling northbound on Kearny Street in the leftmost lane directly behind the Waymo AV approached the Waymo AV from behind and the front right side of the SUV made contact with the left rear side of the stationary Waymo AV. Two of the four passengers inside the Waymo AV were not belted at the time of impact. At the time of the impact, the Waymo AV's Level 4 ADS was engaged in autonomous mode. Both vehicles sustained damage.

Waymo is reporting this crash under Request No. 1 of Standing General Order 2021-01 because a vehicle involved was towed away. Waymo may supplement or correct its reporting with additional information as it may become available.", ,ADS,current,26669.5,Unknown,Unknown,Unknown,Unknown,Unknown,Unknown,Unknown,Unknown,Unknown,Unknown,Unknown,Unknown,Unknown,Unknown,Unknown,Unknown,Unknown,Unknown,Unknown,Unknown,Unknown,Unknown,Unknown,Unknown,Unknown,45.0,Unknown,Unknown,Unknown,Unknown,Unknown,Unknown,Unknown,Unknown,Unknown,,Unknown,,Unknown,,Unknown,0.0,0.0,1.0,0.0,1,1,1,1,0,0,0,0,1,0,0,0,0,0,0,0,0,0,0,0,0,0,0,0,0,0,0,0,0,0,0,0,0,0,0,0,0,0,0,0,0,0,0,0,0,0,0,0,0,0,1,0,1,1,1,1,1,1,1,1,1,1,1,1,1,1,1,1,1,1,1,1,1,1,1,1,1,1,1,1,1,1,1,1,1,1,1,1,1,1,1,0,0.16094455026027885
f5ef8226f63632b,30270-13063,1,Waymo LLC,5-Day,7.0,2024.0,NOV-2025,SADHW2S13R1,Y,[MAY CONTAIN PERSONALLY IDENTIFIABLE INFORMATION],JAGUAR, ,I-PACE, ,2024.0, ,d9d5dc741b88875,Unknown,"5th Generation ADS, Version 10", ,ADS,Verified Engaged,Waymo LLC, , ,Y, , , , , , , , , ,NOV-2025, ,06:22, ,f5ef8226f63632b,[MAY CONTAIN PERSONALLY IDENTIFIABLE INFORMATION], ,[MAY CONTAIN PERSONALLY IDENTIFIABLE INFORMATION], ,[MAY CONTAIN PERSONALLY IDENTIFIABLE INFORMATION], ,Los Angeles, ,CA,[MAY CONTAIN PERSONALLY IDENTIFIABLE INFORMATION], ,Intersection, , ,Y, , , , , , , ,Y, , , , , , , , ,SUV,Minor W/O Hospitalization,Backing, , , , , , ,Y, , , , ,Stopped,"No Subject Vehicle, No Crash Partner","Yes Subject Vehicle, Yes Crash Partner",Subject Vehicle - All Belted,0.0, , , , , , , , , ,Y, , , , ,Y, ,Y, , , ,Los Angeles Police Department, ,Yes, ,"On November 7, 2025 at 6:22 AM PT a Waymo Autonomous Vehicle (""Waymo AV"") operating in Los Angeles, California was in a collision involving an SUV on W. Martin Luther King Jr. Boulevard at Arlington Avenue.
The Waymo AV was traveling eastbound in the second from the right lane on W. Martin Luther King Jr. Boulevard when an SUV passed the Waymo AV on the left, changed lanes in front of the Waymo AV into the Waymo AV's lane of travel, and came to a stop directly in front of the Waymo AV at the intersection with Arlington Avenue at a green light. The Waymo AV came to a stop to yield to the stopped SUV, and the SUV then reversed and the rear of the SUV made contact with the front of the stationary Waymo AV. The SUV then proceeded forward momentarily, came to a stop, and reversed again into the stationary Waymo AV. At the time of the impact, the Waymo AV's Level 4 ADS was engaged in autonomous mode. Both vehicles sustained damage.

Waymo is reporting this crash under Request No. 1 of Standing General Order 2021-01 because a vehicle involved was towed away. Waymo may supplement or correct its reporting with additional information as it may become available.", ,ADS,current,26669.5,Unknown,Unknown,Unknown,Unknown,Unknown,Unknown,Unknown,Unknown,Unknown,Unknown,Unknown,Unknown,Unknown,Unknown,Unknown,Unknown,Unknown,Unknown,Unknown,Unknown,Unknown,Unknown,Unknown,Unknown,Unknown,45.0,Unknown,Unknown,Unknown,Unknown,Unknown,Unknown,Unknown,Unknown,Unknown,,Unknown,,Unknown,,Unknown,1.0,0.0,1.0,0.0,1,1,1,1,0,0,0,0,1,0,0,0,0,0,0,0,0,0,0,0,0,0,0,0,0,0,0,0,0,0,0,0,0,0,0,0,0,0,0,0,0,0,0,0,0,0,0,0,0,0,0,0,1,1,1,1,1,1,1,1,1,1,1,1,1,1,1,1,1,1,1,1,1,1,1,1,1,1,1,1,1,1,1,1,1,1,1,1,1,1,1,0,0.06339514968727845
f5fd54d443a806a,30270-13575,1,Waymo LLC,5-Day,7.0,2024.0,JAN-2026,SADHW2S18R1,Y,[MAY CONTAIN PERSONALLY IDENTIFIABLE INFORMATION],JAGUAR, ,I-PACE, ,2024.0, ,29ea0e202d4806e,Unknown,"5th Generation ADS, Version 10", ,ADS,Verified Engaged,Waymo LLC, , ,Y, , , , , , , , , ,JAN-2026, ,20:33, ,f5fd54d443a806a,[MAY CONTAIN PERSONALLY IDENTIFIABLE INFORMATION], ,[MAY CONTAIN PERSONALLY IDENTIFIABLE INFORMATION], ,[MAY CONTAIN PERSONALLY IDENTIFIABLE INFORMATION], ,Los Angeles, ,CA,[MAY CONTAIN PERSONALLY IDENTIFIABLE INFORMATION], ,Street, , ,Y, , , , , ,Y, , , , , , , , , , ,Passenger Car,Property Damage. No Injured Reported,Lane / Road Departure, , ,Y, , , , , , , , ,Proceeding Straight,"No Subject Vehicle, No Crash Partner","Yes Subject Vehicle, No Crash Partner",Subject Vehicle - All Belted,4.0, , , , , , ,Y, , , , , , , ,Y, ,Y, , , ,Unknown, ,Yes, ,"On January 6, 2026 at 8:33 PM PT a Waymo Autonomous Vehicle (""Waymo AV"") operating in Los Angeles, California was in a collision involving a passenger car on Sunset Boulevard near Seward Street.
The Waymo AV was traveling eastbound in the right lane on Sunset Boulevard when it began to slow for a queue of traffic for a red traffic light at the intersection with Seward Street. A passenger car traveling northbound on Seward Street proceeded to turn left onto Sunset Boulevard at the intersection. The passenger car executed the turn at a high rate of speed, which resulted in oversteer and a loss of traction. The passenger car traveled across the bidirectional center turn lane and into the Waymo AV's lane of travel and the right side of the passenger car made contact with the front left side of the Waymo AV. At the time of the impact, the Waymo AV's Level 4 ADS was engaged in autonomous mode. All three vehicles sustained damage.

Waymo is reporting this crash under Request No. 1 of Standing General Order 2021-01 because a vehicle involved was towed away. Waymo may supplement or correct its reporting with additional information as it may become available.", ,ADS,current,26669.5,Unknown,Unknown,Unknown,Unknown,Unknown,Unknown,Unknown,Unknown,Unknown,Unknown,Unknown,Unknown,Unknown,Unknown,Unknown,Unknown,Unknown,Unknown,Unknown,Unknown,Unknown,Unknown,Unknown,Unknown,Unknown,45.0,Unknown,Unknown,Unknown,Unknown,Unknown,Unknown,Unknown,Unknown,Unknown,,Unknown,,Unknown,,Unknown,0.0,0.0,1.0,0.0,1,1,1,1,0,0,0,0,1,0,0,0,0,0,0,0,0,0,0,0,0,0,0,0,0,0,0,0,0,0,0,0,0,0,0,0,0,0,0,0,0,0,0,0,0,0,0,0,0,0,1,0,1,1,1,1,1,1,1,1,1,1,1,1,1,1,1,1,1,1,1,1,1,1,1,1,1,1,1,1,1,1,1,1,1,1,1,1,1,1,1,0,0.24097815272899986
f6223253045ded5,30270-13512,1,Waymo LLC,5-Day,7.0,2024.0,JAN-2026,SADHW2S18R1,Y,[MAY CONTAIN PERSONALLY IDENTIFIABLE INFORMATION],JAGUAR, ,I-PACE, ,2024.0, ,6028033716b9247,Unknown,"5th Generation ADS, Version 10", ,ADS,Verified Engaged,Waymo LLC, , ,Y, , , , , , , , , ,DEC-2025, ,12:07, ,f6223253045ded5,[MAY CONTAIN PERSONALLY IDENTIFIABLE INFORMATION], ,[MAY CONTAIN PERSONALLY IDENTIFIABLE INFORMATION], ,[MAY CONTAIN PERSONALLY IDENTIFIABLE INFORMATION], ,Los Angeles, ,CA,[MAY CONTAIN PERSONALLY IDENTIFIABLE INFORMATION], ,Street, , ,Y, , , , , ,Y, , , , , , , , , , ,Heavy Truck,Property Damage. No Injured Reported,Proceeding Straight, ,Y, , , , , , , , , ,Stopped,"No Subject Vehicle, No Crash Partner","Yes Subject Vehicle, No Crash Partner",Subject Vehicle - All Belted,0.0, , , , ,Y, , , , , , , , , ,Y, ,Y, , , ,Unknown, ,Yes, ,"On December 29, 2025 at 12:07 PM PT a Waymo Autonomous Vehicle (""Waymo AV"") operating in Los Angeles, California was in a collision involving a heavy truck on Avocado Street near Hillhurst Avenue. 
The Waymo AV was traveling eastbound on a narrow portion of Avocado Street when it slowed to a stop to yield to a heavy truck that was stopped facing west on Avocado Street. While the Waymo AV was stopped, the heavy truck proceeded to pass to the left of the Waymo AV and the left side of the heavy truck made contact with the rear left side of the stationary Waymo AV. At the time of the impact, the Waymo AV's Level 4 ADS was engaged in autonomous mode. The Waymo AV sustained damage.

Waymo is reporting this crash under Request No. 1 of Standing General Order 2021-01 because a vehicle involved was towed away. Waymo may supplement or correct its reporting with additional information as it may become available.", ,ADS,current,26669.5,Unknown,Unknown,Unknown,Unknown,Unknown,Unknown,Unknown,Unknown,Unknown,Unknown,Unknown,Unknown,Unknown,Unknown,Unknown,Unknown,Unknown,Unknown,Unknown,Unknown,Unknown,Unknown,Unknown,Unknown,Unknown,45.0,Unknown,Unknown,Unknown,Unknown,Unknown,Unknown,Unknown,Unknown,Unknown,,Unknown,,Unknown,,Unknown,0.0,0.0,1.0,0.0,1,1,1,1,0,0,0,0,1,0,0,0,0,0,0,0,0,0,0,0,0,0,0,0,0,0,0,0,0,0,0,0,0,0,0,0,0,0,0,0,0,0,0,0,0,0,0,0,0,0,1,0,1,1,1,1,1,1,1,1,1,1,1,1,1,1,1,1,1,1,1,1,1,1,1,1,1,1,1,1,1,1,1,1,1,1,1,1,1,1,1,0,0.3099832464514498
f6891896f3deeb6,30270-12048,1,Waymo LLC,5-Day,7.0,2024.0,NOV-2025,SADHW2S16R1,Y,[MAY CONTAIN PERSONALLY IDENTIFIABLE INFORMATION],JAGUAR, ,I-PACE, ,2024.0, ,a97d4b2b01ce2b2,Unknown,"5th Generation ADS, Version 10", ,ADS,Verified Engaged,Waymo LLC, , ,Y, , , , , , , , , ,NOV-2025, ,11:43, ,f6891896f3deeb6,[MAY CONTAIN PERSONALLY IDENTIFIABLE INFORMATION], ,[MAY CONTAIN PERSONALLY IDENTIFIABLE INFORMATION], ,[MAY CONTAIN PERSONALLY IDENTIFIABLE INFORMATION], ,Austin, ,TX,[MAY CONTAIN PERSONALLY IDENTIFIABLE INFORMATION], ,Intersection, , ,Y, , , , , ,Y, , , , , , , , , , ,SUV,Minor W/O Hospitalization,Making Left Turn, , , , , ,Y, , , , , ,Proceeding Straight,"No Subject Vehicle, No Crash Partner","Yes Subject Vehicle, No Crash Partner",Subject Vehicle - All Belted,17.0, , ,Y, , , , , , , , , , , ,Y, ,Y, , , ,Austin Police Department, ,Yes, ,"On November 2, 2025 at 11:43 AM CT a Waymo Autonomous Vehicle (""Waymo AV"") operating in Austin, Texas was in a collision involving an SUV on 38 1/2 Street E. at Red River Street. 
The Waymo AV was traveling eastbound in the right lane on 38 1/2 Street E. and proceeding straight at a green light at the intersection with Red River Street. While the Waymo AV was proceeding through the intersection, an SUV that was traveling westbound in the designated left turn lane on 38 1/2 Street E. proceeded to make an unprotected left turn onto southbound Red River Street and crossed into the Waymo AV's lane of travel, and the front left side of the SUV made contact with the left side of the Waymo AV. At the time of the impact, the Waymo AV's Level 4 ADS was engaged in autonomous mode. Both vehicles sustained damage. A passenger in the Waymo AV alleged a minor injury.

Waymo is reporting this crash under Request No. 1 of Standing General Order 2021-01 because a vehicle involved was towed away. Waymo may supplement or correct its reporting with additional information as it may become available.", ,ADS,current,26669.5,Unknown,Unknown,Unknown,Unknown,Unknown,Unknown,Unknown,Unknown,Unknown,Unknown,Unknown,Unknown,Unknown,Unknown,Unknown,Unknown,Unknown,Unknown,Unknown,Unknown,Unknown,Unknown,Unknown,Unknown,Unknown,45.0,Unknown,Unknown,Unknown,Unknown,Unknown,Unknown,Unknown,Unknown,Unknown,,Unknown,,Unknown,,Unknown,1.0,0.0,1.0,0.0,1,1,1,1,0,0,0,0,1,0,0,0,0,0,0,0,0,0,0,0,0,0,0,0,0,0,0,0,0,0,0,0,0,0,0,0,0,0,0,0,0,0,0,0,0,0,0,0,0,0,0,0,1,1,1,1,1,1,1,1,1,1,1,1,1,1,1,1,1,1,1,1,1,1,1,1,1,1,1,1,1,1,1,1,1,1,1,1,1,1,1,0,0.4135214516861623
f91f501cceb2bff,30270-13302,1,Waymo LLC,5-Day,7.0,2024.0,DEC-2025,SADHW2S16R1,Y,[MAY CONTAIN PERSONALLY IDENTIFIABLE INFORMATION],JAGUAR, ,I-PACE, ,2024.0, ,effac9fa5c4915b,Unknown,"5th Generation ADS, Version 10", ,ADS,Verified Engaged,Waymo LLC, , ,Y, , , , , , , , , ,DEC-2025, ,02:14, ,f91f501cceb2bff,[MAY CONTAIN PERSONALLY IDENTIFIABLE INFORMATION], ,[MAY CONTAIN PERSONALLY IDENTIFIABLE INFORMATION], ,[MAY CONTAIN PERSONALLY IDENTIFIABLE INFORMATION], ,Los Angeles, ,CA,[MAY CONTAIN PERSONALLY IDENTIFIABLE INFORMATION], ,Street, , ,Y, , , , , ,Y, , , , , , , , , , ,First Responder Vehicle,Property Damage. No Injured Reported,Making Right Turn, , , , , , , ,Y, , , ,Stopped,"No Subject Vehicle, No Crash Partner","Yes Subject Vehicle, No Crash Partner",Subject Vehicle - All Belted,0.0, ,Y, , , , , , , , , , , , ,Y, ,Y, , , ,Unknown, ,Yes, ,"On December 7, 2025 at 2:14 AM PT a Waymo Autonomous Vehicle (""Waymo AV"") operating in Los Angeles, California was in a collision involving a first responder vehicle on N. Fairfax Avenue at Sunset Boulevard. 
The Waymo AV was stopped facing south in the second from the right lane on N. Fairfax Avenue for a red light at the intersection with Sunset Boulevard. While the Waymo AV was stopped, an active fire truck with sirens activated traveling westbound on Sunset Boulevard proceeded to turn right to travel north in the rightmost southbound lane of N. Fairfax Boulevard, to the right of the Waymo AV. The Waymo AV began to move a short distance to the left to create additional room for the fire truck to pass to the AV's right before coming to a stop to yield to the oncoming fire truck. While the Waymo AV was stopped, the fire truck continued to complete the right turn and the right side of the fire truck made contact with the rear right side of the stationary Waymo AV. At the time of the impact, the Waymo AV's Level 4 ADS was engaged in autonomous mode. The Waymo AV sustained damage.

Waymo is reporting this crash under Request No. 1 of Standing General Order 2021-01 because a vehicle involved was towed away. Waymo may supplement or correct its reporting with additional information as it may become available.", ,ADS,current,26669.5,Unknown,Unknown,Unknown,Unknown,Unknown,Unknown,Unknown,Unknown,Unknown,Unknown,Unknown,Unknown,Unknown,Unknown,Unknown,Unknown,Unknown,Unknown,Unknown,Unknown,Unknown,Unknown,Unknown,Unknown,Unknown,45.0,Unknown,Unknown,Unknown,Unknown,Unknown,Unknown,Unknown,Unknown,Unknown,,Unknown,,Unknown,,Unknown,0.0,0.0,1.0,0.0,1,1,1,1,0,0,0,0,1,0,0,0,0,0,0,0,0,0,0,0,0,0,0,0,0,0,0,0,0,0,0,0,0,0,0,0,0,0,0,0,0,0,0,0,0,0,0,0,0,0,1,0,1,1,1,1,1,1,1,1,1,1,1,1,1,1,1,1,1,1,1,1,1,1,1,1,1,1,1,1,1,1,1,1,1,1,1,1,1,1,1,0,0.1066741474478273
f954a67865eecaa,30270-11490,1,Waymo LLC,5-Day,7.0,2024.0,AUG-2025,SADHW2S13M1,Y,,JAGUAR, ,I-PACE, ,2021.0, ,69f9ac55561d6ff,Unknown,"5th Generation ADS, Version 10", ,ADS,Verified Engaged,Waymo LLC, , ,Y, , , , , , , , , ,AUG-2025, ,11:43, ,f954a67865eecaa,[MAY CONTAIN PERSONALLY IDENTIFIABLE INFORMATION], ,[MAY CONTAIN PERSONALLY IDENTIFIABLE INFORMATION], ,, ,San Francisco, ,CA,Unknown, ,Street, , ,Y, , , , , ,Y, , , , , , , , , , ,Passenger Car,Property Damage. No Injured Reported,Proceeding Straight, , ,Y, , , , , , , , ,Parked,"No Subject Vehicle, No Crash Partner","Yes Subject Vehicle, No Crash Partner",Subject Vehicle - No Passenger In Vehicle,0.0, , , , ,Y, , , , , , , , , ,Y, ,Y, , , ,Unknown, ,Yes, ,"On August [XXX], 2025 at 11:43 AM PT a Waymo Autonomous Vehicle (""Waymo AV"") operating in San Francisco, California was in a collision involving a passenger car on [XXX] near [XXX]. 
The Waymo AV was parked in the right lane facing north on [XXX] for a passenger drop-off with hazard lights activated and the trunk open. After the passengers exited the Waymo AV, a passenger car that was stopped directly behind the parked Waymo AV began to change lanes to the left lane. As the passenger car crossed the lane line, the front right side of a pickup truck that was traveling northbound in the second to the right lane made contact with the left side of the passenger car, causing the front right side of the passenger car to then make contact with the rear left side of the stationary Waymo AV. At the time of the impact, the Waymo AV's Level 4 ADS was engaged in autonomous mode. The Waymo AV, passenger car, and pickup truck sustained damage.
Waymo is reporting this crash under Request No. 1 of Standing General Order 2021-01 because a vehicle involved was towed away. Waymo may supplement or correct its reporting with additional information as it may become available.", ,ADS,current,26669.5,Unknown,Unknown,Unknown,Unknown,Unknown,Unknown,Unknown,Unknown,Unknown,Unknown,Unknown,Unknown,Unknown,Unknown,Unknown,Unknown,Unknown,Unknown,Unknown,Unknown,Unknown,Unknown,Unknown,Unknown,Unknown,45.0,Unknown,Unknown,Unknown,Unknown,Unknown,Unknown,Unknown,Unknown,Unknown,,Unknown,,Unknown,,Unknown,0.0,0.0,1.0,0.0,1,1,1,1,0,0,0,0,1,0,0,0,0,0,0,0,0,0,0,0,0,0,0,0,1,0,0,0,0,0,0,0,0,0,0,0,0,0,0,0,0,0,0,0,0,0,0,0,0,0,1,0,1,1,1,1,1,1,1,1,1,1,1,1,1,1,1,1,1,1,1,1,1,1,1,1,1,1,1,1,1,1,1,1,1,1,1,1,1,1,1,0,0.2638924038534716
fb4ea910520b2d9,30270-11238,1,Waymo LLC,5-Day,7.0,2024.0,JUL-2025,SADHW2S14R1,Y,,JAGUAR, ,I-PACE, ,2024.0, ,fc430eff53d2ba1,Unknown,"5th Generation ADS, Version 10", ,ADS,Verified Engaged,Waymo LLC, , ,Y, , , , , , , , , ,JUN-2025, ,22:56, ,fb4ea910520b2d9,[MAY CONTAIN PERSONALLY IDENTIFIABLE INFORMATION], ,[MAY CONTAIN PERSONALLY IDENTIFIABLE INFORMATION], ,, ,Austin, ,TX,Unknown, ,Intersection, , ,Y, , , , , ,Y, , , , , , , , , , ,Passenger Car,Property Damage. No Injured Reported,Changing Lanes, , , , , ,Y, , , , , ,Stopped,"No Subject Vehicle, No Crash Partner","Yes Subject Vehicle, No Crash Partner",Subject Vehicle - No Passenger In Vehicle,0.0, ,Y, , , , , , , , , , , , ,Y, ,Y, , , ,Unknown, ,Yes, ,"On June [XXX], 2025 at 10:56 PM CT a Waymo Autonomous Vehicle (""Waymo AV"") operating in Austin, Texas was in a collision involving a passenger car on [XXX] at [XXX]. 
The Waymo AV was stopped facing northbound on [XXX] in the left lane at a red light at the intersection with [XXX]. A passenger car approached the Waymo AV from behind and began to change lanes to the right of the Waymo AV, and the front driver side of the passenger car made contact with the rear passenger side of the stationary Waymo AV. At the time of the impact, the Waymo AV's Level 4 ADS was engaged in autonomous mode. Both vehicles sustained damage.
Waymo is reporting this crash under Request No. 1 of Standing General Order 2021-01 because a vehicle involved was towed away. Waymo may supplement or correct its reporting with additional information as it may become available.", ,ADS,current,26669.5,Unknown,Unknown,Unknown,Unknown,Unknown,Unknown,Unknown,Unknown,Unknown,Unknown,Unknown,Unknown,Unknown,Unknown,Unknown,Unknown,Unknown,Unknown,Unknown,Unknown,Unknown,Unknown,Unknown,Unknown,Unknown,45.0,Unknown,Unknown,Unknown,Unknown,Unknown,Unknown,Unknown,Unknown,Unknown,,Unknown,,Unknown,,Unknown,0.0,0.0,1.0,0.0,1,1,1,1,0,0,0,0,1,0,0,0,0,0,0,0,0,0,0,0,0,0,0,0,1,0,0,0,0,0,0,0,0,0,0,0,0,0,0,0,0,0,0,0,0,0,0,0,0,0,1,0,1,1,1,1,1,1,1,1,1,1,1,1,1,1,1,1,1,1,1,1,1,1,1,1,1,1,1,1,1,1,1,1,1,1,1,1,1,1,1,0,0.1232595299336534
fc6ff844b94f122,30610-13662,1,"Zoox, Inc.",5-Day,7.0,2024.0,JAN-2026,7Z00XVHX8TC,Y,[MAY CONTAIN PERSONALLY IDENTIFIABLE INFORMATION],ZOOX, ,Zoox, ,2026.0, ,4e79e773a751fc2,Unknown,B433.26.01.10, ,ADS,Verified Engaged,Zoox, , , , ,Y,Y, , , , , , ,JAN-2026, ,13:51, ,fc6ff844b94f122,[MAY CONTAIN PERSONALLY IDENTIFIABLE INFORMATION], ,[MAY CONTAIN PERSONALLY IDENTIFIABLE INFORMATION], ,[MAY CONTAIN PERSONALLY IDENTIFIABLE INFORMATION], ,San Francisco, ,CA,[MAY CONTAIN PERSONALLY IDENTIFIABLE INFORMATION], ,Street, , ,Y, , , , , ,Y, , , , , , , , , , ,Heavy Truck,Property Damage. No Injured Reported,Backing, , , ,Y, , ,Y, , , , ,Stopped,"No Subject Vehicle, No Crash Partner","Yes Subject Vehicle, No Crash Partner",Subject Vehicle - No Passenger In Vehicle,0.0, , , ,Y, , , , , ,Y, , , , ,Y, ,Y, , , ,Unknown, ,Yes, ,"An unoccupied Zoox autonomous vehicle (Vehicle 1) was traveling east on Alameda Street near Bryant Street in San Francisco. It began to slow down for a stopped box truck (Vehicle 2) in the same lane, which had an open liftgate. As the Zoox vehicle was preparing to maneuver around, Vehicle 2 began to reverse. The Zoox vehicle came to a stop however, Vehicle 2 continued reversing. The Zoox vehicle honked, but Vehicle 2's open liftgate made contact with the right front fender and front fascia of the Zoox vehicle. The Zoox vehicle was towed from the scene and was found to have sustained minor damage. The police were notified, and no injuries were reported.", ,ADS,current,26669.5,Unknown,Unknown,Unknown,Unknown,Unknown,Unknown,Unknown,Unknown,Unknown,Unknown,Unknown,Unknown,Unknown,Unknown,Unknown,Unknown,Unknown,Unknown,Unknown,Unknown,Unknown,Unknown,Unknown,Unknown,Unknown,45.0,Unknown,Unknown,Unknown,Unknown,Unknown,Unknown,Unknown,Unknown,Unknown,,Unknown,,Unknown,,Unknown,0.0,0.0,1.0,0.0,1,1,1,1,0,0,0,0,1,0,0,0,0,0,0,0,0,0,0,0,0,0,0,0,0,0,0,0,0,0,0,0,0,0,0,0,0,0,0,0,0,0,0,0,0,0,0,0,0,0,1,0,1,1,1,1,1,1,1,1,1,1,1,1,1,1,1,1,1,1,1,1,1,1,1,1,1,1,1,1,1,1,1,1,1,1,1,1,1,1,1,0,0.12715713074804638
fc7eec2d8b4d9a8,30270-13443,1,Waymo LLC,5-Day,7.0,2024.0,DEC-2025,SADHW2S10R1,Y,[MAY CONTAIN PERSONALLY IDENTIFIABLE INFORMATION],JAGUAR, ,I-PACE, ,2024.0, ,b457904576cc173,Unknown,"5th Generation ADS, Version 10", ,ADS,Verified Engaged,Waymo LLC, , ,Y, , , , , , , , , ,DEC-2025, ,08:39, ,fc7eec2d8b4d9a8,[MAY CONTAIN PERSONALLY IDENTIFIABLE INFORMATION], ,[MAY CONTAIN PERSONALLY IDENTIFIABLE INFORMATION], ,[MAY CONTAIN PERSONALLY IDENTIFIABLE INFORMATION], ,Los Angeles, ,CA,[MAY CONTAIN PERSONALLY IDENTIFIABLE INFORMATION], ,Street,Y, , , , , , , ,Y, , , , , , , , , , ,Other Fixed Object,Property Damage. No Injured Reported,Unknown,Unknown,Unknown,Unknown,Unknown,Unknown,Unknown,Unknown,Unknown,Unknown,Unknown,Unknown,Proceeding Straight,"No Subject Vehicle, No Crash Partner","Yes Subject Vehicle, No Crash Partner",Subject Vehicle - Not Belted - see Narrative,10.0, , , , , , , , , , ,Y, , , ,Y, ,Y, , , ,Unknown, ,Yes, ,"On December 19, 2025 at 8:39 AM PT a Waymo Autonomous Vehicle (""Waymo AV"") operating in Los Angeles, California was in a collision with the pavement on Edgewood Place near S. Rimpau Boulevard. 
The Waymo AV was traveling westbound on Edgewood Place when the Waymo AV's undercarriage made contact with the pavement. At the time of the impact, the Waymo AV's Level 4 ADS was engaged in autonomous mode. The Waymo AV sustained damage. The passenger in the Waymo AV was not belted at the time of the collision.

Waymo is reporting this crash under Request No. 1 of Standing General Order 2021-01 because a vehicle involved was towed away. Waymo may supplement or correct its reporting with additional information as it may become available.", ,ADS,current,26669.5,Unknown,Unknown,Unknown,Unknown,Unknown,Unknown,Unknown,Unknown,Unknown,Unknown,Unknown,Unknown,Unknown,Unknown,Unknown,Unknown,Unknown,Unknown,Unknown,Unknown,Unknown,Unknown,Unknown,Unknown,Unknown,45.0,Unknown,Unknown,Unknown,Unknown,Unknown,Unknown,Unknown,Unknown,Unknown,,Unknown,,Unknown,,Unknown,0.0,0.0,1.0,0.0,1,1,1,1,0,0,0,0,1,0,0,0,0,0,0,0,0,0,0,0,0,0,0,0,0,0,0,0,0,0,0,0,0,0,0,0,0,1,1,1,1,1,1,1,1,1,1,1,1,0,1,0,1,1,1,1,1,1,1,1,1,1,1,1,1,1,1,1,1,1,1,1,1,1,1,1,1,1,1,1,1,1,1,1,1,1,1,1,1,1,1,0,0.3990880688739725
fd409bce4522b88,30270-11888,1,Waymo LLC,5-Day,7.0,2024.0,OCT-2025,SADHW2S13R1,Y,,JAGUAR, ,I-PACE, ,2024.0, ,81434ec56940a2a,Unknown,"5th Generation ADS, Version 10", ,ADS,Verified Engaged,Waymo LLC, , ,Y, , , , , , , , , ,OCT-2025, ,12:07, ,fd409bce4522b88,[MAY CONTAIN PERSONALLY IDENTIFIABLE INFORMATION], ,[MAY CONTAIN PERSONALLY IDENTIFIABLE INFORMATION], ,[MAY CONTAIN PERSONALLY IDENTIFIABLE INFORMATION], ,Redwood City, ,CA,[MAY CONTAIN PERSONALLY IDENTIFIABLE INFORMATION], ,Parking Lot, , ,Y, , , , , ,Y, , , , , , , , , , ,Other Fixed Object,Property Damage. No Injured Reported,Unknown,Unknown,Unknown,Unknown,Unknown,Unknown,Unknown,Unknown,Unknown,Unknown,Unknown,Unknown,Proceeding Straight,"No Subject Vehicle, No Crash Partner","Yes Subject Vehicle, No Crash Partner",Subject Vehicle - No Passenger In Vehicle,5.0, , , , , , , , , , ,Y, , , ,Y, ,Y, , , ,Redwood City Police Department, ,Yes, ,"On October 12, 2025 at 12:07 PM PT a Waymo Autonomous Vehicle (""Waymo AV"") operating in Redwood City, California was in a collision involving a curb and later a speed bump in a parking lot at 1455 Madison Avenue.
The Waymo AV was traveling northeastbound on Vera Avenue in the parking lot at 1455 Madison Avenue when it initiated a U-turn over a curb partitioning parking stalls. While proceeding over the dividing curb, the undercarriage of the Waymo AV made contact with the curb and the left side rail trim of the Waymo AV partially detached. After the Waymo AV completed the U-turn, the Waymo AV traveled southwestbound on Vera Avenue, turned right onto northwestbound Saint Francis Street, and parked for a passenger pick-up. After remaining stopped for approximately five minutes, the passenger pick-up was cancelled and the Waymo AV traveled northwestbound on Saint Francis Street for a short distance and then proceeded over a rubber speed bump. As the Waymo AV traveled over the rubber speed bump, the partially detached left side rail trim of the Waymo AV caught on the rubber speed bump. At the time of the impact, the Waymo AV's Level 4 ADS was engaged in autonomous mode. The Waymo AV and the speed bump sustained damage.

Waymo is reporting this crash under Request No. 1 of Standing General Order 2021-01 because a vehicle involved was towed away. Waymo may supplement or correct its reporting with additional information as it may become available.", ,ADS,current,26669.5,Unknown,Unknown,Unknown,Unknown,Unknown,Unknown,Unknown,Unknown,Unknown,Unknown,Unknown,Unknown,Unknown,Unknown,Unknown,Unknown,Unknown,Unknown,Unknown,Unknown,Unknown,Unknown,Unknown,Unknown,Unknown,45.0,Unknown,Unknown,Unknown,Unknown,Unknown,Unknown,Unknown,Unknown,Unknown,,Unknown,,Unknown,,Unknown,0.0,0.0,1.0,0.0,1,1,1,1,0,0,0,0,1,0,0,0,0,0,0,0,0,0,0,0,0,0,0,0,0,0,0,0,0,0,0,0,0,0,0,0,0,1,1,1,1,1,1,1,1,1,1,1,1,0,0,0,1,1,1,1,1,1,1,1,1,1,1,1,1,1,1,1,1,1,1,1,1,1,1,1,1,1,1,1,1,1,1,1,1,1,1,1,1,1,1,0,0.43007296881848234
fd92b0f3985c4b4,30270-13197,1,Waymo LLC,5-Day,7.0,2024.0,NOV-2025,SADHW2S13R1,Y,[MAY CONTAIN PERSONALLY IDENTIFIABLE INFORMATION],JAGUAR, ,I-PACE, ,2024.0, ,ffa7f9ea6625ecf,Unknown,"5th Generation ADS, Version 10", ,ADS,Verified Engaged,Waymo LLC, , ,Y, , , , , , , , , ,NOV-2025, ,00:14, ,fd92b0f3985c4b4,[MAY CONTAIN PERSONALLY IDENTIFIABLE INFORMATION], ,[MAY CONTAIN PERSONALLY IDENTIFIABLE INFORMATION], ,[MAY CONTAIN PERSONALLY IDENTIFIABLE INFORMATION], ,Los Angeles, ,CA,[MAY CONTAIN PERSONALLY IDENTIFIABLE INFORMATION], ,Street, , ,Y, , , , , ,Y, , , , , , , , , , ,Passenger Car,Property Damage. No Injured Reported,Proceeding Straight, , , , , , , , ,Y, , ,Stopped,"No Subject Vehicle, No Crash Partner","Yes Subject Vehicle, No Crash Partner",Subject Vehicle - All Belted,0.0, , , , , , , ,Y, , , , , , ,Y, ,Y, , , ,Unknown, ,Yes, ,"On November 23, 2025 at 12:14 AM PT a Waymo Autonomous Vehicle (""Waymo AV"") operating in Los Angeles, California was in a collision involving a passenger car on Sunset Boulevard at N. Coronado Street. 
The Waymo AV was traveling northwestbound in the third to the right lane on Sunset Boulevard when it came to a stop in a queue of traffic for a red light at the intersection with N. Coronado Street. While the Waymo AV was stopped, a passenger car traveling northwestbound in the third to the right lane on Sunset Boulevard approached the Waymo AV from behind and the front of the passenger car made contact with the rear of the stationary Waymo AV. At the time of the impact, the Waymo AV's Level 4 ADS was engaged in autonomous mode. Both vehicles sustained damage.

Waymo is reporting this crash under Request No. 1 of Standing General Order 2021-01 because a vehicle involved was towed away. Waymo may supplement or correct its reporting with additional information as it may become available.", ,ADS,current,26669.5,Unknown,Unknown,Unknown,Unknown,Unknown,Unknown,Unknown,Unknown,Unknown,Unknown,Unknown,Unknown,Unknown,Unknown,Unknown,Unknown,Unknown,Unknown,Unknown,Unknown,Unknown,Unknown,Unknown,Unknown,Unknown,45.0,Unknown,Unknown,Unknown,Unknown,Unknown,Unknown,Unknown,Unknown,Unknown,,Unknown,,Unknown,,Unknown,0.0,0.0,1.0,0.0,1,1,1,1,0,0,0,0,1,0,0,0,0,0,0,0,0,0,0,0,0,0,0,0,0,0,0,0,0,0,0,0,0,0,0,0,0,0,0,0,0,0,0,0,0,0,0,0,0,0,1,0,1,1,1,1,1,1,1,1,1,1,1,1,1,1,1,1,1,1,1,1,1,1,1,1,1,1,1,1,1,1,1,1,1,1,1,1,1,1,1,0,0.19381256776994382
fe1703e2c778a2a,30270-11302,1,Waymo LLC,5-Day,7.0,2024.0,JUL-2025,SADHW2S10R1,Y,,JAGUAR, ,I-PACE, ,2024.0, ,cc45bd074443153,Unknown,"5th Generation ADS, Version 10", ,ADS,Verified Engaged,Waymo LLC, , ,Y, , , , , , , , , ,JUL-2025, ,13:15, ,fe1703e2c778a2a,[MAY CONTAIN PERSONALLY IDENTIFIABLE INFORMATION], ,[MAY CONTAIN PERSONALLY IDENTIFIABLE INFORMATION], ,, ,Unknown, ,Unknown,Unknown, ,Intersection, , ,Y, , , , , ,Y, , , , , , , , , , ,Passenger Car,Property Damage. No Injured Reported,Making Left Turn, , , , , , , , ,Y, , ,Making Left Turn,"No Subject Vehicle, No Crash Partner","Yes Subject Vehicle, No Crash Partner",Subject Vehicle - All Belted,11.0, , , , ,Y, , , , , , , , , ,Y, ,Y, , , ,Unknown, ,Yes, ,"On July [XXX], 2025 at 1:15 PM PT a Waymo Autonomous Vehicle (""Waymo AV"") operating in Los Angeles, California was in a collision involving a passenger car on [XXX] at [XXX]. 
The Waymo AV was traveling northbound in the left turn lane on [XXX] when it proceeded to make a protected left turn at the intersection with [XXX]. As the Waymo AV was completing its turn onto the leftmost lane on westbound [XXX], a passenger car that was also making a left turn from northbound [XXX] approached the Waymo AV from behind and the front of the passenger car made contact with the rear driver side of the Waymo AV. At the time of the impact, the Waymo AV's Level 4 ADS was engaged in autonomous mode. Both vehicles sustained damage.
Waymo is reporting this crash under Request No. 1 of Standing General Order 2021-01 because a vehicle involved was towed away. Waymo may supplement or correct its reporting with additional information as it may become available.", ,ADS,current,26669.5,Unknown,Unknown,Unknown,Unknown,Unknown,Unknown,Unknown,Unknown,Unknown,Unknown,Unknown,Unknown,Unknown,Unknown,Unknown,Unknown,Unknown,Unknown,Unknown,Unknown,Unknown,Unknown,Unknown,Unknown,Unknown,45.0,Unknown,Unknown,Unknown,Unknown,Unknown,Unknown,Unknown,Unknown,Unknown,,Unknown,,Unknown,,Unknown,0.0,0.0,1.0,0.0,1,1,1,1,0,0,0,0,1,0,0,0,0,0,0,0,0,0,0,0,0,0,1,1,1,0,0,0,0,0,0,0,0,0,0,0,0,0,0,0,0,0,0,0,0,0,0,0,0,0,1,0,1,1,1,1,1,1,1,1,1,1,1,1,1,1,1,1,1,1,1,1,1,1,1,1,1,1,1,1,1,1,1,1,1,1,1,1,1,1,1,0,0.42987308675617747
fe2407fd3ee875d,30270-13300,1,Waymo LLC,5-Day,7.0,2024.0,DEC-2025,SADHW2S11R1,Y,[MAY CONTAIN PERSONALLY IDENTIFIABLE INFORMATION],JAGUAR, ,I-PACE, ,2024.0, ,fd959912b62761c,Unknown,"5th Generation ADS, Version 10", ,ADS,Verified Engaged,Waymo LLC, , ,Y, , , , , , , , , ,DEC-2025, ,06:38, ,fe2407fd3ee875d,[MAY CONTAIN PERSONALLY IDENTIFIABLE INFORMATION], ,[MAY CONTAIN PERSONALLY IDENTIFIABLE INFORMATION], ,[MAY CONTAIN PERSONALLY IDENTIFIABLE INFORMATION], ,San Francisco, ,CA,[MAY CONTAIN PERSONALLY IDENTIFIABLE INFORMATION], ,Street, , ,Y, , , , , ,Y, , , , , , , , , , ,Heavy Truck,Property Damage. No Injured Reported,Proceeding Straight, , , , , , , ,Y, , , ,Stopped,"No Subject Vehicle, No Crash Partner","Yes Subject Vehicle, No Crash Partner",Subject Vehicle - No Passenger In Vehicle,0.0, , ,Y, , , , , , , , , , , ,Y, ,Y, , , ,Unknown, ,Yes, ,"On December 4, 2025 at 6:38 AM PT a Waymo Autonomous Vehicle (""Waymo AV"") operating in San Francisco, California was in a collision involving a heavy truck on 6th Street at Brannan Street. 
The Waymo AV was traveling southeastbound in the designated right turn lane on 6th Street with its right turn signal activated in preparation for a right turn onto Brannan Street. As the Waymo AV approached the intersection with Brannan Street, it slowed to a stop to yield to a heavy truck with an oversized trailer that was traveling southeastbound in the second from the right lane and partially in the designated right turn lane in close proximity to the Waymo AV. While the Waymo AV was stopped, the heavy truck continued to proceed forward and the right side of the heavy truck trailer made contact with the left side of the stationary Waymo AV. At the time of the impact, the Waymo AV's Level 4 ADS was engaged in autonomous mode. The Waymo AV sustained damage.

Waymo is reporting this crash under Request No. 1 of Standing General Order 2021-01 because a vehicle involved was towed away. Waymo may supplement or correct its reporting with additional information as it may become available.", ,ADS,current,26669.5,Unknown,Unknown,Unknown,Unknown,Unknown,Unknown,Unknown,Unknown,Unknown,Unknown,Unknown,Unknown,Unknown,Unknown,Unknown,Unknown,Unknown,Unknown,Unknown,Unknown,Unknown,Unknown,Unknown,Unknown,Unknown,45.0,Unknown,Unknown,Unknown,Unknown,Unknown,Unknown,Unknown,Unknown,Unknown,,Unknown,,Unknown,,Unknown,0.0,0.0,1.0,0.0,1,1,1,1,0,0,0,0,1,0,0,0,0,0,0,0,0,0,0,0,0,0,0,0,0,0,0,0,0,0,0,0,0,0,0,0,0,0,0,0,0,0,0,0,0,0,0,0,0,0,1,0,1,1,1,1,1,1,1,1,1,1,1,1,1,1,1,1,1,1,1,1,1,1,1,1,1,1,1,1,1,1,1,1,1,1,1,1,1,1,1,0,0.3099832464514498
fea63b8a53ec793,30270-13488,1,Waymo LLC,5-Day,7.0,2024.0,DEC-2025,SADHW2S19R1,Y,[MAY CONTAIN PERSONALLY IDENTIFIABLE INFORMATION],JAGUAR, ,I-PACE, ,2024.0, ,5f284195450f5d1,Unknown,"5th Generation ADS, Version 10", ,ADS,Verified Engaged,Waymo LLC, , ,Y, , , , , , , , , ,DEC-2025, ,22:24, ,fea63b8a53ec793,[MAY CONTAIN PERSONALLY IDENTIFIABLE INFORMATION], ,[MAY CONTAIN PERSONALLY IDENTIFIABLE INFORMATION], ,[MAY CONTAIN PERSONALLY IDENTIFIABLE INFORMATION], ,Atlanta, ,GA,[MAY CONTAIN PERSONALLY IDENTIFIABLE INFORMATION], ,Street, , ,Y, , , , , ,Y, , , , , , , , , , ,Passenger Car,Minor W/ Hospitalization,Proceeding Straight, , , , , , , , ,Y, , ,Proceeding Straight,"No Subject Vehicle, No Crash Partner","Yes Subject Vehicle, No Crash Partner",Subject Vehicle - All Belted,22.0, , , , , , , , ,Y, , , , , ,Y, ,Y, , , ,Atlanta Police Department, ,Yes, ,"On December 25, 2025 at 10:24 PM ET a Waymo Autonomous Vehicle (""Waymo AV"") operating in Atlanta, Georgia was in a collision involving a passenger car on 16th Street NW at Fowler Street NW.
The Waymo AV was traveling eastbound in the right lane on 16th Street NW when a passenger car that was initially stopped facing north on Fowler Street NW, to the right and in front of the Waymo AV, proceeded forward into the intersection at 16th Street NW. As the passenger car entered the intersection  the front of the passenger car made contact with the right side of the Waymo AV. At the time of the impact, the Waymo AV's Level 4 ADS was engaged in autonomous mode. Both vehicles sustained damage. The passengers of the Waymo AV were transported to a hospital by an ambulance with unknown injuries.

Waymo is reporting this crash under Request No. 1 of Standing General Order 2021-01 because an individual involved was transported from the scene to a hospital for medical treatment and because a vehicle involved was towed away. Waymo may supplement or correct its reporting with additional information as it may become available.", ,ADS,current,26669.5,Unknown,Unknown,Unknown,Unknown,Unknown,Unknown,Unknown,Unknown,Unknown,Unknown,Unknown,Unknown,Unknown,Unknown,Unknown,Unknown,Unknown,Unknown,Unknown,Unknown,Unknown,Unknown,Unknown,Unknown,Unknown,45.0,Unknown,Unknown,Unknown,Unknown,Unknown,Unknown,Unknown,Unknown,Unknown,,Unknown,,Unknown,,Unknown,1.0,0.0,1.0,0.0,1,1,1,1,0,0,0,0,1,0,0,0,0,0,0,0,0,0,0,0,0,0,0,0,0,0,0,0,0,0,0,0,0,0,0,0,0,0,0,0,0,0,0,0,0,0,0,0,0,0,0,0,1,1,1,1,1,1,1,1,1,1,1,1,1,1,1,1,1,1,1,1,1,1,1,1,1,1,1,1,1,1,1,1,1,1,1,1,1,1,1,0,0.44249703340549323
